time,open,high,low,close,MA,MA
2006-10-17,0.57,1.052,0.57,0.863,,
2006-10-18,0.78,0.82,0.78,0.819,,
2006-10-19,0.616,0.86,0.616,0.786,,
2006-10-20,0.653,0.891,0.575,0.801,,
2006-10-23,0.653,0.902,0.056,0.796,0.8130000000000001,
2006-10-24,0.653,0.971,0.056,0.971,0.8346,
2006-10-25,0.697,0.769,0.595,0.768,0.8244,
2006-10-26,0.651,0.867,0.628,0.725,0.8122,
2006-10-27,0.85,0.939,0.718,0.939,0.8398,
2006-10-30,0.897,0.897,0.802,0.823,0.8452,0.8291000000000001
2006-10-31,0.636,0.859,0.582,0.856,0.8221999999999999,0.8284
2006-11-01,0.715,0.899,0.587,0.899,0.8484,0.8364
2006-11-02,0.715,1.057,0.046,0.927,0.8888,0.8505
2006-11-03,0.92,1.133,0.045,0.906,0.8821999999999999,0.861
2006-11-06,0.533,0.774,0.385,0.742,0.866,0.8556000000000001
2006-11-07,0.533,0.789,0.052,0.722,0.8392,0.8307
2006-11-08,0.533,0.843,0.017,0.765,0.8124,0.8304
2006-11-09,0.533,0.895,0.017,0.855,0.798,0.8434000000000001
2006-11-13,0.533,0.768,0.011,0.645,0.7458,0.8140000000000001
2006-11-14,0.533,0.782,0.011,0.72,0.7414000000000001,0.8037000000000001
2006-11-15,0.533,1.612,0.011,0.704,0.7378,0.7885
2006-11-16,0.667,0.774,0.278,0.716,0.728,0.7702
2006-11-17,0.667,0.964,0.056,0.527,0.6624000000000001,0.7302000000000001
2006-11-20,0.667,0.964,0.026,0.784,0.6902,0.718
2006-11-21,0.667,1.234,0.026,0.942,0.7346,0.738
2006-11-22,0.667,0.942,0.026,0.818,0.7574,0.7476
2006-11-24,0.667,1.042,0.026,0.969,0.808,0.768
2006-11-27,0.56,1.107,0.56,1.105,0.9236000000000001,0.793
2006-11-28,0.767,1.045,0.667,0.684,0.9036,0.7969
2006-11-29,0.744,0.878,0.634,0.697,0.8545999999999999,0.7946000000000001
2006-11-30,0.672,0.77,0.511,0.77,0.845,0.8012
2006-12-01,0.508,0.975,0.481,0.974,0.8459999999999999,0.827
2006-12-04,0.867,0.867,0.67,0.774,0.7797999999999999,0.8517000000000001
2006-12-05,0.57,0.724,0.51,0.567,0.7564,0.8300000000000001
2006-12-06,0.546,0.777,0.471,0.776,0.7722,0.8134
2006-12-07,0.614,0.871,0.591,0.87,0.7921999999999999,0.8186
2006-12-08,0.425,0.815,0.411,0.799,0.7571999999999999,0.8016
2006-12-11,0.531,0.76,0.531,0.571,0.7165999999999999,0.7482
2006-12-12,0.654,0.807,0.631,0.766,0.7564,0.7564
2006-12-13,0.722,0.798,0.585,0.73,0.7472,0.7596999999999999
2006-12-14,0.782,0.863,0.442,0.447,0.6626,0.7274
2006-12-15,0.635,0.724,0.578,0.707,0.6441999999999999,0.7007000000000001
2006-12-18,0.66,0.969,0.629,0.892,0.7083999999999999,0.7125
2006-12-19,0.907,1.087,0.753,1.078,0.7707999999999998,0.7636000000000001
2006-12-20,1.305,1.305,0.573,0.651,0.7549999999999999,0.7511
2006-12-21,0.804,0.811,0.464,0.467,0.7589999999999998,0.7108000000000001
2006-12-22,0.715,1.093,0.715,1.004,0.8183999999999998,0.7313000000000001
2006-12-26,0.457,0.849,0.436,0.664,0.7727999999999999,0.7406
2006-12-27,0.707,0.918,0.676,0.916,0.7404,0.7556
2006-12-28,0.742,1.027,0.722,1,0.8102,0.7826000000000001
2006-12-29,0.669,0.964,0.39,0.416,0.8,0.7795
2007-01-03,0.692,0.881,0.692,0.878,0.7748,0.7966
2007-01-04,0.646,1.009,0.646,0.923,0.8266,0.7997000000000001
2007-01-05,0.646,0.848,0.318,0.329,0.7092,0.7248
2007-01-08,0.45,0.82,0.45,0.817,0.6726,0.7413999999999998
2007-01-09,0.739,1.031,0.679,0.865,0.7624000000000001,0.7811999999999999
2007-01-10,0.654,0.928,0.654,0.862,0.7592000000000001,0.7669999999999999
2007-01-11,0.661,0.726,0.605,0.64,0.7026000000000001,0.7646
2007-01-12,0.657,0.698,0.638,0.698,0.7764,0.7427999999999998
2007-01-16,0.662,0.86,0.604,0.633,0.7396,0.7060999999999998
2007-01-17,1.224,1.702,0.724,0.772,0.721,0.7416999999999998
2007-01-18,0.727,0.986,0.673,0.811,0.7108000000000001,0.7349999999999998
2007-01-19,0.768,0.901,0.711,0.753,0.7334,0.7179999999999999
2007-01-22,0.654,0.937,0.619,0.906,0.775,0.7756999999999998
2007-01-23,0.79,0.901,0.699,0.841,0.8166,0.7780999999999999
2007-01-24,0.732,0.858,0.631,0.779,0.8180000000000002,0.7694999999999999
2007-01-25,0.713,1.061,0.676,1.042,0.8642000000000001,0.7874999999999999
2007-01-26,0.814,0.867,0.685,0.802,0.8740000000000002,0.8036999999999999
2007-01-29,0.647,0.907,0.638,0.817,0.8562000000000001,0.8155999999999999
2007-01-30,0.8,0.862,0.711,0.83,0.8540000000000003,0.8352999999999998
2007-01-31,0.658,0.729,0.591,0.679,0.8340000000000002,0.826
2007-02-01,0.658,0.849,0.591,0.839,0.7934000000000002,0.8287999999999999
2007-02-02,0.58,0.942,0.58,0.938,0.8206000000000001,0.8472999999999999
2007-02-05,0.583,0.996,0.583,0.792,0.8156000000000002,0.8358999999999999
2007-02-06,0.603,0.859,0.575,0.797,0.8090000000000002,0.8314999999999999
2007-02-07,0.731,0.827,0.561,0.827,0.8386000000000001,0.8362999999999999
2007-02-08,0.731,0.944,0.553,0.71,0.8128000000000002,0.8030999999999999
2007-02-09,0.562,0.881,0.518,0.529,0.7310000000000001,0.7757999999999999
2007-02-12,0.805,1.07,0.718,0.981,0.7688000000000001,0.7921999999999999
2007-02-13,0.752,0.86,0.635,0.648,0.7390000000000001,0.7739999999999998
2007-02-14,2.274,2.274,0.689,0.702,0.7140000000000002,0.7762999999999999
2007-02-15,0.752,0.862,0.705,0.71,0.7140000000000002,0.7633999999999999
2007-02-16,0.815,0.914,0.732,0.747,0.7576000000000003,0.7442999999999999
2007-02-20,0.643,0.877,0.643,0.876,0.7366000000000001,0.7526999999999998
2007-02-21,0.905,0.999,0.828,0.936,0.7942000000000001,0.7665999999999998
2007-02-22,0.846,1.055,0.713,0.932,0.8402000000000001,0.7770999999999998
2007-02-23,0.71,1.079,0.652,1.071,0.9124000000000002,0.8131999999999999
2007-02-26,0.208,1.014,0.159,0.977,0.9584000000000001,0.858
2007-02-27,3.143,3.3,1.311,1.477,1.0786000000000002,0.9076000000000001
2007-02-28,0.134,1.208,0.131,1.089,1.1092000000000002,0.9517000000000001
2007-03-01,1.024,1.448,1.024,1.241,1.171,1.0056
2007-03-02,0.992,1.23,0.873,1.219,1.2006000000000001,1.0565000000000002
2007-03-05,0.992,1.23,0.873,1.219,1.249,1.1037000000000001
2007-03-06,0.992,1.23,0.873,1.219,1.1974000000000002,1.1380000000000001
2007-03-07,0.992,1.23,0.873,1.219,1.2234000000000003,1.1663000000000001
2007-03-08,0.992,1.23,0.873,1.219,1.219,1.1950000000000003
2007-03-09,0.92,1.232,0.899,1.214,1.2180000000000004,1.2093000000000003
2007-03-12,0.92,1.232,0.604,0.626,1.0994000000000004,1.1742000000000001
2007-03-13,0.845,1.459,0.845,1.459,1.1474000000000004,1.1724
2007-03-14,1.017,1.677,1.017,1.472,1.1980000000000002,1.2107
2007-03-15,0.693,1.32,0.693,0.885,1.1312000000000002,1.1751
2007-03-16,0.861,1.192,0.674,1.18,1.1244000000000003,1.1712
2007-03-19,0.507,0.771,0.504,0.77,1.1532000000000002,1.1263
2007-03-20,0.645,1.099,0.62,1.099,1.0812000000000002,1.1143
2007-03-21,1.723,1.723,0.861,0.937,0.9742000000000001,1.0861
2007-03-22,0.597,1.001,0.597,1.001,0.9974000000000001,1.0643
2007-03-23,0.7,0.921,0.649,0.921,0.9456,1.035
2007-03-26,0.507,1.048,0.504,0.889,0.9693999999999999,1.0613
2007-03-27,0.647,1.114,0.647,1.094,0.9683999999999999,1.0247999999999997
2007-03-28,1.24,1.24,0.956,1.162,1.0134,0.9937999999999999
2007-03-29,0.888,1.147,0.821,1.144,1.042,1.0196999999999998
2007-03-30,0.778,1.05,0.764,1.048,1.0674,1.0064999999999997
2007-04-02,0.703,1.068,0.703,1.067,1.103,1.0361999999999996
2007-04-03,0.852,1.013,0.767,0.947,1.0735999999999999,1.0209999999999995
2007-04-04,0.682,0.894,0.664,0.67,0.9751999999999998,0.9942999999999994
2007-04-05,0.654,0.796,0.643,0.74,0.8943999999999999,0.9681999999999995
2007-04-09,0.613,0.81,0.608,0.797,0.8442000000000001,0.9557999999999994
2007-04-10,0.737,1.041,0.733,1.041,0.8389999999999999,0.9709999999999994
2007-04-11,0.823,0.838,0.668,0.686,0.7867999999999998,0.9301999999999995
2007-04-12,0.904,1.071,0.835,1.021,0.8569999999999999,0.9160999999999995
2007-04-13,0.667,0.96,0.667,0.895,0.8879999999999999,0.8911999999999993
2007-04-16,0.723,0.865,0.65,0.853,0.8991999999999998,0.8716999999999994
2007-04-17,0.125,0.875,0.125,0.873,0.8655999999999999,0.8522999999999994
2007-04-18,1.463,1.463,0.706,0.728,0.8739999999999999,0.8303999999999995
2007-04-19,1.107,1.219,0.75,0.765,0.8227999999999998,0.8398999999999994
2007-04-20,0.775,0.857,0.657,0.68,0.7797999999999998,0.8338999999999993
2007-04-23,0.677,0.792,0.577,0.792,0.7675999999999998,0.8333999999999995
2007-04-24,0.744,1.017,0.61,1.017,0.7964,0.8309999999999993
2007-04-25,0.64,0.805,0.601,0.753,0.8014000000000001,0.8376999999999993
2007-04-26,0.666,0.823,0.666,0.765,0.8014000000000001,0.8120999999999994
2007-04-27,0.727,0.875,0.727,0.843,0.834,0.8068999999999994
2007-04-30,0.643,0.879,0.643,0.879,0.8513999999999999,0.8094999999999993
2007-05-01,0.009,1.058,0.009,1.047,0.8573999999999999,0.8268999999999993
2007-05-02,0.882,0.967,0.681,0.704,0.8476000000000001,0.8244999999999993
2007-05-03,0.84,1.025,0.759,0.787,0.852,0.8266999999999994
2007-05-04,0.794,0.794,0.662,0.749,0.8332,0.8335999999999993
2007-05-07,0.81,0.81,0.632,0.64,0.7854000000000001,0.8183999999999994
2007-05-08,0.758,0.964,0.699,0.815,0.7390000000000001,0.7981999999999994
2007-05-09,0.758,0.964,0.525,0.649,0.7280000000000001,0.7877999999999993
2007-05-10,0.711,1.014,0.711,0.956,0.7618,0.8068999999999992
2007-05-11,1.041,1.041,0.67,0.678,0.7476,0.7903999999999993
2007-05-14,0.76,0.78,0.52,0.772,0.774,0.7796999999999992
2007-05-15,0.76,0.78,0.52,0.772,0.7654000000000001,0.7521999999999992
2007-05-16,0.76,0.78,0.52,0.772,0.7900000000000001,0.7589999999999992
2007-05-17,0.709,0.777,0.625,0.76,0.7508000000000001,0.7562999999999992
2007-05-18,0.76,0.78,0.52,0.772,0.7696000000000001,0.7585999999999993
2007-05-21,0.76,0.78,0.52,0.772,0.7696000000000001,0.7717999999999993
2007-05-22,0.572,1.21,0.559,1.21,0.8572000000000001,0.8112999999999992
2007-05-23,0.76,0.78,0.52,0.772,0.8572000000000001,0.8235999999999992
2007-05-24,0.76,0.78,0.52,0.772,0.8596,0.8051999999999992
2007-05-25,0.784,0.958,0.768,0.929,0.8910000000000002,0.8302999999999991
2007-05-29,0.786,0.836,0.692,0.816,0.8998000000000002,0.8346999999999992
2007-05-30,0.969,1.039,0.771,0.786,0.8150000000000002,0.8360999999999992
2007-05-31,0.545,0.797,0.501,0.797,0.8200000000000001,0.8385999999999992
2007-06-01,0.638,0.833,0.628,0.735,0.8126000000000001,0.8360999999999992
2007-06-04,0.637,0.842,0.6,0.794,0.7856000000000002,0.8382999999999992
2007-06-05,0.653,0.987,0.604,0.785,0.7794000000000002,0.8395999999999992
2007-06-06,0.786,1.121,0.753,1.002,0.8226000000000002,0.8187999999999992
2007-06-07,0.924,1.145,0.812,1.121,0.8874000000000002,0.8536999999999992
2007-06-08,1.318,1.334,1.027,1.034,0.9472000000000002,0.8798999999999992
2007-06-11,0.639,1.04,0.628,0.915,0.9714000000000003,0.8784999999999993
2007-06-12,0.823,1.036,0.628,0.639,0.9422,0.8607999999999991
2007-06-13,1.091,1.203,0.853,0.871,0.916,0.8692999999999993
2007-06-14,0.754,0.826,0.545,0.546,0.8010000000000002,0.8441999999999993
2007-06-15,0.625,0.854,0.625,0.761,0.7464000000000002,0.8467999999999993
2007-06-18,0.592,0.809,0.591,0.72,0.7074000000000001,0.8393999999999993
2007-06-19,0.621,0.83,0.581,0.83,0.7456000000000002,0.8438999999999993
2007-06-20,1.01,1.01,0.776,0.91,0.7534000000000002,0.8346999999999992
2007-06-21,0.678,1.168,0.675,0.875,0.8192000000000002,0.8100999999999992
2007-06-22,0.772,0.936,0.688,0.935,0.8540000000000003,0.8001999999999994
2007-06-25,1.02,1.074,0.885,1.019,0.9138000000000002,0.8105999999999993
2007-06-26,0.809,1.033,0.742,1.03,0.9538000000000002,0.8496999999999992
2007-06-27,1.06,1.268,0.876,0.876,0.9470000000000003,0.8501999999999992
2007-06-28,0.784,0.846,0.732,0.84,0.9400000000000002,0.8795999999999993
2007-06-29,0.738,0.898,0.694,0.897,0.9324000000000001,0.8931999999999991
2007-07-02,0.657,0.881,0.657,0.875,0.9036000000000003,0.9086999999999993
2007-07-03,0.597,0.833,0.571,0.807,0.8590000000000002,0.9063999999999993
2007-07-05,0.598,0.708,0.591,0.618,0.8074000000000001,0.8771999999999991
2007-07-06,0.565,0.781,0.565,0.758,0.7910000000000001,0.8654999999999993
2007-07-09,0.555,0.741,0.539,0.678,0.7472000000000002,0.8397999999999992
2007-07-10,0.8,0.981,0.743,0.981,0.7684000000000003,0.8359999999999992
2007-07-11,0.71,1.077,0.71,0.757,0.7584000000000003,0.8086999999999991
2007-07-12,0.723,0.764,0.605,0.638,0.7624000000000003,0.7848999999999992
2007-07-13,0.56,0.811,0.558,0.757,0.7622000000000003,0.7765999999999991
2007-07-16,0.511,0.811,0.494,0.796,0.7858000000000003,0.7664999999999992
2007-07-17,0.551,0.794,0.551,0.793,0.7482000000000003,0.7582999999999993
2007-07-18,1.075,1.075,0.868,0.874,0.7716000000000003,0.7649999999999993
2007-07-19,0.679,0.817,0.679,0.691,0.7822000000000002,0.7722999999999993
2007-07-20,0.636,1.144,0.636,1.027,0.8362000000000002,0.7991999999999992
2007-07-23,0.493,0.716,0.493,0.716,0.8202000000000002,0.8029999999999993
2007-07-24,0.915,1.165,0.876,1.164,0.8943999999999999,0.8212999999999993
2007-07-25,0.639,1.003,0.639,0.975,0.9145999999999999,0.8430999999999992
2007-07-26,0.965,1.361,0.965,1.321,1.0406,0.9113999999999992
2007-07-27,0.903,1.185,0.903,1.146,1.0644,0.9502999999999993
2007-07-30,0.972,1.091,0.921,1.039,1.129,0.9745999999999991
2007-07-31,0.748,1.128,0.676,1.128,1.1218,1.0080999999999993
2007-08-01,0.863,1.269,0.863,1.254,1.1776,1.0460999999999991
2007-08-02,0.789,1.078,0.789,1.078,1.129,1.084799999999999
2007-08-03,0.929,1.317,0.888,1.235,1.1468,1.1055999999999995
2007-08-06,0.995,1.276,0.991,1.145,1.168,1.1484999999999992
2007-08-07,0.811,1.276,0.765,0.941,1.1305999999999998,1.1261999999999994
2007-08-08,0.727,1.017,0.727,0.903,1.0604,1.1189999999999993
2007-08-09,0.918,1.315,0.918,1.129,1.0706,1.0997999999999994
2007-08-10,1.025,1.333,1.025,1.07,1.0376,1.0921999999999994
2007-08-13,0.742,0.954,0.742,0.923,0.9932000000000002,1.0805999999999993
2007-08-14,0.72,1.218,0.72,1.218,1.0486,1.0895999999999995
2007-08-15,1.13,1.579,1.102,1.305,1.129,1.0946999999999991
2007-08-16,1.172,1.599,1.172,1.362,1.1756000000000002,1.1230999999999993
2007-08-17,0.617,1.016,0.595,1.013,1.1642000000000001,1.100899999999999
2007-08-20,0.719,0.881,0.697,0.879,1.1554000000000002,1.0742999999999991
2007-08-21,0.882,0.941,0.727,0.867,1.0852,1.066899999999999
2007-08-22,1.931,1.931,0.947,0.961,1.0164,1.072699999999999
2007-08-23,0.705,1.108,0.705,1.071,0.9582,1.0669
2007-08-24,1.526,1.526,0.976,0.986,0.9528000000000002,1.0585
2007-08-27,0.625,0.885,0.599,0.885,0.9540000000000001,1.0547
2007-08-28,0.786,1.177,0.757,1.177,1.0160000000000002,1.0506000000000002
2007-08-29,0.876,0.949,0.773,0.883,1.0004000000000002,1.0084000000000002
2007-08-30,0.959,1.03,0.796,0.868,0.9598000000000002,0.959
2007-08-31,0.66,0.912,0.66,0.901,0.9428000000000001,0.9478
2007-09-04,0.751,0.853,0.665,0.823,0.9304000000000002,0.9422
2007-09-05,0.864,1.127,0.79,1.051,0.9052,0.9606000000000001
2007-09-06,0.713,0.85,0.681,0.817,0.8919999999999998,0.9462000000000002
2007-09-07,0.924,1.052,0.891,1.052,0.9287999999999998,0.9443000000000001
2007-09-10,0.886,1.205,0.79,0.992,0.9469999999999998,0.9449000000000002
2007-09-11,0.744,1.015,0.728,0.877,0.9578,0.9441
2007-09-12,0.667,0.9,0.667,0.832,0.9139999999999999,0.9096
2007-09-13,0.712,0.928,0.712,0.867,0.9239999999999998,0.908
2007-09-14,0.903,0.999,0.882,0.957,0.9049999999999999,0.9169
2007-09-17,0.664,1.086,0.662,1.08,0.9225999999999999,0.9348000000000001
2007-09-18,0.718,1.08,0.707,0.902,0.9275999999999998,0.9427
2007-09-19,1.102,1.102,0.636,0.642,0.8896,0.9018
2007-09-20,0.627,1.011,0.627,0.665,0.8492,0.8866000000000002
2007-09-21,0.704,0.877,0.692,0.76,0.8097999999999999,0.8574000000000002
2007-09-24,0.642,1.105,0.618,0.842,0.7622,0.8423999999999999
2007-09-25,0.705,0.947,0.705,0.947,0.7712,0.8493999999999999
2007-09-26,0.617,0.843,0.587,0.822,0.8071999999999999,0.8483999999999998
2007-09-27,0.578,0.773,0.562,0.771,0.8283999999999999,0.8387999999999998
2007-09-28,0.706,0.974,0.706,0.963,0.8689999999999998,0.8393999999999997
2007-10-01,0.596,0.828,0.596,0.828,0.8661999999999999,0.8141999999999996
2007-10-02,0.678,0.889,0.678,0.886,0.8539999999999999,0.8125999999999998
2007-10-03,0.724,0.826,0.724,0.798,0.8492,0.8281999999999996
2007-10-04,0.82,0.82,0.624,0.638,0.8225999999999999,0.8254999999999997
2007-10-05,0.754,0.871,0.739,0.76,0.7819999999999998,0.8254999999999997
2007-10-08,0.626,0.998,0.626,0.89,0.7943999999999998,0.8302999999999997
2007-10-09,0.49,0.678,0.455,0.678,0.7527999999999999,0.8033999999999999
2007-10-10,0.677,0.876,0.661,0.825,0.7581999999999998,0.8036999999999997
2007-10-11,0.545,0.777,0.545,0.776,0.7857999999999998,0.8041999999999998
2007-10-12,0.618,0.769,0.618,0.742,0.7821999999999998,0.7820999999999997
2007-10-15,0.499,0.816,0.499,0.816,0.7673999999999997,0.7808999999999997
2007-10-16,0.966,1.019,0.873,0.899,0.8115999999999998,0.7821999999999997
2007-10-17,1.075,1.077,0.786,0.849,0.8163999999999998,0.7872999999999997
2007-10-18,0.837,0.98,0.742,0.745,0.8101999999999998,0.7979999999999997
2007-10-19,0.795,1.08,0.795,1.076,0.8769999999999998,0.8295999999999999
2007-10-22,0.848,0.933,0.843,0.899,0.8935999999999998,0.8305
2007-10-23,0.577,0.863,0.577,0.805,0.8747999999999999,0.8431999999999998
2007-10-24,0.699,1.042,0.697,0.948,0.8945999999999998,0.8554999999999999
2007-10-25,0.676,0.973,0.66,0.953,0.9361999999999998,0.8732
2007-10-26,0.578,0.713,0.536,0.693,0.8595999999999998,0.8682999999999998
2007-10-29,0.49,0.74,0.49,0.734,0.8265999999999998,0.8600999999999999
2007-10-30,0.647,0.882,0.637,0.877,0.841,0.8578999999999997
2007-10-31,0.583,0.707,0.546,0.648,0.7809999999999999,0.8377999999999999
2007-11-01,0.776,1.099,0.776,0.941,0.7786,0.8573999999999998
2007-11-02,0.631,1.07,0.631,0.991,0.8382,0.8488999999999998
2007-11-05,0.721,0.881,0.711,0.847,0.8607999999999999,0.8436999999999998
2007-11-06,0.659,0.862,0.587,0.862,0.8577999999999999,0.8493999999999996
2007-11-07,0.642,1.04,0.642,1.03,0.9341999999999999,0.8575999999999999
2007-11-08,0.679,1.123,0.669,1.114,0.9687999999999999,0.8736999999999998
2007-11-09,0.785,1.16,0.785,1.029,0.9763999999999999,0.9072999999999999
2007-11-12,0.823,0.908,0.731,0.763,0.9596,0.9101999999999999
2007-11-13,0.761,1.024,0.744,1.024,0.992,0.9249
2007-11-14,0.735,0.89,0.715,0.886,0.9632,0.9487
2007-11-15,0.831,1.121,0.787,1.119,0.9642,0.9665000000000001
2007-11-16,1.023,1.437,1.023,1.199,0.9982,0.9873000000000001
2007-11-19,0.546,1.012,0.546,1.011,1.0478,1.0037
2007-11-20,0.748,1.057,0.748,1.036,1.0502,1.0211000000000001
2007-11-21,1.851,1.851,1.022,1.054,1.0838,1.0235
2007-11-23,0.701,0.888,0.677,0.866,1.0332000000000001,0.9987
2007-11-26,0.67,0.896,0.638,0.884,0.9702,0.9842000000000001
2007-11-27,0.626,0.962,0.625,0.823,0.9326000000000001,0.9902000000000001
2007-11-28,0.771,0.936,0.771,0.887,0.9027999999999998,0.9765
2007-11-29,0.592,0.929,0.592,0.915,0.875,0.9794
2007-11-30,0.67,1.003,0.651,0.999,0.9015999999999998,0.9674000000000001
2007-12-03,0.671,0.961,0.671,0.83,0.8907999999999999,0.9305
2007-12-04,0.86,1.035,0.833,0.974,0.9209999999999999,0.9268000000000001
2007-12-05,0.764,0.859,0.737,0.859,0.9154,0.9091000000000001
2007-12-06,0.705,0.872,0.665,0.872,0.9067999999999999,0.8909
2007-12-07,0.561,0.942,0.561,0.854,0.8777999999999999,0.8897
2007-12-10,0.633,0.836,0.603,0.833,0.8783999999999998,0.8846
2007-12-11,0.624,1.019,0.615,1.018,0.8872,0.9041
2007-12-12,0.74,0.988,0.74,0.988,0.9129999999999999,0.9141999999999999
2007-12-13,0.79,1.291,0.746,1.032,0.945,0.9259000000000001
2007-12-14,0.82,1.11,0.82,1.012,0.9766,0.9272
2007-12-17,0.794,1.033,0.794,1.033,1.0166,0.9475
2007-12-18,0.695,1.114,0.627,1.112,1.0354,0.9612999999999999
2007-12-19,1.306,1.306,0.868,0.887,1.0152,0.9641
2007-12-20,0.675,0.989,0.483,0.483,0.9054,0.9252
2007-12-21,0.763,0.928,0.694,0.711,0.8452,0.9109
2007-12-24,0.541,1.288,0.541,1.288,0.8962000000000001,0.9564
2007-12-26,0.83,0.947,0.773,0.936,0.8610000000000001,0.9481999999999999
2007-12-27,0.752,1.032,0.706,1.03,0.8896000000000001,0.9523999999999999
2007-12-28,0.397,0.884,0.397,0.883,0.9696000000000001,0.9375
2007-12-31,0.608,1.617,0.575,1.613,1.15,0.9975999999999999
2008-01-02,0.73,1.05,0.658,1.046,1.1016,0.9989000000000001
2008-01-03,0.694,1.112,0.694,1.073,1.129,0.9950000000000001
2008-01-04,0.956,1.358,0.956,1.154,1.1538,1.0217
2008-01-07,0.634,1.054,0.565,0.585,1.0942,1.0319
2008-01-08,0.587,1.525,0.559,1.524,1.0764,1.1132000000000002
2008-01-09,0.775,1.241,0.775,1.24,1.1152000000000002,1.1084
2008-01-10,1.106,1.106,0.782,0.816,1.0638,1.0964
2008-01-11,0.773,1.089,0.773,0.894,1.0118,1.0828000000000002
2008-01-14,0.647,0.912,0.643,0.912,1.0772,1.0857000000000003
2008-01-15,0.851,1.305,0.851,1.302,1.0328000000000002,1.0546000000000002
2008-01-16,1.275,1.287,1.061,1.079,1.0006,1.0579000000000003
2008-01-17,0.806,1.514,0.806,1.327,1.1028,1.0833000000000002
2008-01-18,0.963,1.231,0.963,1.187,1.1614,1.0866000000000002
2008-01-22,0.938,1.232,0.928,1.057,1.1904,1.1338000000000001
2008-01-23,0.918,1.085,0.888,0.976,1.1252,1.0790000000000002
2008-01-24,0.673,0.856,0.659,0.799,1.0692,1.0349000000000002
2008-01-25,0.518,0.914,0.502,0.914,0.9865999999999999,1.0447000000000002
2008-01-28,0.817,0.875,0.752,0.847,0.9186,1.0400000000000003
2008-01-29,0.672,0.898,0.666,0.854,0.8780000000000001,1.0342
2008-01-30,0.714,0.821,0.714,0.818,0.8464,0.9858
2008-01-31,1.065,1.168,0.953,0.967,0.8800000000000001,0.9746
2008-02-01,0.673,0.851,0.673,0.776,0.8524,0.9195
2008-02-04,0.581,0.971,0.581,0.874,0.8578000000000001,0.8882000000000001
2008-02-05,0.936,1.146,0.919,1.134,0.9138000000000002,0.8959000000000001
2008-02-06,0.809,1.055,0.797,1.055,0.9612000000000002,0.9038
2008-02-07,0.935,1.212,0.935,1.059,0.9796000000000001,0.9298000000000002
2008-02-08,0.784,1.132,0.747,1.039,1.0322,0.9423000000000001
2008-02-11,0.793,0.998,0.793,0.932,1.0438,0.9508000000000003
2008-02-12,0.835,1.096,0.805,1.096,1.0362000000000002,0.9750000000000002
2008-02-13,0.819,1.107,0.815,0.972,1.0196,0.9904000000000004
2008-02-14,0.738,0.948,0.708,0.922,0.9922000000000002,0.9859000000000003
2008-02-15,0.814,1.151,0.814,1.06,0.9964000000000002,1.0143000000000002
2008-02-19,1.063,1.063,0.778,0.906,0.9912000000000003,1.0175000000000003
2008-02-20,0.73,1.018,0.723,0.878,0.9476000000000002,0.9919000000000002
2008-02-21,0.672,0.955,0.661,0.953,0.9438000000000002,0.9817000000000004
2008-02-22,0.893,1.273,0.893,1.159,0.9912000000000003,0.9917
2008-02-25,0.612,0.891,0.571,0.874,0.9540000000000003,0.9751999999999998
2008-02-26,0.846,1.055,0.816,1.053,0.9834000000000002,0.9873000000000001
2008-02-27,0.819,1.097,0.819,0.925,0.9928000000000001,0.9702
2008-02-28,0.839,1.14,0.839,1.07,1.0162,0.9800000000000001
2008-02-29,1.115,1.361,1.078,1.214,1.0272000000000001,1.0091999999999999
2008-03-03,0.821,1.364,0.821,1.135,1.0794000000000001,1.0167
2008-03-04,0.877,1.287,0.877,1.262,1.1212000000000002,1.0522999999999998
2008-03-05,0.985,1.173,0.886,1.007,1.1376000000000002,1.0651999999999997
2008-03-06,0.917,1.225,0.838,1.214,1.1664,1.0912999999999997
2008-03-07,0.896,1.232,0.896,1.173,1.1582000000000001,1.0926999999999998
2008-03-10,1.065,1.168,0.953,0.967,1.1246,1.1019999999999999
2008-03-11,0.851,1.238,0.851,1.117,1.0956,1.1083999999999998
2008-03-12,0.756,1.077,0.744,0.987,1.0916000000000001,1.1145999999999998
2008-03-13,0.991,1.319,0.933,1.104,1.0695999999999999,1.1179999999999999
2008-03-14,1.065,1.168,0.953,0.967,1.0284,1.0933
2008-03-17,1.251,1.493,1.226,1.401,1.1152,1.1199
2008-03-18,0.888,0.936,0.887,0.935,1.0788,1.0872000000000002
2008-03-19,0.999,1.223,0.866,0.917,1.0648,1.0782000000000003
2008-03-20,0.949,1.231,0.949,1.115,1.067,1.0683000000000002
2008-03-24,0.605,0.861,0.605,0.804,1.0344,1.0314
2008-03-25,0.748,0.988,0.739,0.942,0.9426,1.0289000000000001
2008-03-26,0.7,0.953,0.7,0.906,0.9367999999999999,1.0078
2008-03-27,0.624,1.202,0.624,1.126,0.9785999999999999,1.0217000000000003
2008-03-28,0.688,1.036,0.662,1.015,0.9585999999999999,1.0128000000000001
2008-03-31,0.757,1.026,0.757,0.861,0.97,1.0022000000000002
2008-04-01,0.694,1.051,0.694,0.943,0.9702,0.9564000000000001
2008-04-02,0.924,0.949,0.811,0.949,0.9788,0.9578000000000001
2008-04-03,0.951,1.044,0.846,0.991,0.9517999999999999,0.9652000000000001
2008-04-04,0.848,1.104,0.848,1.043,0.9574,0.9580000000000002
2008-04-07,0.746,0.865,0.743,0.791,0.9433999999999999,0.9567000000000002
2008-04-08,1.126,1.2,0.965,1.072,0.9692000000000001,0.9697000000000002
2008-04-09,0.831,1.732,0.784,1.575,1.0944,1.0366000000000004
2008-04-10,0.952,1.147,0.84,0.928,1.0818,1.0168000000000004
2008-04-11,1.029,1.253,0.95,1.246,1.1224,1.0399
2008-04-14,0.877,1.076,0.857,0.962,1.1566,1.05
2008-04-15,0.998,1.078,0.955,0.961,1.1344,1.0518
2008-04-16,0.965,0.965,0.873,0.896,0.9986,1.0465000000000002
2008-04-17,0.863,0.937,0.804,0.905,0.9940000000000001,1.0379
2008-04-18,0.683,0.779,0.632,0.779,0.9006000000000002,1.0115000000000003
2008-04-21,0.714,0.845,0.687,0.81,0.8702000000000002,1.0134000000000003
2008-04-22,0.827,0.955,0.777,0.955,0.8690000000000001,1.0017000000000003
2008-04-23,0.658,0.871,0.641,0.871,0.8640000000000002,0.9313000000000002
2008-04-24,0.647,0.872,0.647,0.846,0.8522000000000002,0.9231000000000001
2008-04-25,0.773,0.969,0.725,0.87,0.8704000000000001,0.8855000000000002
2008-04-28,0.78,0.876,0.707,0.871,0.8826,0.8764000000000003
2008-04-29,0.726,1.001,0.717,0.895,0.8706000000000002,0.8698000000000002
2008-04-30,0.674,0.812,0.659,0.805,0.8573999999999999,0.8607000000000002
2008-05-01,0.811,1.024,0.768,0.871,0.8624,0.8573000000000002
2008-05-02,0.828,0.922,0.754,0.837,0.8558,0.8631000000000002
2008-05-05,0.645,0.849,0.63,0.838,0.8492000000000001,0.8659000000000002
2008-05-06,0.768,0.918,0.756,0.768,0.8238,0.8472000000000002
2008-05-07,0.684,0.925,0.684,0.925,0.8478,0.8526000000000004
2008-05-08,0.694,0.826,0.59,0.809,0.8353999999999999,0.8489000000000002
2008-05-09,0.768,0.955,0.768,0.926,0.8532,0.8545000000000001
2008-05-12,0.601,0.863,0.59,0.767,0.8390000000000001,0.8441000000000003
2008-05-13,0.728,0.839,0.633,0.694,0.8242,0.8240000000000002
2008-05-14,0.879,0.958,0.684,0.699,0.7790000000000001,0.8134000000000002
2008-05-15,0.687,0.831,0.614,0.641,0.7454000000000001,0.7904000000000002
2008-05-16,0.821,0.897,0.75,0.791,0.7184,0.7858000000000003
2008-05-19,0.654,0.813,0.533,0.813,0.7276,0.7833000000000003
2008-05-20,0.901,1.654,0.901,0.968,0.7824000000000001,0.8033000000000003
2008-05-21,1.059,1.059,0.944,1.002,0.8430000000000002,0.8109999999999999
2008-05-22,0.686,0.982,0.686,0.938,0.9024000000000001,0.8238999999999999
2008-05-23,0.899,1.045,0.879,0.988,0.9418000000000001,0.8301000000000001
2008-05-27,0.764,1.013,0.764,0.933,0.9658000000000001,0.8467
2008-05-28,0.659,0.915,0.637,0.881,0.9484000000000001,0.8654
2008-05-29,0.8,0.953,0.743,0.762,0.9004000000000001,0.8717
2008-05-30,0.565,0.793,0.565,0.684,0.8496000000000002,0.876
2008-06-02,0.83,1.078,0.83,1.006,0.8532,0.8975
2008-06-03,0.706,1.043,0.706,1.018,0.8702,0.9179999999999999
2008-06-04,1.019,1.242,0.876,0.981,0.8902000000000001,0.9193
2008-06-05,0.619,0.972,0.601,0.971,0.932,0.9161999999999999
2008-06-06,0.905,1.092,0.866,1.092,1.0135999999999998,0.9316000000000001
2008-06-09,1.122,1.122,0.803,1.024,1.0172,0.9352
2008-06-10,0.732,1.075,0.675,1.071,1.0278,0.9490000000000001
2008-06-11,0.772,1.197,0.767,1.127,1.057,0.9736
2008-06-12,0.782,1.01,0.782,1.01,1.0648,0.9984
2008-06-13,0.794,0.892,0.793,0.864,1.0192,1.0164000000000002
2008-06-16,0.956,0.981,0.801,0.911,0.9966000000000002,1.0069000000000001
2008-06-17,0.788,1.107,0.788,1.106,1.0036,1.0157
2008-06-18,1.12,1.143,1.046,1.058,0.9898000000000003,1.0234
2008-06-19,0.688,1.063,0.628,0.629,0.9136000000000003,0.9892000000000001
2008-06-20,1.071,1.333,1.051,1.261,0.9930000000000001,1.0061000000000002
2008-06-23,0.714,0.853,0.706,0.853,0.9814000000000002,0.9890000000000001
2008-06-24,0.673,0.985,0.606,0.977,0.9556000000000002,0.9796000000000001
2008-06-25,0.695,0.793,0.649,0.699,0.8838000000000001,0.9368000000000002
2008-06-26,1.014,1.168,0.989,1.068,0.9715999999999999,0.9426000000000002
2008-06-27,0.873,1.067,0.873,1.009,0.9212,0.9571
2008-06-30,0.844,1.298,0.844,1.298,1.0102,0.9958
2008-07-01,0.993,1.456,0.948,1.104,1.0356,0.9955999999999999
2008-07-02,0.904,1.239,0.827,1.002,1.0962,0.99
2008-07-03,0.878,1.153,0.86,1.007,1.084,1.0278
2008-07-07,0.771,1.182,0.771,1.104,1.103,1.0121
2008-07-08,1.021,1.136,0.662,0.964,1.0362,1.0231999999999999
2008-07-09,0.895,1.121,0.881,1.052,1.0257999999999998,1.0307
2008-07-10,0.775,1.244,0.775,1.02,1.0294,1.0627999999999997
2008-07-11,1.052,1.831,1.052,1.336,1.0952000000000002,1.0895999999999997
2008-07-14,0.702,1.126,0.702,1.113,1.097,1.0999999999999999
2008-07-15,1.008,1.29,0.939,1.29,1.1622000000000001,1.0991999999999997
2008-07-16,1.106,1.106,0.895,0.921,1.1360000000000003,1.0809
2008-07-17,0.801,0.911,0.692,0.876,1.1072000000000002,1.0682999999999998
2008-07-18,0.674,0.951,0.674,0.949,1.0298000000000003,1.0624999999999998
2008-07-21,0.597,0.984,0.555,0.879,0.9830000000000002,1.0399999999999998
2008-07-22,0.868,0.945,0.743,0.896,0.9042000000000001,1.0331999999999997
2008-07-23,0.613,0.871,0.613,0.861,0.8922000000000002,1.0140999999999996
2008-07-24,0.747,1.065,0.747,1.063,0.9296000000000003,1.0183999999999997
2008-07-25,0.941,1.182,0.927,0.935,0.9268000000000004,0.9782999999999997
2008-07-28,0.781,1.085,0.737,1.045,0.9600000000000003,0.9714999999999998
2008-07-29,0.738,0.982,0.738,0.829,0.9466000000000003,0.9253999999999998
2008-07-30,0.57,0.916,0.57,0.849,0.9442000000000004,0.9181999999999999
2008-07-31,0.744,0.975,0.743,0.901,0.9118000000000002,0.9206999999999999
2008-08-01,0.852,1.397,0.823,1.034,0.9316000000000002,0.9291999999999998
2008-08-04,0.704,0.964,0.704,0.911,0.9048000000000002,0.9323999999999998
2008-08-05,0.59,0.87,0.59,0.664,0.8718000000000004,0.9091999999999997
2008-08-06,0.861,0.879,0.722,0.75,0.8520000000000003,0.8980999999999998
2008-08-07,0.852,1.06,0.852,1.033,0.8784000000000003,0.8950999999999997
2008-08-08,0.98,1.075,0.812,0.836,0.8388000000000003,0.8851999999999999
2008-08-11,0.652,0.844,0.652,0.749,0.8064000000000003,0.8555999999999997
2008-08-12,0.72,1.017,0.71,0.927,0.8590000000000003,0.8653999999999998
2008-08-13,0.933,1.1,0.838,0.967,0.9024000000000003,0.8771999999999999
2008-08-14,0.758,0.802,0.507,0.766,0.8490000000000002,0.8637
2008-08-15,0.741,0.931,0.738,0.838,0.8494000000000004,0.8441000000000001
2008-08-18,0.678,1.001,0.678,0.996,0.8988000000000003,0.8526000000000001
2008-08-19,1.089,1.138,0.89,1.095,0.9324000000000001,0.8957
2008-08-20,1.086,1.153,0.894,0.899,0.9188000000000003,0.9106000000000002
2008-08-21,0.669,0.919,0.669,0.891,0.9438000000000002,0.8964000000000002
2008-08-22,0.761,0.951,0.761,0.827,0.9416000000000002,0.8955000000000002
2008-08-25,0.909,1.113,0.909,0.972,0.9368000000000002,0.9178000000000001
2008-08-26,0.782,1.115,0.775,1.115,0.9408000000000001,0.9366000000000001
2008-08-27,0.771,0.871,0.686,0.871,0.9352000000000003,0.9270000000000002
2008-08-28,1.083,1.083,0.695,0.784,0.9138000000000002,0.9288000000000002
2008-08-29,0.969,0.978,0.805,0.819,0.9122000000000001,0.9269000000000002
2008-09-02,0.758,0.849,0.687,0.79,0.8758000000000001,0.9063000000000001
2008-09-03,0.763,1.021,0.742,0.926,0.8380000000000001,0.8894000000000002
2008-09-04,0.896,1.043,0.791,0.991,0.8620000000000001,0.8986000000000001
2008-09-05,0.866,1.179,0.866,0.976,0.9004000000000001,0.9071000000000001
2008-09-08,0.658,0.955,0.658,0.935,0.9236000000000001,0.9179
2008-09-09,0.893,1.169,0.874,1.167,0.9990000000000002,0.9374
2008-09-10,0.921,1.103,0.785,0.794,0.9726000000000001,0.9053000000000001
2008-09-11,1.185,1.304,1,1,0.9743999999999999,0.9181999999999999
2008-09-12,1.091,1.091,0.869,0.95,0.9692000000000001,0.9347999999999999
2008-09-15,1.14,1.309,1.14,1.296,1.0413999999999999,0.9824999999999999
2008-09-16,1.35,1.689,1.126,1.179,1.0437999999999998,1.0213999999999999
2008-09-17,1.097,1.446,1.097,1.21,1.127,1.0497999999999998
2008-09-18,0.958,1.329,0.887,1.066,1.1401999999999999,1.0573000000000001
2008-09-19,0.344,0.827,0.344,0.818,1.1138,1.0414999999999999
2008-09-22,0.761,0.916,0.69,0.916,1.0378,1.0396
2008-09-23,0.784,1.007,0.662,0.995,1.001,1.0224
2008-09-24,0.763,1.033,0.759,0.942,0.9473999999999998,1.0372000000000001
2008-09-25,0.632,0.875,0.632,0.783,0.8907999999999999,1.0155
2008-09-26,1.038,1.317,0.958,0.961,0.9193999999999999,1.0166
2008-09-29,0.917,1.257,0.891,1.252,0.9865999999999998,1.0122
2008-09-30,0.828,1.239,0.828,1.089,1.0053999999999998,1.0032
2008-10-01,0.86,1.187,0.86,0.917,1.0003999999999997,0.9739000000000001
2008-10-02,0.813,1.233,0.797,1.231,1.0899999999999999,0.9904000000000002
2008-10-03,0.854,1.03,0.757,0.964,1.0905999999999998,1.0050000000000001
2008-10-06,1.088,1.422,1.088,1.332,1.1065999999999998,1.0466000000000002
2008-10-07,0.782,1.167,0.768,1.167,1.1221999999999999,1.0638
2008-10-08,1.482,1.775,1.139,1.146,1.1679999999999997,1.0842000000000003
2008-10-09,0.736,1.204,0.736,1.203,1.1623999999999999,1.1262000000000003
2008-10-10,1.291,1.747,1.158,1.158,1.2011999999999996,1.1459000000000001
2008-10-13,0.725,1.016,0.724,0.85,1.1047999999999996,1.1057000000000001
2008-10-14,0.581,0.978,0.525,0.972,1.0657999999999996,1.094
2008-10-15,0.743,1.111,0.742,1.072,1.0509999999999997,1.1095000000000002
2008-10-16,1.143,1.244,1.085,1.147,1.0397999999999996,1.1011000000000002
2008-10-17,1.073,1.434,0.874,0.896,0.9873999999999997,1.0943000000000003
2008-10-20,0.583,0.782,0.583,0.778,0.9729999999999996,1.0389000000000002
2008-10-21,0.683,0.918,0.683,0.917,0.9619999999999995,1.0139
2008-10-22,2.222,2.361,1.091,1.145,0.9765999999999995,1.0138000000000003
2008-10-23,0.755,1.218,0.725,1.182,0.9835999999999995,1.0117
2008-10-24,1.228,1.702,1.154,1.176,1.0395999999999994,1.0135
2008-10-27,0.731,1.021,0.72,1.018,1.0875999999999995,1.0303
2008-10-28,0.651,1.17,0.651,1.068,1.1177999999999995,1.0399
2008-10-29,0.79,0.938,0.771,0.827,1.0541999999999994,1.0154
2008-10-30,0.6,0.853,0.6,0.787,0.9751999999999995,0.9794
2008-10-31,0.834,0.986,0.824,0.871,0.9141999999999996,0.9769
2008-11-03,0.668,0.918,0.627,0.904,0.8913999999999994,0.9894999999999999
2008-11-04,0.754,0.908,0.737,0.897,0.8571999999999995,0.9874999999999998
2008-11-05,0.775,0.994,0.775,0.992,0.8901999999999994,0.9721999999999997
2008-11-06,0.95,1.25,0.929,1.248,0.9823999999999995,0.9787999999999999
2008-11-07,1.073,1.207,0.933,0.936,0.9953999999999994,0.9547999999999999
2008-11-10,0.841,1.064,0.828,1.063,1.0271999999999992,0.9592999999999998
2008-11-11,1.004,1.174,0.955,1.064,1.0605999999999993,0.9588999999999999
2008-11-13,0.823,1.189,0.823,1.003,1.0627999999999993,0.9764999999999999
2008-11-17,0.944,1.139,0.863,0.948,1.0027999999999992,0.9925999999999998
2008-11-18,0.998,1.152,0.918,1.067,1.0289999999999992,1.0122
2008-11-19,2.487,2.487,1.188,1.317,1.0797999999999992,1.0535
2008-11-20,1.103,1.374,1.103,1.208,1.1085999999999994,1.0846
2008-11-21,1.165,1.214,0.983,1.141,1.1361999999999992,1.0995000000000001
2008-11-24,0.667,0.881,0.667,0.776,1.1017999999999994,1.0523000000000002
2008-11-25,0.602,0.836,0.59,0.831,1.0545999999999993,1.0418
2008-11-26,0.664,0.841,0.664,0.748,0.9407999999999994,1.0103000000000002
2008-11-28,0.749,0.897,0.723,0.817,0.8625999999999994,0.9856000000000001
2008-12-01,0.881,0.982,0.806,0.982,0.8307999999999996,0.9835
2008-12-02,0.779,1.056,0.779,1.042,0.8839999999999997,0.9928999999999999
2008-12-03,1.254,1.408,0.911,0.951,0.9079999999999995,0.9812999999999998
2008-12-04,0.887,1.03,0.644,0.993,0.9569999999999995,0.9488999999999999
2008-12-05,0.758,1.075,0.758,0.888,0.9711999999999996,0.9168999999999998
2008-12-08,0.839,0.948,0.794,0.82,0.9387999999999996,0.8848
2008-12-09,0.674,0.865,0.674,0.861,0.9025999999999996,0.8933
2008-12-10,0.881,0.905,0.69,0.864,0.8851999999999997,0.8966000000000001
2008-12-11,0.83,0.958,0.808,0.957,0.8779999999999996,0.9175000000000001
2008-12-12,1.016,1.115,0.979,1.002,0.9008,0.9360000000000002
2008-12-15,0.764,1.041,0.729,1.037,0.9442,0.9415000000000001
2008-12-16,0.808,0.983,0.808,0.86,0.9440000000000002,0.9233
2008-12-17,1.17,1.17,0.775,0.783,0.9278000000000002,0.9065000000000001
2008-12-18,0.69,0.842,0.459,0.459,0.8282000000000002,0.8531000000000001
2008-12-19,0.937,0.937,0.78,0.836,0.7949999999999999,0.8478999999999999
2008-12-22,0.666,0.846,0.643,0.794,0.7464,0.8452999999999999
2008-12-23,0.758,0.832,0.572,0.775,0.7293999999999999,0.8367000000000001
2008-12-24,0.701,0.824,0.603,0.628,0.6983999999999999,0.8131
2008-12-26,0.697,0.786,0.631,0.64,0.7346,0.7814
2008-12-29,0.648,0.884,0.636,0.714,0.7101999999999999,0.7525999999999999
2008-12-30,0.743,0.849,0.703,0.717,0.6948,0.7205999999999999
2008-12-31,0.882,0.951,0.715,0.74,0.6878,0.7085999999999998
2009-01-02,0.791,0.992,0.747,0.928,0.7478,0.7230999999999997
2009-01-05,0.864,0.984,0.805,0.817,0.7832000000000001,0.7588999999999998
2009-01-06,0.694,0.797,0.643,0.712,0.7828,0.7464999999999997
2009-01-07,1.091,1.242,0.958,1.229,0.8852,0.7899999999999998
2009-01-08,1.024,1.165,0.99,1,0.9372,0.8124999999999998
2009-01-09,0.762,1.123,0.762,1.123,0.9762000000000001,0.8619999999999998
2009-01-12,0.923,1.164,0.914,1.149,1.0426,0.9128999999999998
2009-01-13,1.084,1.132,0.905,0.963,1.0928,0.9377999999999999
2009-01-14,0.959,1.25,0.954,1.058,1.0586,0.9718999999999998
2009-01-15,1.097,1.258,1.033,1.079,1.0744,1.0057999999999998
2009-01-16,0.722,1.043,0.722,1.021,1.0539999999999998,1.0151
2009-01-20,0.6,0.998,0.6,0.989,1.0219999999999998,1.0322999999999998
2009-01-21,1.047,1.079,0.925,0.927,1.0148,1.0537999999999996
2009-01-22,0.867,1.194,0.867,0.993,1.0017999999999998,1.0301999999999998
2009-01-23,0.855,0.957,0.742,0.752,0.9363999999999999,1.0053999999999996
2009-01-26,0.959,0.959,0.776,0.863,0.9047999999999998,0.9793999999999997
2009-01-27,0.819,0.979,0.764,0.812,0.8694,0.9456999999999999
2009-01-28,0.53,0.719,0.53,0.719,0.8277999999999999,0.9212999999999998
2009-01-29,0.884,0.975,0.833,0.97,0.8231999999999999,0.9124999999999999
2009-01-30,1.672,1.672,1.019,1.045,0.8817999999999999,0.9090999999999998
2009-02-02,0.841,0.975,0.794,0.87,0.8832000000000001,0.8939999999999998
2009-02-03,0.655,0.942,0.651,0.778,0.8764,0.8728999999999998
2009-02-04,0.81,1.501,0.81,1.003,0.9332,0.8804999999999998
2009-02-05,0.84,1.004,0.779,0.802,0.8996000000000001,0.8613999999999997
2009-02-06,0.623,0.712,0.561,0.711,0.8328,0.8572999999999998
2009-02-09,0.493,0.748,0.493,0.748,0.8084,0.8457999999999999
2009-02-10,0.666,0.98,0.658,0.872,0.8272,0.8517999999999997
2009-02-11,0.796,0.963,0.796,0.939,0.8144,0.8737999999999998
2009-02-12,0.948,1.057,0.873,0.941,0.8422000000000001,0.8708999999999996
2009-02-13,0.631,0.982,0.631,0.832,0.8664,0.8495999999999997
2009-02-17,0.864,1.086,0.854,0.961,0.909,0.8586999999999996
2009-02-18,1.37,1.37,0.938,0.941,0.9228,0.8749999999999997
2009-02-19,0.777,1.365,0.777,0.92,0.9190000000000002,0.8666999999999996
2009-02-20,1.292,1.292,1.066,1.088,0.9484000000000001,0.8953
2009-02-23,0.744,0.949,0.73,0.939,0.9698,0.9180999999999999
2009-02-24,0.794,1.233,0.745,0.749,0.9274000000000001,0.9181999999999999
2009-02-25,0.702,0.904,0.701,0.8,0.8992000000000001,0.9109999999999999
2009-02-26,0.68,0.806,0.68,0.77,0.8692,0.8940999999999999
2009-02-27,0.877,0.97,0.817,0.942,0.8400000000000001,0.8942
2009-03-02,0.946,1.18,0.883,1.042,0.8606,0.9151999999999999
2009-03-03,0.734,1.002,0.547,0.99,0.9087999999999999,0.9180999999999999
2009-03-04,0.831,0.999,0.735,0.908,0.9304,0.9148
2009-03-05,0.677,0.953,0.677,0.926,0.9616,0.9154
2009-03-06,0.935,0.99,0.853,0.929,0.959,0.8995
2009-03-09,0.762,0.882,0.685,0.731,0.8968,0.8786999999999999
2009-03-10,0.656,0.717,0.632,0.639,0.8265999999999998,0.8676999999999999
2009-03-11,0.582,0.712,0.582,0.638,0.7726,0.8515
2009-03-12,0.806,0.977,0.698,0.709,0.7291999999999998,0.8454
2009-03-13,0.665,0.718,0.546,0.708,0.6849999999999998,0.8220000000000001
2009-03-16,0.759,0.826,0.74,0.795,0.6977999999999998,0.7973
2009-03-17,0.87,0.979,0.735,0.737,0.7173999999999998,0.772
2009-03-18,0.978,0.978,0.64,0.648,0.7193999999999999,0.746
2009-03-19,0.44,0.676,0.43,0.433,0.6641999999999999,0.6967
2009-03-20,0.871,0.905,0.764,0.846,0.6918,0.6883999999999999
2009-03-23,0.555,0.732,0.555,0.687,0.6702,0.6839999999999999
2009-03-24,0.667,0.8,0.563,0.765,0.6758000000000001,0.6965999999999999
2009-03-25,0.682,0.767,0.614,0.76,0.6982,0.7087999999999999
2009-03-26,0.7,0.982,0.7,0.868,0.7852,0.7247
2009-03-27,0.745,0.85,0.702,0.85,0.786,0.7389
2009-03-30,0.873,1.044,0.873,0.997,0.8480000000000001,0.7590999999999999
2009-03-31,0.718,0.834,0.718,0.748,0.8446,0.7602
2009-04-01,0.915,0.935,0.817,0.864,0.8654,0.7817999999999999
2009-04-02,0.586,0.726,0.586,0.726,0.8370000000000001,0.8110999999999999
2009-04-03,0.781,0.829,0.747,0.81,0.8290000000000001,0.8074999999999999
2009-04-06,0.835,0.977,0.592,0.596,0.7488000000000001,0.7983999999999999
2009-04-07,0.865,0.99,0.806,0.944,0.788,0.8162999999999998
2009-04-08,0.639,0.813,0.639,0.734,0.762,0.8136999999999999
2009-04-09,0.594,0.783,0.564,0.737,0.7642,0.8005999999999999
2009-04-13,0.735,0.775,0.594,0.602,0.7226000000000001,0.7757999999999999
2009-04-14,0.605,0.766,0.569,0.766,0.7566,0.7526999999999998
2009-04-15,1.491,1.491,0.639,0.64,0.6958000000000001,0.7418999999999998
2009-04-16,0.583,0.801,0.583,0.732,0.6954,0.7286999999999998
2009-04-17,0.665,0.792,0.579,0.686,0.6852000000000001,0.7246999999999998
2009-04-20,0.928,0.928,0.797,0.868,0.7384000000000001,0.7304999999999999
2009-04-21,0.807,0.891,0.793,0.855,0.7562000000000001,0.7563999999999999
2009-04-22,0.742,0.839,0.696,0.838,0.7958000000000001,0.7457999999999998
2009-04-23,0.818,0.965,0.769,0.866,0.8226000000000001,0.7589999999999998
2009-04-24,0.765,0.884,0.715,0.767,0.8388,0.7619999999999998
2009-04-27,0.857,0.884,0.786,0.843,0.8338000000000001,0.7860999999999998
2009-04-28,1.018,1.035,0.79,0.897,0.8422000000000001,0.7991999999999998
2009-04-29,0.855,0.888,0.655,0.794,0.8333999999999999,0.8145999999999998
2009-04-30,0.718,0.863,0.681,0.863,0.8328,0.8276999999999998
2009-05-01,0.784,0.901,0.769,0.835,0.8463999999999998,0.8425999999999998
2009-05-04,0.652,0.746,0.652,0.704,0.8186,0.8261999999999997
2009-05-05,0.619,0.737,0.569,0.57,0.7532,0.7976999999999997
2009-05-06,0.806,0.83,0.669,0.67,0.7283999999999999,0.7808999999999997
2009-05-07,0.553,0.763,0.535,0.757,0.7072,0.7699999999999998
2009-05-08,0.546,0.832,0.545,0.711,0.6824,0.7643999999999999
2009-05-11,0.714,0.797,0.673,0.722,0.686,0.7522999999999997
2009-05-12,0.516,0.827,0.516,0.6,0.692,0.7225999999999997
2009-05-13,0.9,0.981,0.838,0.846,0.7272000000000001,0.7277999999999998
2009-05-14,0.835,0.948,0.686,0.692,0.7142,0.7106999999999998
2009-05-15,0.807,0.831,0.715,0.781,0.7282,0.7052999999999997
2009-05-18,0.544,0.754,0.544,0.686,0.721,0.7034999999999998
2009-05-19,0.72,0.782,0.678,0.719,0.7448,0.7183999999999998
2009-05-20,0.925,0.935,0.658,0.72,0.7196,0.7233999999999998
2009-05-21,1.147,1.147,0.947,0.957,0.7726000000000001,0.7433999999999997
2009-05-22,0.621,0.823,0.621,0.823,0.781,0.7545999999999997
2009-05-26,0.873,0.967,0.662,0.669,0.7776,0.7492999999999997
2009-05-27,0.551,0.786,0.551,0.768,0.7874000000000001,0.7660999999999998
2009-05-28,0.803,0.87,0.686,0.76,0.7954,0.7574999999999997
2009-05-29,0.715,0.768,0.567,0.762,0.7564,0.7644999999999997
2009-06-01,0.614,0.757,0.588,0.757,0.7432000000000001,0.7620999999999998
2009-06-02,0.776,0.894,0.709,0.791,0.7676000000000001,0.7725999999999997
2009-06-03,0.783,1.455,0.783,0.849,0.7838,0.7855999999999999
2009-06-04,0.671,0.924,0.64,0.796,0.7910000000000001,0.7931999999999999
2009-06-05,0.564,0.768,0.564,0.749,0.7884000000000002,0.7723999999999999
2009-06-08,0.817,1.022,0.795,0.934,0.8238000000000001,0.7834999999999999
2009-06-09,0.729,0.844,0.706,0.74,0.8136000000000003,0.7905999999999999
2009-06-10,0.63,0.836,0.63,0.639,0.7716000000000001,0.7777
2009-06-11,0.73,0.864,0.695,0.761,0.7646000000000002,0.7777999999999998
2009-06-12,0.793,0.83,0.671,0.82,0.7788000000000002,0.7835999999999999
2009-06-15,0.737,1.658,0.737,0.915,0.7750000000000001,0.7993999999999998
2009-06-16,0.647,0.97,0.645,0.955,0.8180000000000002,0.8157999999999997
2009-06-17,1.33,1.33,0.855,0.859,0.8620000000000003,0.8167999999999997
2009-06-18,0.947,1.013,0.332,0.333,0.7764000000000002,0.7704999999999999
2009-06-19,0.836,0.993,0.814,0.816,0.7756000000000001,0.7771999999999998
2009-06-22,0.885,0.939,0.857,0.865,0.7656000000000002,0.7702999999999998
2009-06-23,0.946,1.101,0.92,0.989,0.7724000000000001,0.7951999999999997
2009-06-24,0.81,0.873,0.71,0.741,0.7488000000000001,0.8053999999999997
2009-06-25,0.981,1.053,0.889,0.896,0.8614,0.8188999999999996
2009-06-26,0.858,1.002,0.829,0.851,0.8684000000000001,0.8219999999999997
2009-06-29,0.788,0.905,0.653,0.669,0.8292000000000002,0.7973999999999998
2009-06-30,0.651,0.986,0.651,0.887,0.8088000000000001,0.7905999999999997
2009-07-01,0.658,0.87,0.638,0.869,0.8344000000000001,0.7915999999999997
2009-07-02,0.942,1.093,0.764,0.776,0.8104000000000001,0.8358999999999999
2009-07-06,0.94,0.966,0.864,0.872,0.8146000000000001,0.8414999999999997
2009-07-07,0.871,0.983,0.833,0.835,0.8478000000000001,0.8384999999999998
2009-07-08,0.685,1.195,0.685,1.046,0.8796000000000002,0.8441999999999996
2009-07-09,0.924,0.988,0.873,0.973,0.9004000000000001,0.8673999999999997
2009-07-10,0.798,1.036,0.682,1.019,0.9490000000000002,0.8796999999999997
2009-07-13,0.664,0.887,0.664,0.823,0.9392000000000001,0.8768999999999997
2009-07-14,0.714,1.005,0.613,0.849,0.9420000000000002,0.8948999999999996
2009-07-15,0.738,0.771,0.706,0.71,0.8748000000000001,0.8771999999999996
2009-07-16,0.744,0.822,0.744,0.75,0.8302000000000002,0.8652999999999997
2009-07-17,0.617,0.732,0.575,0.727,0.7718000000000003,0.8603999999999997
2009-07-20,0.47,0.762,0.47,0.749,0.7570000000000002,0.8480999999999996
2009-07-21,0.641,0.888,0.599,0.809,0.7490000000000003,0.8454999999999997
2009-07-22,1.602,1.602,0.897,0.946,0.7962000000000002,0.8354999999999997
2009-07-23,0.83,2.211,0.829,0.921,0.8304000000000002,0.8302999999999996
2009-07-24,1.606,1.606,0.958,0.964,0.8778000000000002,0.8247999999999995
2009-07-27,0.651,0.841,0.651,0.789,0.8858000000000003,0.8213999999999997
2009-07-28,1.049,1.267,0.704,0.707,0.8654000000000004,0.8071999999999996
2009-07-29,0.801,0.973,0.801,0.93,0.8622000000000003,0.8291999999999995
2009-07-30,0.614,0.814,0.579,0.78,0.8340000000000003,0.8321999999999996
2009-07-31,0.794,0.82,0.681,0.799,0.8010000000000002,0.8393999999999997
2009-08-03,0.563,0.823,0.563,0.806,0.8044000000000002,0.8450999999999995
2009-08-04,0.806,0.899,0.584,0.598,0.7826000000000003,0.8239999999999995
2009-08-05,0.741,0.805,0.707,0.723,0.7412000000000003,0.8016999999999996
2009-08-06,0.539,0.93,0.539,0.896,0.7644000000000003,0.7991999999999995
2009-08-07,0.696,0.829,0.696,0.736,0.7518000000000004,0.7763999999999995
2009-08-10,0.678,0.857,0.648,0.823,0.7552000000000002,0.7797999999999995
2009-08-11,0.845,0.938,0.744,0.749,0.7854000000000002,0.7839999999999995
2009-08-12,0.792,0.929,0.786,0.812,0.8032000000000001,0.7721999999999994
2009-08-13,0.605,0.84,0.604,0.81,0.7860000000000003,0.7751999999999993
2009-08-14,0.742,1.109,0.68,0.745,0.7878000000000002,0.7697999999999994
2009-08-17,0.983,1.179,0.948,0.972,0.8176000000000002,0.7863999999999993
2009-08-18,0.768,1.012,0.736,0.819,0.8316000000000002,0.8084999999999993
2009-08-19,1.307,1.307,0.906,0.926,0.8544,0.8287999999999993
2009-08-20,0.767,0.812,0.681,0.682,0.8288,0.8073999999999995
2009-08-21,0.627,0.695,0.598,0.619,0.8036000000000001,0.7956999999999994
2009-08-24,0.544,0.77,0.544,0.77,0.7632000000000001,0.7903999999999993
2009-08-25,0.474,0.862,0.474,0.846,0.7686000000000001,0.8000999999999994
2009-08-26,0.898,1.126,0.898,0.983,0.78,0.8171999999999994
2009-08-27,0.653,1.053,0.645,0.75,0.7936000000000001,0.8111999999999993
2009-08-28,0.546,0.897,0.545,0.883,0.8464,0.8249999999999993
2009-08-31,0.806,0.998,0.806,0.982,0.8888,0.8259999999999993
2009-09-01,0.682,0.996,0.62,0.919,0.9034000000000001,0.8359999999999992
2009-09-02,0.846,1.005,0.846,0.968,0.9004000000000001,0.8401999999999994
2009-09-03,0.671,1.071,0.655,0.949,0.9402000000000001,0.8668999999999993
2009-09-04,1.007,1.007,0.801,0.868,0.9372,0.8917999999999994
2009-09-08,0.714,0.839,0.679,0.805,0.9018,0.8952999999999992
2009-09-09,0.687,0.826,0.687,0.805,0.8789999999999999,0.8911999999999993
2009-09-10,0.638,1,0.638,0.673,0.82,0.8601999999999993
2009-09-11,0.604,0.923,0.602,0.874,0.805,0.8725999999999992
2009-09-14,0.677,0.836,0.643,0.787,0.7888,0.8629999999999993
2009-09-15,0.689,0.778,0.653,0.737,0.7752,0.8384999999999992
2009-09-16,0.736,0.736,0.57,0.577,0.7295999999999999,0.8042999999999993
2009-09-17,0.718,0.858,0.468,0.47,0.6889999999999998,0.7544999999999994
2009-09-18,1.144,1.144,0.864,0.871,0.6883999999999999,0.7466999999999994
2009-09-21,0.883,0.89,0.781,0.781,0.6871999999999998,0.7379999999999993
2009-09-22,0.615,0.788,0.589,0.781,0.696,0.7355999999999993
2009-09-23,0.839,0.886,0.74,0.819,0.7444,0.7369999999999992
2009-09-24,0.865,1.017,0.86,0.996,0.8495999999999999,0.7692999999999992
2009-09-25,0.699,0.961,0.699,0.913,0.8579999999999999,0.7731999999999993
2009-09-28,0.824,0.968,0.684,0.748,0.8513999999999999,0.7692999999999992
2009-09-29,0.679,0.85,0.646,0.762,0.8475999999999999,0.7717999999999993
2009-09-30,0.714,1.027,0.714,0.953,0.8744,0.8093999999999995
2009-10-01,0.875,1.095,0.869,1.016,0.8784000000000001,0.8639999999999993
2009-10-02,1.144,1.222,1.038,1.137,0.9232000000000001,0.8905999999999992
2009-10-05,0.774,0.883,0.774,0.83,0.9396000000000001,0.8954999999999993
2009-10-06,0.708,0.731,0.541,0.552,0.8976000000000001,0.8725999999999992
2009-10-07,0.794,0.955,0.715,0.791,0.8652000000000001,0.8697999999999994
2009-10-08,0.574,0.726,0.574,0.724,0.8068000000000002,0.8425999999999991
2009-10-09,0.738,0.827,0.738,0.78,0.7354,0.8292999999999993
2009-10-12,0.524,0.737,0.513,0.722,0.7138000000000001,0.8266999999999992
2009-10-13,0.55,0.79,0.519,0.733,0.7500000000000001,0.8237999999999992
2009-10-14,0.473,0.645,0.473,0.62,0.7158,0.7904999999999993
2009-10-15,0.512,0.71,0.512,0.601,0.6912,0.7489999999999993
2009-10-16,0.661,0.796,0.661,0.783,0.6918,0.7135999999999993
2009-10-19,0.665,0.905,0.665,0.858,0.719,0.7163999999999995
2009-10-20,0.575,2.784,0.575,0.925,0.7574,0.7536999999999995
2009-10-21,1.095,1.095,0.737,0.791,0.7916000000000001,0.7536999999999995
2009-10-22,0.688,0.896,0.688,0.81,0.8334000000000001,0.7622999999999994
2009-10-23,0.651,0.888,0.641,0.887,0.8542000000000002,0.7729999999999995
2009-10-26,0.626,0.879,0.626,0.875,0.8576,0.7882999999999994
2009-10-27,0.721,0.882,0.686,0.777,0.8280000000000001,0.7926999999999995
2009-10-28,0.992,1.187,0.992,1.035,0.8768,0.8342
2009-10-29,0.824,0.9,0.801,0.825,0.8798000000000001,0.8566
2009-10-30,0.827,1.195,0.703,1.178,0.9380000000000001,0.8961
2009-11-02,0.752,1.04,0.729,1.035,0.97,0.9138
2009-11-03,0.713,0.897,0.676,0.735,0.9616,0.8948
2009-11-04,0.583,0.806,0.583,0.782,0.9109999999999999,0.8939
2009-11-05,0.803,0.865,0.755,0.77,0.9,0.8899000000000001
2009-11-06,0.876,0.99,0.855,0.871,0.8386000000000001,0.8882999999999999
2009-11-09,0.659,0.922,0.639,0.684,0.7684000000000002,0.8692
2009-11-10,0.842,0.842,0.707,0.766,0.7746000000000002,0.8681000000000001
2009-11-11,0.722,0.786,0.66,0.744,0.7670000000000002,0.8390000000000001
2009-11-12,0.638,0.85,0.638,0.849,0.7828000000000003,0.8414000000000001
2009-11-13,0.711,0.971,0.711,0.763,0.7612000000000003,0.7999000000000002
2009-11-16,0.671,0.794,0.617,0.68,0.7604000000000004,0.7644000000000001
2009-11-17,0.729,0.836,0.633,0.642,0.7356000000000004,0.7551000000000002
2009-11-18,1.009,1.009,0.756,0.809,0.7486000000000003,0.7578000000000003
2009-11-19,0.842,1.084,0.842,0.85,0.7488000000000004,0.7658000000000001
2009-11-20,0.902,0.975,0.775,0.793,0.7548000000000002,0.7580000000000002
2009-11-23,0.436,0.699,0.436,0.698,0.7584000000000002,0.7594000000000001
2009-11-24,0.839,0.985,0.656,0.66,0.7620000000000002,0.7488
2009-11-25,0.581,0.768,0.529,0.533,0.7068000000000001,0.7277000000000001
2009-11-27,1.178,1.178,1,1.014,0.7396000000000003,0.7442000000000001
2009-11-30,0.778,1.073,0.778,0.97,0.7750000000000001,0.7649
2009-12-01,0.644,0.866,0.564,0.712,0.7778000000000002,0.7681
2009-12-02,0.661,0.867,0.661,0.821,0.8100000000000002,0.7859999999999999
2009-12-03,0.589,0.899,0.544,0.793,0.8620000000000001,0.7844
2009-12-04,0.769,0.874,0.671,0.682,0.7956000000000001,0.7676000000000001
2009-12-07,0.686,0.796,0.683,0.758,0.7532000000000002,0.7641
2009-12-08,0.859,0.986,0.773,0.783,0.7674000000000002,0.7726
2009-12-09,0.713,1.02,0.669,0.678,0.7388000000000002,0.7744
2009-12-10,0.723,1.004,0.551,0.588,0.6978000000000003,0.7798999999999999
2009-12-11,0.699,0.915,0.699,0.772,0.7158000000000003,0.7556999999999999
2009-12-14,0.78,0.922,0.78,0.811,0.7264000000000003,0.7398
2009-12-15,0.831,0.886,0.659,0.787,0.7272000000000003,0.7472999999999999
2009-12-16,1.27,1.27,0.793,0.81,0.7536000000000003,0.7462
2009-12-17,1.326,1.326,0.532,0.532,0.7424000000000003,0.7200999999999999
2009-12-18,0.732,0.951,0.732,0.797,0.7474000000000003,0.7315999999999999
2009-12-21,0.586,0.726,0.42,0.427,0.6706000000000003,0.6984999999999999
2009-12-22,0.806,0.838,0.419,0.424,0.5980000000000003,0.6626
2009-12-23,0.518,0.764,0.518,0.704,0.5768000000000002,0.6651999999999999
2009-12-24,0.718,0.738,0.252,0.38,0.5464000000000002,0.6443999999999999
2009-12-28,0.654,0.81,0.57,0.577,0.5024000000000002,0.6248999999999999
2009-12-29,0.665,1.073,0.66,0.669,0.5508000000000001,0.6106999999999999
2009-12-30,0.782,0.898,0.649,0.825,0.6310000000000002,0.6144999999999998
2009-12-31,0.894,0.993,0.768,0.776,0.6454000000000002,0.6110999999999999
2010-01-04,0.662,0.701,0.624,0.696,0.7086000000000002,0.6274999999999997
2010-01-05,0.619,0.74,0.414,0.419,0.6770000000000003,0.5896999999999998
2010-01-06,0.67,0.697,0.599,0.636,0.6704000000000001,0.6105999999999998
2010-01-07,0.711,0.796,0.619,0.685,0.6424000000000001,0.6366999999999997
2010-01-08,0.75,0.794,0.647,0.69,0.6252000000000001,0.6352999999999998
2010-01-11,0.57,0.725,0.559,0.713,0.6286000000000002,0.6685999999999998
2010-01-12,0.785,0.835,0.67,0.68,0.6808000000000001,0.6788999999999997
2010-01-13,0.781,0.923,0.705,0.719,0.6974,0.6838999999999997
2010-01-14,0.63,0.752,0.55,0.557,0.6718,0.6570999999999996
2010-01-15,0.616,0.815,0.616,0.796,0.6930000000000001,0.6590999999999996
2010-01-19,0.771,0.777,0.636,0.735,0.6974,0.6629999999999996
2010-01-20,1.267,1.267,0.883,0.902,0.7418,0.7112999999999997
2010-01-21,0.818,0.937,0.81,0.937,0.7854,0.7413999999999997
2010-01-22,0.926,1.351,0.907,1.15,0.9039999999999999,0.7878999999999999
2010-01-25,0.84,1.045,0.84,0.994,0.9435999999999998,0.8183
2010-01-26,0.83,1.178,0.83,0.891,0.9747999999999999,0.8360999999999998
2010-01-27,0.986,1.155,0.957,0.958,0.986,0.8638999999999999
2010-01-28,0.767,0.901,0.723,0.828,0.9642,0.8747999999999999
2010-01-29,0.72,0.91,0.72,0.909,0.916,0.9099999999999999
2010-02-01,1.868,2.793,1.868,2.275,1.1721999999999997,1.0579
2010-02-02,2.097,2.666,1.691,1.745,1.343,1.1589
2010-02-03,2.37,2.37,1.87,1.892,1.5297999999999998,1.2579
2010-02-04,1.947,2.137,1.85,2.125,1.7892,1.3767
2010-02-05,2.308,2.801,2.303,2.549,2.1171999999999995,1.5166
2010-02-08,1.835,2.461,1.705,2.13,2.0881999999999996,1.6301999999999999
2010-02-09,1.854,2.349,1.46,2.348,2.2087999999999997,1.7759
2010-02-10,2.656,2.656,1.532,2.068,2.2439999999999998,1.8869
2010-02-11,1.53,2.436,1.53,2.3,2.279,2.0341
2010-02-12,2.092,2.479,1.987,2.169,2.203,2.1601
2010-02-16,2.047,2.35,2.047,2.322,2.2413999999999996,2.1648
2010-02-17,2.28,2.733,2.134,2.603,2.2923999999999998,2.2506
2010-02-18,0.865,0.957,0.792,0.803,2.0393999999999997,2.1416999999999997
2010-02-19,0.956,1.07,0.744,0.87,1.7533999999999998,2.0162
2010-02-22,0.648,0.865,0.634,0.805,1.4805999999999997,1.8417999999999999
2010-02-23,1.147,1.159,0.898,0.994,1.2149999999999996,1.7282
2010-02-24,0.785,1.129,0.705,0.713,0.8369999999999995,1.5647
2010-02-25,1.467,1.467,0.98,0.984,0.8731999999999994,1.4563
2010-02-26,0.994,1.057,0.869,0.874,0.8739999999999993,1.3136999999999999
2010-03-01,0.844,0.971,0.793,0.858,0.8845999999999993,1.1825999999999999
2010-03-02,0.731,0.789,0.698,0.735,0.8327999999999992,1.0239
2010-03-03,0.87,0.904,0.763,0.826,0.8553999999999993,0.8462
2010-03-04,0.839,1.134,0.619,0.914,0.8413999999999993,0.8572999999999997
2010-03-05,0.897,0.931,0.732,0.765,0.8195999999999992,0.8467999999999997
2010-03-08,0.688,0.871,0.641,0.705,0.7889999999999993,0.8367999999999997
2010-03-09,0.699,0.833,0.58,0.583,0.7585999999999993,0.7956999999999999
2010-03-10,0.683,0.742,0.47,0.495,0.6923999999999992,0.7738999999999999
2010-03-11,0.826,0.884,0.681,0.854,0.6803999999999992,0.7608999999999998
2010-03-12,0.574,0.829,0.561,0.751,0.6775999999999993,0.7485999999999999
2010-03-15,0.751,0.888,0.726,0.794,0.6953999999999991,0.7422
2010-03-16,0.61,0.818,0.61,0.68,0.7147999999999992,0.7367
2010-03-17,1.665,1.665,0.68,0.706,0.7569999999999992,0.7247
2010-03-18,0.668,1.041,0.416,0.416,0.6693999999999992,0.6748999999999999
2010-03-19,0.859,0.926,0.777,0.915,0.7021999999999993,0.6899000000000001
2010-03-22,0.816,0.861,0.758,0.791,0.7015999999999993,0.6985000000000001
2010-03-23,0.59,0.764,0.565,0.761,0.7177999999999992,0.7163000000000002
2010-03-24,0.776,0.84,0.676,0.8,0.7365999999999993,0.7468000000000001
2010-03-25,0.706,0.799,0.669,0.799,0.8131999999999993,0.7413000000000002
2010-03-26,0.539,0.842,0.539,0.654,0.7609999999999992,0.7316000000000003
2010-03-29,0.776,0.98,0.555,0.563,0.7153999999999991,0.7085000000000002
2010-03-30,0.64,0.838,0.64,0.834,0.7299999999999992,0.7239000000000002
2010-03-31,0.698,0.839,0.613,0.732,0.716399999999999,0.7265000000000003
2010-04-01,0.621,0.885,0.585,0.611,0.6787999999999992,0.7460000000000002
2010-04-05,0.735,0.78,0.611,0.762,0.7003999999999991,0.7307000000000002
2010-04-06,0.8,0.811,0.5,0.503,0.6883999999999991,0.7019000000000001
2010-04-07,0.797,0.851,0.646,0.846,0.6907999999999992,0.7104000000000001
2010-04-08,0.834,0.875,0.72,0.75,0.6943999999999992,0.7054000000000001
2010-04-09,0.641,0.786,0.607,0.778,0.7277999999999991,0.7033000000000001
2010-04-12,0.558,0.679,0.513,0.526,0.6805999999999992,0.6905000000000001
2010-04-13,0.755,0.97,0.688,0.771,0.7341999999999992,0.7113
2010-04-14,0.537,0.664,0.468,0.479,0.6607999999999992,0.6758000000000001
2010-04-15,0.392,0.679,0.371,0.666,0.6439999999999992,0.6692000000000001
2010-04-16,0.829,0.939,0.693,0.885,0.6653999999999992,0.6966000000000001
2010-04-19,0.789,0.884,0.702,0.863,0.7327999999999991,0.7067000000000001
2010-04-20,0.588,0.922,0.588,0.831,0.7447999999999991,0.7395000000000002
2010-04-21,0.994,0.994,0.752,0.808,0.8105999999999991,0.7357000000000001
2010-04-22,0.794,1.058,0.794,0.851,0.8475999999999992,0.7458000000000001
2010-04-23,0.671,0.806,0.612,0.787,0.8279999999999991,0.7467000000000001
2010-04-26,0.787,0.787,0.524,0.686,0.7925999999999991,0.7627000000000002
2010-04-27,0.734,0.927,0.641,0.812,0.7887999999999991,0.7668000000000001
2010-04-28,0.633,0.917,0.633,0.8,0.7871999999999991,0.7989000000000002
2010-04-29,0.665,0.763,0.625,0.761,0.7691999999999991,0.8084000000000001
2010-04-30,0.736,0.947,0.717,0.946,0.800999999999999,0.8145000000000001
2010-05-03,0.679,0.839,0.679,0.78,0.8197999999999992,0.8062000000000001
2010-05-04,0.993,1.123,0.848,0.853,0.8279999999999991,0.8084000000000001
2010-05-05,0.972,1.371,0.972,1.137,0.8954000000000001,0.8413
2010-05-06,0.936,1.824,0.936,1.239,0.991,0.8801
2010-05-07,1.082,1.571,1.082,1.287,1.0592000000000001,0.9301
2010-05-10,1.287,1.287,0.665,0.969,1.097,0.9583999999999999
2010-05-11,0.834,1.185,0.826,0.953,1.1170000000000002,0.9724999999999999
2010-05-12,0.669,0.945,0.614,0.849,1.0594000000000001,0.9774
2010-05-13,0.637,0.918,0.637,0.917,0.9949999999999999,0.9930000000000001
2010-05-14,0.986,1.252,0.881,1.112,0.96,1.0096
2010-05-17,1.112,1.112,0.828,0.939,0.9540000000000001,1.0255
2010-05-18,0.912,0.996,0.83,0.993,0.9620000000000001,1.0395
2010-05-19,2.597,2.597,1.229,1.229,1.038,1.0487
2010-05-20,1.315,1.599,1.315,1.371,1.1288,1.0619
2010-05-21,1.323,1.371,1.238,1.294,1.1652,1.0626000000000002
2010-05-24,0.7,0.956,0.656,0.956,1.1686,1.0613000000000001
2010-05-25,0.907,1.366,0.907,1.123,1.1946,1.0783
2010-05-26,0.699,0.898,0.699,0.836,1.116,1.0770000000000002
2010-05-27,0.772,0.888,0.702,0.859,1.0135999999999998,1.0712000000000002
2010-05-28,0.669,1.504,0.669,1.041,0.9629999999999999,1.0641000000000003
2010-06-01,0.712,0.938,0.707,0.845,0.9408000000000001,1.0547
2010-06-02,0.797,1.063,0.797,0.948,0.9057999999999999,1.0502000000000002
2010-06-03,0.799,1.081,0.79,0.989,0.9364000000000001,1.0262000000000002
2010-06-04,0.962,1.073,0.765,1.032,0.9709999999999999,0.9923000000000002
2010-06-07,0.697,1.008,0.697,0.938,0.9503999999999999,0.9567000000000002
2010-06-08,0.891,1.177,0.891,1.092,0.9998000000000001,0.9703000000000003
2010-06-09,0.951,1.08,0.943,1.021,1.0144,0.9601000000000003
2010-06-10,0.942,1.14,0.714,0.719,0.9603999999999999,0.9484000000000001
2010-06-11,0.773,1.056,0.773,1.055,0.9650000000000001,0.9680000000000003
2010-06-14,0.898,1.111,0.816,1.03,0.9834000000000002,0.9669000000000002
2010-06-15,0.754,0.961,0.713,0.866,0.9382000000000001,0.9690000000000003
2010-06-16,1.903,1.903,0.761,0.762,0.8864000000000001,0.9504000000000004
2010-06-17,0.715,0.861,0.529,0.529,0.8484000000000002,0.9044000000000004
2010-06-18,0.931,1.004,0.838,0.844,0.8062000000000001,0.8856000000000004
2010-06-21,0.541,0.857,0.541,0.83,0.7662000000000002,0.8748000000000005
2010-06-22,0.841,1.056,0.774,0.852,0.7634000000000001,0.8508000000000004
2010-06-23,0.829,1.02,0.829,0.976,0.8062000000000001,0.8463000000000003
2010-06-24,1.402,1.43,0.78,0.84,0.8684000000000001,0.8584000000000003
2010-06-25,1.044,1.108,0.831,0.833,0.8662000000000001,0.8362000000000004
2010-06-28,0.821,0.978,0.745,0.755,0.8512000000000001,0.8087000000000005
2010-06-29,0.83,1.203,0.803,1.106,0.9020000000000001,0.8327
2010-06-30,0.844,0.982,0.835,0.982,0.9032000000000002,0.8546999999999999
2010-07-01,0.911,1.349,0.809,1.241,0.9833999999999999,0.9259000000000001
2010-07-02,0.775,1.089,0.775,0.998,1.0164,0.9413
2010-07-06,0.751,1.081,0.708,0.718,1.009,0.9301
2010-07-07,0.802,1.002,0.783,0.852,0.9581999999999999,0.9301000000000001
2010-07-08,0.747,0.82,0.682,0.811,0.924,0.9136000000000001
2010-07-09,0.744,0.841,0.695,0.75,0.8257999999999999,0.9046000000000001
2010-07-12,0.587,0.893,0.569,0.842,0.7945999999999999,0.9055000000000002
2010-07-13,0.632,0.84,0.632,0.765,0.8039999999999999,0.9065000000000001
2010-07-14,0.579,0.886,0.579,0.84,0.8016,0.8799000000000001
2010-07-15,0.564,0.964,0.564,0.855,0.8103999999999999,0.8672000000000001
2010-07-16,0.679,1.132,0.679,1.116,0.8836,0.8547000000000002
2010-07-19,0.557,0.783,0.557,0.762,0.8676,0.8311000000000002
2010-07-20,0.924,0.97,0.834,0.858,0.8862,0.8451000000000001
2010-07-21,1.398,1.398,0.854,0.9,0.8982000000000001,0.8499000000000002
2010-07-22,0.602,0.865,0.598,0.796,0.8864000000000001,0.8484000000000002
2010-07-23,0.759,0.94,0.649,0.822,0.8276,0.8556000000000001
2010-07-26,0.735,0.91,0.701,0.88,0.8512000000000001,0.8594000000000002
2010-07-27,0.582,0.889,0.582,0.801,0.8398,0.8629999999999999
2010-07-28,0.759,0.863,0.64,0.726,0.8049999999999999,0.8516
2010-07-29,0.783,0.984,0.753,0.911,0.828,0.8572000000000001
2010-07-30,0.886,0.902,0.788,0.848,0.8331999999999999,0.8304
2010-08-02,0.748,0.874,0.702,0.784,0.8139999999999998,0.8326
2010-08-03,0.71,0.874,0.413,0.421,0.7379999999999999,0.7889000000000002
2010-08-04,0.848,0.997,0.773,0.776,0.748,0.7765000000000002
2010-08-05,0.729,0.836,0.687,0.794,0.7246,0.7763000000000002
2010-08-06,0.989,1.178,0.927,1.008,0.7566,0.7948999999999999
2010-08-09,0.73,0.86,0.73,0.773,0.7544000000000001,0.7842
2010-08-10,1.036,1.077,0.486,0.491,0.7684,0.7532
2010-08-11,1.127,1.208,0.966,1.015,0.8161999999999999,0.7821
2010-08-12,1.027,1.099,0.952,0.957,0.8488,0.7867
2010-08-13,1.043,1.078,0.798,0.832,0.8135999999999999,0.7851
2010-08-16,0.888,1.046,0.735,0.745,0.8079999999999998,0.7811999999999999
2010-08-17,0.735,0.891,0.699,0.705,0.8507999999999999,0.8096
2010-08-18,1.564,1.566,0.857,0.924,0.8325999999999999,0.8244
2010-08-19,0.786,1.11,0.786,1.032,0.8476000000000001,0.8482
2010-08-20,0.803,1.136,0.767,1.085,0.8982000000000001,0.8558999999999999
2010-08-23,0.523,0.858,0.523,0.793,0.9078000000000002,0.8578999999999999
2010-08-24,1.177,1.42,1.062,1.065,0.9798,0.9152999999999999
2010-08-25,0.885,1.158,0.885,0.918,0.9785999999999999,0.9056
2010-08-26,0.854,0.915,0.778,0.879,0.9480000000000001,0.8977999999999999
2010-08-27,1.03,1.111,0.736,0.745,0.8800000000000001,0.8891
2010-08-30,0.881,0.918,0.728,0.868,0.8949999999999999,0.9014
2010-08-31,0.905,1.245,0.845,0.847,0.8513999999999999,0.9156000000000001
2010-09-01,0.755,0.856,0.755,0.783,0.8244,0.9014999999999999
2010-09-02,0.651,0.89,0.651,0.837,0.8159999999999998,0.8819999999999999
2010-09-03,0.722,0.9,0.613,0.765,0.82,0.8499999999999999
2010-09-07,0.847,1.077,0.804,0.824,0.8112,0.8530999999999999
2010-09-08,0.867,1.525,0.759,0.813,0.8043999999999999,0.8279
2010-09-09,0.78,0.947,0.725,0.876,0.8229999999999998,0.8237
2010-09-10,0.993,1.125,0.561,0.565,0.7685999999999998,0.7923
2010-09-13,0.753,0.815,0.655,0.751,0.7657999999999999,0.7929
2010-09-14,0.704,0.81,0.62,0.713,0.7435999999999999,0.7774000000000001
2010-09-15,1.549,1.549,0.56,0.587,0.6983999999999999,0.7514000000000001
2010-09-16,0.722,0.816,0.377,0.377,0.5985999999999999,0.7108000000000001
2010-09-17,0.789,1.056,0.789,0.889,0.6634,0.716
2010-09-20,0.901,0.952,0.77,0.784,0.6699999999999999,0.7179
2010-09-21,0.97,0.989,0.779,0.816,0.6905999999999999,0.7171000000000001
2010-09-22,0.841,0.926,0.709,0.89,0.7511999999999999,0.7248
2010-09-23,0.902,1.186,0.869,0.895,0.8548,0.7267000000000001
2010-09-24,0.651,0.77,0.641,0.77,0.8310000000000001,0.7472000000000001
2010-09-27,0.476,0.825,0.472,0.7,0.8141999999999999,0.7421
2010-09-28,0.69,0.995,0.69,0.849,0.8208,0.7557
2010-09-29,0.907,0.921,0.54,0.559,0.7546000000000002,0.7529000000000001
2010-09-30,0.733,0.971,0.706,0.885,0.7526,0.8037000000000001
2010-10-01,0.799,0.879,0.7,0.789,0.7564,0.7937000000000001
2010-10-04,0.745,0.996,0.742,0.922,0.8008000000000001,0.8075000000000001
2010-10-05,0.538,0.897,0.335,0.336,0.6982,0.7595000000000002
2010-10-06,0.801,0.836,0.667,0.823,0.751,0.7528
2010-10-07,0.863,1.015,0.86,0.942,0.7624,0.7575000000000001
2010-10-08,0.781,0.879,0.721,0.83,0.7706,0.7635000000000001
2010-10-11,0.703,0.856,0.683,0.843,0.7547999999999999,0.7778
2010-10-12,0.923,1.415,0.693,0.699,0.8273999999999999,0.7628
2010-10-13,0.566,0.782,0.554,0.776,0.818,0.7845
2010-10-14,0.851,0.954,0.569,0.64,0.7575999999999998,0.76
2010-10-15,0.729,0.885,0.729,0.747,0.7409999999999999,0.7558
2010-10-18,0.773,0.826,0.633,0.826,0.7375999999999998,0.7462
2010-10-19,0.846,0.975,0.846,0.89,0.7757999999999998,0.8016
2010-10-20,1.461,1.461,0.759,0.763,0.7731999999999998,0.7956
2010-10-21,0.988,0.997,0.846,0.99,0.8431999999999997,0.8004
2010-10-22,0.933,0.972,0.864,0.945,0.8827999999999998,0.8119
2010-10-25,0.797,0.9,0.688,0.899,0.8973999999999999,0.8175000000000001
2010-10-26,0.788,0.913,0.589,0.59,0.8373999999999997,0.8066000000000001
2010-10-27,0.738,0.994,0.704,0.87,0.8587999999999998,0.8160000000000001
2010-10-28,0.536,0.833,0.536,0.797,0.8201999999999998,0.8317
2010-10-29,0.699,1.029,0.699,0.822,0.7955999999999998,0.8392000000000002
2010-11-01,0.723,0.942,0.723,0.928,0.8013999999999998,0.8494000000000002
2010-11-02,0.6,0.756,0.494,0.512,0.7857999999999997,0.8116
2010-11-03,0.687,0.83,0.576,0.614,0.7345999999999997,0.7967000000000001
2010-11-04,0.904,0.904,0.668,0.681,0.7113999999999997,0.7658
2010-11-05,0.598,0.678,0.531,0.623,0.6715999999999996,0.7336
2010-11-08,0.615,0.728,0.539,0.54,0.5939999999999998,0.6977
2010-11-09,0.595,0.715,0.582,0.662,0.6239999999999997,0.7049000000000001
2010-11-10,0.803,0.917,0.611,0.788,0.6587999999999997,0.6967000000000001
2010-11-11,0.978,0.978,0.69,0.718,0.6661999999999997,0.6888
2010-11-12,0.789,0.902,0.65,0.9,0.7215999999999998,0.6966
2010-11-15,0.656,0.817,0.56,0.579,0.7293999999999998,0.6617
2010-11-16,0.917,1.074,0.885,0.897,0.7763999999999998,0.7002
2010-11-17,1.203,1.203,0.821,0.904,0.7995999999999998,0.7292000000000001
2010-11-18,0.659,0.836,0.659,0.746,0.8051999999999998,0.7357000000000001
2010-11-19,0.662,0.871,0.662,0.715,0.7681999999999998,0.7449000000000001
2010-11-22,0.905,0.959,0.69,0.762,0.8047999999999998,0.7671
2010-11-23,0.848,0.95,0.819,0.893,0.8039999999999997,0.7902
2010-11-24,0.715,0.954,0.704,0.717,0.7665999999999997,0.7830999999999999
2010-11-26,0.874,0.894,0.347,0.455,0.7083999999999997,0.7567999999999999
2010-11-29,0.773,1.163,0.696,0.877,0.7407999999999997,0.7545
2010-11-30,0.971,1.292,0.821,0.848,0.7579999999999997,0.7814
2010-12-01,0.578,0.77,0.578,0.728,0.7249999999999996,0.7645
2010-12-02,0.448,0.727,0.419,0.667,0.7149999999999996,0.7407999999999999
2010-12-03,0.698,0.735,0.576,0.717,0.7673999999999997,0.7379
2010-12-06,0.695,0.713,0.55,0.681,0.7281999999999996,0.7344999999999999
2010-12-07,0.464,0.611,0.445,0.485,0.6555999999999997,0.7068
2010-12-08,0.695,0.866,0.626,0.752,0.6603999999999998,0.6927000000000001
2010-12-09,0.461,0.694,0.417,0.694,0.6657999999999997,0.6904
2010-12-10,0.621,0.74,0.544,0.564,0.6351999999999998,0.7013
2010-12-13,0.385,0.639,0.385,0.637,0.6263999999999996,0.6773
2010-12-14,0.767,0.803,0.57,0.772,0.6837999999999996,0.6697
2010-12-15,0.786,1.032,0.711,0.767,0.6867999999999996,0.6736000000000001
2010-12-16,0.806,0.84,0.317,0.317,0.6113999999999997,0.6386000000000001
2010-12-17,0.685,0.846,0.682,0.741,0.6467999999999997,0.641
2010-12-20,0.658,0.819,0.262,0.27,0.5733999999999997,0.5999000000000001
2010-12-21,0.784,0.784,0.378,0.39,0.4969999999999997,0.5904
2010-12-22,1.431,1.431,0.455,0.456,0.43479999999999963,0.5608
2010-12-23,0.675,0.882,0.648,0.862,0.5438000000000001,0.5776
2010-12-27,0.841,1.009,0.673,0.675,0.5306000000000001,0.5887
2010-12-28,0.606,0.658,0.447,0.448,0.5662,0.5698000000000001
2010-12-29,0.73,0.897,0.625,0.793,0.6468,0.5719000000000001
2010-12-30,0.768,0.846,0.363,0.84,0.7236,0.5792
2010-12-31,0.89,1.266,0.69,0.741,0.6994,0.6216
2011-01-03,0.535,0.738,0.535,0.676,0.6996,0.6151000000000001
2011-01-04,0.594,0.746,0.532,0.599,0.7297999999999999,0.648
2011-01-05,0.703,0.821,0.322,0.324,0.6359999999999999,0.6414000000000001
2011-01-06,0.531,0.699,0.531,0.695,0.607,0.6653
2011-01-07,0.718,0.935,0.604,0.869,0.6326,0.666
2011-01-10,0.759,0.841,0.682,0.812,0.6597999999999999,0.6797
2011-01-11,0.659,0.791,0.627,0.635,0.667,0.6984
2011-01-12,0.524,0.748,0.521,0.735,0.7492,0.6926
2011-01-13,0.454,0.683,0.434,0.659,0.742,0.6744999999999999
2011-01-14,0.671,0.814,0.586,0.604,0.6890000000000001,0.6607999999999999
2011-01-18,0.557,0.729,0.544,0.603,0.6472,0.6535
2011-01-19,1.516,1.516,0.83,0.915,0.7032,0.6851
2011-01-20,0.885,0.991,0.87,0.871,0.7304,0.7398
2011-01-21,0.609,0.764,0.594,0.763,0.7512000000000001,0.7465999999999999
2011-01-24,0.679,0.8,0.64,0.756,0.7816000000000001,0.7352999999999998
2011-01-25,0.827,0.926,0.82,0.91,0.8430000000000002,0.7450999999999999
2011-01-26,0.656,0.907,0.649,0.829,0.8258000000000001,0.7644999999999998
2011-01-27,0.743,1.071,0.682,0.901,0.8318000000000001,0.7810999999999999
2011-01-28,0.792,1.051,0.792,1.044,0.8880000000000001,0.8195999999999998
2011-01-31,0.808,1.043,0.801,0.908,0.9184000000000001,0.8499999999999999
2011-02-01,0.652,0.906,0.594,0.667,0.8698,0.8563999999999998
2011-02-02,0.706,0.852,0.632,0.642,0.8324000000000001,0.8290999999999998
2011-02-03,0.664,0.883,0.461,0.879,0.8280000000000001,0.8299
2011-02-04,0.724,0.849,0.724,0.812,0.7816000000000003,0.8347999999999999
2011-02-07,0.617,1.055,0.617,0.704,0.7408000000000001,0.8295999999999999
2011-02-08,0.609,0.779,0.609,0.656,0.7386000000000001,0.8042
2011-02-09,0.638,0.896,0.615,0.871,0.7844000000000001,0.8084
2011-02-10,1.036,1.036,0.745,0.762,0.7610000000000001,0.7945
2011-02-11,0.673,0.89,0.673,0.684,0.7354,0.7585
2011-02-14,0.816,0.816,0.652,0.669,0.7284000000000002,0.7346
2011-02-15,0.637,1.343,0.637,0.697,0.7366000000000001,0.7375999999999999
2011-02-16,1.534,1.534,0.679,0.691,0.7006000000000001,0.7424999999999999
2011-02-17,0.652,0.766,0.638,0.752,0.6986000000000001,0.7297999999999999
2011-02-18,0.746,0.824,0.66,0.807,0.7232000000000001,0.7293
2011-02-22,0.804,0.972,0.766,0.962,0.7818000000000002,0.7550999999999999
2011-02-23,1.105,1.123,0.849,0.854,0.8132000000000001,0.7748999999999999
2011-02-24,0.892,0.96,0.759,0.932,0.8614,0.7809999999999999
2011-02-25,0.688,0.937,0.667,0.835,0.8780000000000001,0.7883
2011-02-28,0.695,0.86,0.684,0.856,0.8878,0.8055
2011-03-01,0.845,0.979,0.817,0.874,0.8702000000000002,0.826
2011-03-02,0.721,0.907,0.677,0.822,0.8638000000000001,0.8385
2011-03-03,0.777,0.907,0.769,0.795,0.8364,0.8489000000000001
2011-03-04,0.823,0.892,0.729,0.891,0.8476000000000001,0.8628
2011-03-07,0.678,0.852,0.657,0.843,0.8450000000000001,0.8664000000000002
2011-03-08,0.78,0.828,0.56,0.704,0.8110000000000002,0.8406
2011-03-09,0.612,0.846,0.612,0.846,0.8158000000000001,0.8398
2011-03-10,0.91,1.147,0.843,0.854,0.8276,0.8320000000000001
2011-03-11,1.304,1.365,0.943,0.957,0.8408000000000001,0.8442000000000001
2011-03-14,0.902,0.94,0.788,0.916,0.8554,0.8502000000000001
2011-03-15,1.235,1.352,1.045,1.047,0.924,0.8675
2011-03-16,1.942,1.942,1.166,1.229,1.0006,0.9082000000000001
2011-03-17,0.85,0.971,0.525,0.525,0.9348000000000001,0.8812000000000001
2011-03-18,0.803,1.05,0.753,0.968,0.9369999999999999,0.8889000000000001
2011-03-21,0.484,0.722,0.484,0.701,0.8939999999999999,0.8747000000000001
2011-03-22,0.669,0.869,0.623,0.796,0.8438000000000001,0.8839
2011-03-23,0.769,1.134,0.769,0.779,0.7538,0.8772000000000002
2011-03-24,0.639,0.872,0.638,0.823,0.8134,0.8741000000000001
2011-03-25,0.741,0.94,0.741,0.844,0.7886,0.8628
2011-03-28,0.663,0.904,0.598,0.607,0.7698,0.8319000000000001
2011-03-29,0.749,0.843,0.703,0.708,0.7522,0.798
2011-03-30,0.708,0.816,0.594,0.815,0.7594000000000001,0.7565999999999999
2011-03-31,0.656,0.88,0.611,0.879,0.7706,0.7919999999999999
2011-04-01,0.815,0.991,0.796,0.872,0.7762,0.7823999999999999
2011-04-04,0.643,0.905,0.634,0.902,0.8352,0.8025
2011-04-05,0.937,0.961,0.365,0.37,0.7676000000000001,0.7598999999999999
2011-04-06,0.64,1.62,0.553,0.73,0.7506,0.7549999999999999
2011-04-07,0.632,0.93,0.562,0.892,0.7532,0.7619
2011-04-08,1.004,1.004,0.764,0.894,0.7576,0.7668999999999999
2011-04-11,0.795,1.002,0.708,0.915,0.7602000000000001,0.7977
2011-04-12,0.951,1.123,0.856,0.859,0.8580000000000002,0.8128
2011-04-13,0.774,0.918,0.746,0.783,0.8686000000000001,0.8096
2011-04-14,0.889,1.127,0.87,0.945,0.8792000000000002,0.8161999999999999
2011-04-15,0.756,0.983,0.735,0.92,0.8844000000000001,0.821
2011-04-18,1.103,1.103,0.908,0.921,0.8856000000000002,0.8229
2011-04-19,0.584,0.815,0.578,0.798,0.8734000000000002,0.8656999999999998
2011-04-20,0.904,0.904,0.72,0.786,0.8740000000000002,0.8712999999999997
2011-04-21,0.728,0.921,0.708,0.858,0.8566,0.8678999999999999
2011-04-25,0.647,0.824,0.646,0.733,0.8192000000000002,0.8517999999999999
2011-04-26,0.642,0.799,0.639,0.798,0.7946000000000002,0.8400999999999998
2011-04-27,0.759,0.94,0.699,0.703,0.7756000000000001,0.8244999999999999
2011-04-28,0.672,0.806,0.645,0.8,0.7784000000000001,0.8261999999999998
2011-04-29,0.599,0.842,0.527,0.825,0.7718,0.8141999999999998
2011-05-02,0.678,0.846,0.661,0.834,0.7920000000000001,0.8055999999999998
2011-05-03,0.882,0.912,0.532,0.539,0.7402000000000001,0.7673999999999997
2011-05-04,0.89,1.143,0.872,1.011,0.8018000000000001,0.7886999999999997
2011-05-05,0.94,1.114,0.905,0.978,0.8374000000000003,0.8078999999999997
2011-05-06,0.847,1.03,0.82,1.03,0.8784000000000003,0.8250999999999997
2011-05-09,0.9,0.967,0.821,0.825,0.8766000000000002,0.8342999999999996
2011-05-10,0.713,0.766,0.392,0.415,0.8518000000000002,0.7959999999999996
2011-05-11,0.635,0.941,0.615,0.912,0.8320000000000002,0.8168999999999997
2011-05-12,0.898,0.959,0.754,0.756,0.7876000000000001,0.8124999999999997
2011-05-13,0.884,1.014,0.865,0.959,0.7734000000000002,0.8258999999999996
2011-05-16,0.841,0.897,0.732,0.831,0.7746000000000002,0.8255999999999997
2011-05-17,1.043,1.289,0.879,0.93,0.8776000000000002,0.8646999999999997
2011-05-18,1.272,1.272,0.819,0.825,0.8602000000000002,0.8460999999999996
2011-05-19,0.787,1.002,0.749,0.934,0.8958000000000002,0.8416999999999997
2011-05-20,0.974,1.095,0.897,1.083,0.9206000000000003,0.8469999999999995
2011-05-23,1,1.049,0.881,0.969,0.9482000000000003,0.8613999999999995
2011-05-24,0.665,0.945,0.654,0.886,0.9394000000000002,0.9084999999999995
2011-05-25,0.731,0.871,0.656,0.751,0.9246000000000002,0.8923999999999996
2011-05-26,0.645,1.184,0.633,0.759,0.8896000000000001,0.8926999999999996
2011-05-27,0.747,0.806,0.657,0.801,0.8332000000000003,0.8768999999999995
2011-05-31,0.767,0.938,0.661,0.68,0.7754000000000002,0.8617999999999995
2011-06-01,0.966,1.31,0.951,1.086,0.8154000000000001,0.8774000000000001
2011-06-02,0.774,1.16,0.774,1.026,0.8704000000000001,0.8975000000000002
2011-06-03,0.962,1.169,0.927,1.169,0.9524000000000001,0.921
2011-06-06,1.019,1.098,0.867,1.098,1.0118000000000003,0.9225000000000001
2011-06-07,0.763,1.208,0.763,0.854,1.0466000000000002,0.9110000000000001
2011-06-08,1.039,1.278,0.971,1.171,1.0635999999999999,0.9395000000000001
2011-06-09,0.964,1.075,0.866,1.023,1.063,0.9667000000000001
2011-06-10,0.923,1.372,0.912,0.923,1.0137999999999998,0.9831000000000001
2011-06-13,0.892,1.055,0.838,1.001,0.9943999999999997,1.0031
2011-06-14,0.726,0.95,0.7,0.801,0.9837999999999999,1.0152
2011-06-15,1.516,1.516,1.141,1.15,0.9795999999999999,1.0215999999999998
2011-06-16,0.915,1.403,0.817,0.841,0.9431999999999998,1.0031
2011-06-17,1.037,1.164,1.008,1.163,0.9911999999999999,1.0025
2011-06-20,0.821,0.897,0.747,0.768,0.9446,0.9695
2011-06-21,0.789,1.001,0.789,0.825,0.9494,0.9666
2011-06-22,0.938,1.215,0.829,0.878,0.8949999999999999,0.9373000000000001
2011-06-23,1.281,1.384,1.119,1.123,0.9513999999999999,0.9472999999999999
2011-06-24,0.841,1.089,0.841,1.061,0.9309999999999998,0.9610999999999998
2011-06-27,1.019,1.148,0.504,0.504,0.8782,0.9113999999999999
2011-06-28,0.76,0.939,0.76,0.847,0.8825999999999998,0.916
2011-06-29,0.807,1.127,0.788,1.043,0.9155999999999999,0.9053000000000001
2011-06-30,0.874,1.061,0.874,1.008,0.8925999999999998,0.9219999999999999
2011-07-01,0.99,0.99,0.801,0.855,0.8513999999999999,0.8911999999999999
2011-07-05,0.891,1.106,0.378,0.383,0.8271999999999998,0.8526999999999999
2011-07-06,0.95,1.307,0.887,0.898,0.8373999999999999,0.8599999999999998
2011-07-07,0.729,0.914,0.701,0.913,0.8113999999999999,0.8634999999999998
2011-07-08,0.901,1.144,0.885,1.084,0.8265999999999998,0.8595999999999998
2011-07-11,1.022,1.295,1.022,1.19,0.8935999999999998,0.8724999999999999
2011-07-12,1.163,1.278,0.767,0.788,0.9745999999999997,0.9009
2011-07-13,0.995,1.097,0.867,0.964,0.9877999999999998,0.9126
2011-07-14,0.812,1.158,0.796,1.119,1.029,0.9202
2011-07-15,0.796,0.995,0.756,0.973,1.0068,0.9167
2011-07-18,0.82,0.955,0.716,0.939,0.9565999999999999,0.9250999999999999
2011-07-19,0.678,0.751,0.656,0.677,0.9343999999999999,0.9545
2011-07-20,0.967,0.967,0.731,0.74,0.8896,0.9386999999999999
2011-07-21,0.777,0.811,0.706,0.75,0.8158,0.9223999999999999
2011-07-22,0.754,0.931,0.75,0.844,0.79,0.8983999999999999
2011-07-25,0.872,1.009,0.872,0.923,0.7868,0.8716999999999999
2011-07-26,0.797,0.965,0.797,0.856,0.8226000000000001,0.8784999999999998
2011-07-27,0.934,1.11,0.934,1.062,0.8870000000000001,0.8882999999999998
2011-07-28,1.037,1.05,0.932,0.964,0.9298000000000002,0.8727999999999998
2011-07-29,0.942,1.127,0.942,1.067,0.9744000000000002,0.8821999999999999
2011-08-01,0.833,1.116,0.813,1.094,1.0086000000000002,0.8976999999999998
2011-08-02,0.869,1.158,0.809,0.817,1.0008000000000001,0.9116999999999997
2011-08-03,0.999,1.391,0.999,1.187,1.0258,0.9563999999999997
2011-08-04,1.086,1.485,1.086,1.322,1.0974000000000002,1.0135999999999998
2011-08-05,1.335,1.522,1.276,1.286,1.1412000000000002,1.0577999999999999
2011-08-08,1.468,1.527,1.397,1.427,1.2078000000000002,1.1081999999999996
2011-08-09,1.371,1.407,1.102,1.14,1.2724,1.1365999999999996
2011-08-10,0.977,1.189,0.946,1.163,1.2676,1.1466999999999996
2011-08-11,1.103,1.173,0.95,0.971,1.1974,1.1473999999999998
2011-08-12,1.033,1.107,0.941,1.015,1.1432,1.1421999999999997
2011-08-15,0.952,0.978,0.862,0.921,1.0419999999999998,1.1248999999999998
2011-08-16,0.964,1.132,0.964,1.036,1.0211999999999999,1.1467999999999996
2011-08-17,1.789,1.789,1.152,1.158,1.0201999999999998,1.1438999999999997
2011-08-18,1.356,1.481,1.247,1.319,1.0897999999999999,1.1435999999999997
2011-08-19,1.273,1.386,1.2,1.312,1.1492,1.1461999999999994
2011-08-22,0.825,0.97,0.808,0.96,1.157,1.0994999999999995
2011-08-23,1.43,1.435,1.024,1.045,1.1588,1.0899999999999994
2011-08-24,1.086,1.238,1.004,1.136,1.1544,1.0872999999999995
2011-08-25,1.188,1.306,1.096,1.102,1.111,1.1003999999999994
2011-08-26,1.164,1.388,1.079,1.08,1.0646,1.1068999999999993
2011-08-29,0.849,0.904,0.766,0.771,1.0268000000000002,1.0918999999999994
2011-08-30,0.899,1.072,0.835,1.023,1.0224,1.0905999999999996
2011-08-31,1.053,1.224,1.053,1.093,1.0138000000000003,1.0840999999999996
2011-09-01,1.028,1.194,1.023,1.151,1.0236000000000003,1.0672999999999995
2011-09-02,1.252,1.252,1.027,1.116,1.0308000000000002,1.0476999999999994
2011-09-06,1.057,1.243,1.039,1.142,1.105,1.0658999999999996
2011-09-07,0.882,0.916,0.801,0.909,1.0822000000000003,1.0522999999999993
2011-09-08,0.959,1.052,0.912,1.038,1.0712000000000002,1.0424999999999993
2011-09-09,1.096,1.458,1.096,1.322,1.1054000000000002,1.0644999999999993
2011-09-12,1.445,1.648,1.093,1.1,1.1022000000000003,1.0664999999999993
2011-09-13,1.204,1.209,0.988,0.998,1.0734000000000001,1.0891999999999995
2011-09-14,0.954,1.055,0.814,0.941,1.0798,1.0809999999999995
2011-09-15,1.368,1.368,0.475,0.476,0.9674000000000003,1.0192999999999994
2011-09-16,1.208,1.208,0.988,1.03,0.9090000000000004,1.0071999999999994
2011-09-19,1.496,1.52,1.037,1.044,0.8978000000000004,0.9999999999999994
2011-09-20,1.061,1.129,0.826,0.844,0.8670000000000003,0.9701999999999995
2011-09-21,1.271,1.271,1.057,1.103,0.8994000000000003,0.9896
2011-09-22,1.113,1.242,1.113,1.197,1.0436000000000003,1.0055
2011-09-23,1.018,1.049,0.877,0.998,1.0372000000000003,0.9731
2011-09-26,1.02,1.033,0.929,0.946,1.0176000000000003,0.9577000000000002
2011-09-27,0.902,1.169,0.877,0.926,1.0340000000000003,0.9505000000000001
2011-09-28,1.038,1.337,1.011,1.331,1.0796000000000003,0.9895000000000002
2011-09-29,1.235,1.235,1.055,1.096,1.0594000000000003,1.0515
2011-09-30,1.285,1.396,1.127,1.198,1.0994000000000004,1.0683000000000002
2011-10-03,1.04,1.3,1.04,1.267,1.1636000000000004,1.0906
2011-10-04,1.05,1.441,1.05,1.146,1.2076000000000005,1.1208
2011-10-05,0.991,1.165,0.863,0.873,1.1160000000000003,1.0978
2011-10-06,1.023,1.048,0.929,1.041,1.1050000000000002,1.0821999999999998
2011-10-07,1.146,1.146,0.966,1.057,1.0768000000000002,1.0881
2011-10-10,0.993,1.204,0.954,1.017,1.0268000000000002,1.0951999999999997
2011-10-11,1.018,1.381,1.018,1.066,1.0108000000000001,1.1092
2011-10-12,0.919,1.072,0.905,1.072,1.0506000000000002,1.0833
2011-10-13,0.989,1.19,0.943,1.108,1.0640000000000005,1.0844999999999998
2011-10-14,0.873,0.989,0.798,0.802,1.0130000000000003,1.0448999999999997
2011-10-17,0.934,1.088,0.874,1.088,1.0272000000000003,1.0269999999999997
2011-10-18,1.251,1.251,0.831,0.865,0.9870000000000004,0.9988999999999997
2011-10-19,1.298,1.298,0.973,1.047,0.9820000000000004,1.0162999999999998
2011-10-20,1.34,1.34,1.101,1.121,0.9846000000000004,1.0242999999999998
2011-10-21,0.721,0.813,0.699,0.79,0.9822000000000003,0.9975999999999997
2011-10-24,0.942,0.942,0.829,0.877,0.9400000000000002,0.9835999999999997
2011-10-25,0.971,1.056,0.886,1.052,0.9774000000000003,0.9821999999999995
2011-10-26,0.898,1.129,0.898,0.944,0.9568000000000001,0.9693999999999996
2011-10-27,1.055,1.076,0.846,0.867,0.9060000000000002,0.9452999999999996
2011-10-28,1.142,1.142,0.846,0.859,0.9198000000000002,0.9509999999999996
2011-10-31,1.17,1.347,1.056,1.088,0.9620000000000003,0.9509999999999996
2011-11-01,1.717,1.717,1.216,1.221,0.9958000000000004,0.9865999999999996
2011-11-02,0.931,1.008,0.812,0.814,0.9698000000000004,0.9632999999999996
2011-11-03,0.82,1.179,0.816,1.069,1.0102000000000004,0.9580999999999996
2011-11-04,0.883,1.044,0.846,0.996,1.0376000000000003,0.9786999999999996
2011-11-07,0.843,0.928,0.516,0.524,0.9248000000000001,0.9433999999999996
2011-11-08,0.736,1.171,0.712,1.011,0.8828000000000003,0.9392999999999996
2011-11-09,1.388,1.388,1.15,1.244,0.9688000000000002,0.9692999999999994
2011-11-10,1.107,1.161,1.055,1.103,0.9756000000000002,0.9928999999999994
2011-11-11,0.92,1.005,0.854,0.854,0.9472000000000002,0.9923999999999996
2011-11-14,1.172,1.228,0.793,0.798,1.0020000000000002,0.9633999999999995
2011-11-15,1.049,1.053,0.771,0.778,0.9554000000000004,0.9190999999999996
2011-11-16,1.727,1.761,1.097,1.124,0.9314000000000003,0.9500999999999996
2011-11-17,1.22,1.229,1.042,1.213,0.9534000000000005,0.9644999999999996
2011-11-18,1.059,1.139,0.767,0.995,0.9816000000000005,0.9643999999999997
2011-11-21,1,1.102,0.927,1.02,1.0260000000000005,1.0139999999999996
2011-11-22,0.974,1.003,0.924,0.985,1.0674000000000006,1.0113999999999996
2011-11-23,1.456,1.635,0.966,1.001,1.0428,0.9870999999999999
2011-11-25,0.838,0.985,0.835,0.975,0.9951999999999999,0.9742999999999998
2011-11-28,0.711,0.925,0.652,0.654,0.9269999999999999,0.9542999999999999
2011-11-29,0.775,0.881,0.714,0.872,0.8973999999999999,0.9616999999999999
2011-11-30,1.033,1.042,0.837,0.863,0.8729999999999997,0.9702
2011-12-01,0.9,1.137,0.834,0.916,0.8559999999999997,0.9494
2011-12-02,0.964,1.048,0.797,0.889,0.8387999999999998,0.917
2011-12-05,0.842,0.973,0.822,0.891,0.8861999999999999,0.9066000000000001
2011-12-06,0.984,0.986,0.73,0.86,0.8837999999999997,0.8906000000000001
2011-12-07,0.898,1.026,0.867,0.895,0.8901999999999998,0.8816
2011-12-08,0.86,0.967,0.807,0.957,0.8983999999999999,0.8772
2011-12-09,0.77,1.157,0.763,0.998,0.9201999999999998,0.8795
2011-12-12,0.954,1.14,0.791,0.791,0.9001999999999999,0.8932
2011-12-13,1.145,1.187,0.89,0.901,0.9083999999999998,0.8961
2011-12-14,1.086,1.256,1.049,1.078,0.945,0.9176000000000002
2011-12-15,1.008,1.174,0.483,0.486,0.8507999999999999,0.8746
2011-12-16,1.032,1.062,0.847,1.032,0.8575999999999999,0.8888999999999999
2011-12-19,0.694,1.005,0.654,0.671,0.8335999999999999,0.8669
2011-12-20,0.76,0.781,0.692,0.706,0.7945999999999998,0.8515
2011-12-21,1.294,1.294,0.376,0.377,0.6543999999999999,0.7997
2011-12-22,0.827,0.975,0.803,0.894,0.7359999999999999,0.7933999999999999
2011-12-23,0.968,1.019,0.53,0.54,0.6375999999999998,0.7476
2011-12-27,0.887,0.931,0.447,0.459,0.5951999999999998,0.7143999999999999
2011-12-28,0.698,1.03,0.698,0.957,0.6453999999999999,0.72
2011-12-29,1.027,1.039,0.821,0.836,0.7371999999999999,0.6958
2011-12-30,0.82,0.839,0.714,0.752,0.7087999999999999,0.7223999999999999
2012-01-03,0.776,0.843,0.616,0.621,0.7249999999999999,0.6812999999999999
2012-01-04,0.943,0.949,0.776,0.849,0.8029999999999997,0.6990999999999998
2012-01-05,0.944,1.019,0.315,0.318,0.6751999999999999,0.6602999999999999
2012-01-06,0.787,0.905,0.738,0.875,0.683,0.7100999999999998
2012-01-09,0.845,0.851,0.722,0.844,0.7013999999999999,0.7050999999999998
2012-01-10,0.558,0.712,0.517,0.519,0.681,0.7029999999999998
2012-01-11,0.951,1.194,0.787,0.79,0.6692,0.7360999999999999
2012-01-12,0.875,0.909,0.796,0.812,0.768,0.7215999999999998
2012-01-13,1.02,1.049,0.782,0.908,0.7746000000000001,0.7287999999999999
2012-01-17,0.754,0.79,0.476,0.536,0.7130000000000001,0.7071999999999999
2012-01-18,1.209,1.209,0.734,0.743,0.7578000000000001,0.7193999999999999
2012-01-19,0.619,0.754,0.563,0.679,0.7356,0.7024
2012-01-20,0.772,0.897,0.725,0.753,0.7238,0.7459
2012-01-23,0.742,0.93,0.742,0.846,0.7114,0.743
2012-01-24,1.248,1.291,1.052,1.078,0.8198000000000001,0.7664000000000001
2012-01-25,0.955,0.955,0.773,0.811,0.8333999999999999,0.7956000000000001
2012-01-26,0.731,0.946,0.688,0.917,0.881,0.8083
2012-01-27,0.89,0.935,0.825,0.828,0.8959999999999999,0.8099000000000001
2012-01-30,0.972,1.016,0.913,0.953,0.9174,0.8144000000000002
2012-01-31,0.751,0.997,0.607,0.611,0.8239999999999998,0.8219000000000001
2012-02-01,0.809,0.925,0.755,0.757,0.8131999999999998,0.8233000000000003
2012-02-02,0.856,1.005,0.56,0.562,0.7421999999999999,0.8116000000000001
2012-02-03,0.769,0.874,0.671,0.874,0.7514,0.8237000000000002
2012-02-06,0.995,1.012,0.803,0.805,0.7217999999999999,0.8196000000000001
2012-02-07,0.755,1.026,0.724,0.724,0.7444,0.7842000000000001
2012-02-08,0.783,0.909,0.748,0.886,0.7701999999999998,0.7917000000000002
2012-02-09,0.732,0.843,0.701,0.809,0.8195999999999998,0.7809000000000001
2012-02-10,0.981,1.259,0.826,0.843,0.8133999999999999,0.7824000000000001
2012-02-13,0.832,0.991,0.437,0.442,0.7407999999999999,0.7313000000000001
2012-02-14,0.788,1.054,0.679,0.687,0.7334,0.7388999999999999
2012-02-15,1.178,1.178,0.879,0.885,0.7332000000000001,0.7516999999999999
2012-02-16,0.887,1.019,0.83,0.846,0.7406,0.7800999999999999
2012-02-17,0.759,0.824,0.702,0.752,0.7224,0.7678999999999999
2012-02-21,0.742,0.898,0.716,0.854,0.8048,0.7727999999999999
2012-02-22,1.044,1.044,0.645,0.65,0.7974,0.7654
2012-02-23,1.03,1.03,0.845,0.847,0.7898000000000001,0.7615000000000001
2012-02-24,1.191,1.328,0.997,1,0.8206,0.7806
2012-02-27,0.988,1.01,0.757,0.761,0.8224,0.7724
2012-02-28,0.856,0.913,0.775,0.805,0.8126000000000001,0.8087
2012-02-29,0.803,0.936,0.737,0.864,0.8554,0.8263999999999999
2012-03-01,1.073,1.076,0.829,0.833,0.8526,0.8211999999999999
2012-03-02,1.138,1.173,0.883,0.894,0.8314,0.8259999999999998
2012-03-05,1.23,1.23,0.932,0.991,0.8774000000000001,0.8498999999999999
2012-03-06,1.379,1.411,0.757,0.761,0.8686,0.8405999999999999
2012-03-07,0.894,0.972,0.751,0.758,0.8474,0.8513999999999999
2012-03-08,0.791,0.957,0.769,0.914,0.8636000000000001,0.8581
2012-03-09,0.953,1.073,0.878,0.931,0.8710000000000001,0.8511999999999998
2012-03-12,1.103,1.103,0.565,0.576,0.788,0.8326999999999998
2012-03-13,0.876,0.999,0.743,0.749,0.7856,0.8271
2012-03-14,0.707,0.861,0.675,0.843,0.8026,0.8249999999999998
2012-03-15,0.62,0.742,0.336,0.338,0.6874,0.7754999999999999
2012-03-16,0.677,0.757,0.644,0.752,0.6516,0.7612999999999999
2012-03-19,0.725,0.796,0.654,0.796,0.6956,0.7417999999999999
2012-03-20,0.977,0.977,0.846,0.869,0.7196,0.7525999999999999
2012-03-21,0.936,0.936,0.818,0.851,0.7212,0.7619
2012-03-22,0.912,1.11,0.893,1.024,0.8583999999999999,0.7728999999999999
2012-03-23,0.682,1.069,0.682,1.008,0.9096,0.7806
2012-03-26,0.687,0.794,0.682,0.793,0.909,0.8023
2012-03-27,0.898,0.898,0.709,0.711,0.8774000000000001,0.7985
2012-03-28,0.733,1.04,0.674,1.027,0.9126000000000001,0.8169000000000001
2012-03-29,0.797,1.087,0.769,1.01,0.9098,0.8840999999999999
2012-03-30,0.876,1.08,0.855,0.857,0.8796000000000002,0.8946
2012-04-02,0.768,0.887,0.546,0.547,0.8304,0.8696999999999999
2012-04-03,0.698,0.881,0.693,0.881,0.8644000000000002,0.8709
2012-04-04,1.142,1.154,0.538,0.549,0.7688,0.8407
2012-04-05,0.906,0.962,0.876,0.924,0.7516,0.8307
2012-04-09,0.879,1.215,0.879,1.021,0.7844,0.8320000000000001
2012-04-10,0.76,1.021,0.76,0.958,0.8666,0.8484999999999999
2012-04-11,0.815,1.104,0.814,1.021,0.8946000000000002,0.8795
2012-04-12,0.951,0.983,0.763,0.853,0.9554,0.8621000000000001
2012-04-13,0.959,1.092,0.889,0.899,0.9504000000000001,0.851
2012-04-16,0.862,1.199,0.843,1.108,0.9678000000000001,0.8761000000000001
2012-04-17,1.106,1.106,0.871,0.894,0.9550000000000001,0.9108
2012-04-18,1.144,1.146,0.836,0.874,0.9256,0.9101000000000001
2012-04-19,0.712,0.998,0.71,0.968,0.9486000000000001,0.9520000000000002
2012-04-20,0.883,0.918,0.793,0.875,0.9438000000000001,0.9471
2012-04-23,0.856,1.065,0.856,0.942,0.9106000000000002,0.9392000000000001
2012-04-24,1.079,1.166,0.915,0.917,0.9152000000000001,0.9351
2012-04-25,0.824,0.906,0.785,0.791,0.8986000000000001,0.9121
2012-04-26,0.738,0.848,0.687,0.836,0.8722000000000001,0.9104000000000001
2012-04-27,0.904,1.037,0.835,0.843,0.8657999999999999,0.9048
2012-04-30,0.892,1.044,0.827,0.862,0.8498000000000001,0.8802000000000001
2012-05-01,0.995,1.071,0.78,0.793,0.825,0.8701000000000001
2012-05-02,0.96,1.017,0.631,0.638,0.7944,0.8465
2012-05-03,0.949,0.977,0.787,0.928,0.8128,0.8425
2012-05-04,0.98,1.06,0.881,1.017,0.8475999999999999,0.8567
2012-05-07,1.007,1.142,0.99,1.002,0.8756,0.8627
2012-05-08,1.143,1.41,0.707,0.713,0.8596,0.8423000000000002
2012-05-09,1.079,1.282,0.988,0.991,0.9301999999999999,0.8623000000000001
2012-05-10,0.876,0.968,0.832,0.865,0.9175999999999999,0.8652000000000001
2012-05-11,1.203,1.258,1.104,1.172,0.9485999999999999,0.8981
2012-05-14,1.175,1.336,0.958,0.961,0.9404,0.908
2012-05-15,1.071,1.129,1.017,1.125,1.0228,0.9412
2012-05-16,1.5,1.546,1.185,1.203,1.0652,0.9977
2012-05-17,1.097,1.445,1.097,1.444,1.181,1.0493000000000001
2012-05-18,1.454,1.615,1.256,1.321,1.2108,1.0797
2012-05-21,0.839,0.979,0.839,0.861,1.1907999999999999,1.0655999999999999
2012-05-22,0.835,0.936,0.731,0.935,1.1527999999999998,1.0878
2012-05-23,1.098,1.174,1.011,1.013,1.1147999999999998,1.09
2012-05-24,0.701,1.052,0.674,1.018,1.0295999999999998,1.1053000000000002
2012-05-25,0.902,1.072,0.84,1.07,0.9794,1.0951
2012-05-29,0.753,1.059,0.753,0.947,0.9966000000000002,1.0937
2012-05-30,1.237,1.347,1.091,1.221,1.0538,1.1033000000000002
2012-05-31,0.971,1.107,0.971,1.023,1.0558,1.0853000000000002
2012-06-01,1.136,1.209,1.027,1.209,1.0939999999999999,1.0618000000000003
2012-06-04,1.006,1.28,1.003,1.03,1.0859999999999999,1.0327000000000002
2012-06-05,0.874,0.988,0.707,0.932,1.083,1.0398
2012-06-06,0.821,1.016,0.821,1.002,1.0392,1.0465
2012-06-07,0.857,1.037,0.837,1.015,1.0376,1.0467
2012-06-08,1.16,1.166,0.9,0.904,0.9766,1.0352999999999999
2012-06-11,0.784,1.022,0.784,1.022,0.975,1.0305
2012-06-12,1.447,1.447,0.826,0.835,0.9555999999999999,1.0192999999999999
2012-06-13,1.118,1.227,1.03,1.163,0.9877999999999998,1.0135
2012-06-14,1.151,1.244,0.616,0.618,0.9083999999999998,0.9730000000000001
2012-06-15,1.042,1.103,0.92,0.931,0.9137999999999998,0.9452
2012-06-18,0.873,1.031,0.873,0.909,0.8911999999999999,0.9330999999999999
2012-06-19,0.876,1.005,0.844,0.907,0.9056,0.9306000000000001
2012-06-20,1.37,1.447,0.874,0.883,0.8495999999999999,0.9187000000000001
2012-06-21,1.087,1.159,1.065,1.131,0.9522,0.9303000000000001
2012-06-22,1.088,1.309,0.998,1.069,0.9798,0.9468
2012-06-25,1.174,1.178,1.062,1.123,1.0226000000000002,0.9568999999999999
2012-06-26,1.002,1.103,0.788,0.793,0.9998000000000001,0.9527000000000001
2012-06-27,1.072,1.161,0.921,0.936,1.0104000000000002,0.93
2012-06-28,0.981,1.055,0.917,0.975,0.9792,0.9657
2012-06-29,0.888,0.978,0.872,0.889,0.9432,0.9615
2012-07-02,0.828,1.145,0.803,0.962,0.9109999999999999,0.9668000000000001
2012-07-03,0.793,0.933,0.793,0.928,0.9380000000000001,0.9689000000000002
2012-07-05,0.864,0.958,0.385,0.386,0.828,0.9192000000000002
2012-07-06,0.983,1.087,0.967,1.07,0.8469999999999999,0.9131000000000004
2012-07-09,0.89,1.006,0.874,0.988,0.8667999999999999,0.9050000000000002
2012-07-10,0.837,0.978,0.796,0.866,0.8475999999999999,0.8793000000000003
2012-07-11,1.685,1.685,1.052,1.059,0.8737999999999999,0.9059000000000003
2012-07-12,1.11,1.207,1.057,1.066,1.0097999999999998,0.9189000000000004
2012-07-13,0.922,0.968,0.893,0.933,0.9823999999999999,0.9147000000000004
2012-07-16,0.954,1.09,0.954,0.972,0.9792,0.9230000000000003
2012-07-17,0.727,0.934,0.727,0.861,0.9782,0.9129000000000003
2012-07-18,0.873,0.873,0.793,0.802,0.9268000000000001,0.9003000000000003
2012-07-19,0.748,0.866,0.713,0.851,0.8838000000000001,0.9468000000000003
2012-07-20,0.991,1.091,0.979,0.989,0.8949999999999999,0.9387000000000004
2012-07-23,1.265,1.305,0.919,0.959,0.8924,0.9358000000000004
2012-07-24,0.933,1.087,0.891,0.96,0.9122,0.9452000000000005
2012-07-25,0.816,1.099,0.816,0.926,0.937,0.9319000000000004
2012-07-26,0.777,0.921,0.752,0.92,0.9508000000000001,0.9173000000000006
2012-07-27,1.155,1.155,0.852,0.87,0.9269999999999999,0.9110000000000003
2012-07-30,0.804,0.876,0.735,0.834,0.9019999999999999,0.8972000000000003
2012-07-31,1.015,1.024,0.476,0.482,0.8064,0.8593000000000004
2012-08-01,1.02,1.038,0.872,0.889,0.7990000000000002,0.8680000000000003
2012-08-02,0.981,1.055,0.865,0.869,0.7888000000000002,0.8698000000000004
2012-08-03,1.015,1.068,0.834,0.855,0.7858000000000002,0.8564000000000005
2012-08-06,0.92,0.974,0.843,0.874,0.7938000000000001,0.8479000000000004
2012-08-07,0.598,0.825,0.598,0.613,0.8200000000000001,0.8132000000000005
2012-08-08,0.992,1.059,0.66,0.667,0.7756000000000001,0.7873000000000004
2012-08-09,1.014,1.044,0.687,0.69,0.7398,0.7643000000000003
2012-08-10,1.106,1.106,0.76,0.761,0.7210000000000001,0.7534000000000003
2012-08-13,0.848,0.856,0.657,0.677,0.6816000000000001,0.7377000000000004
2012-08-14,0.966,0.967,0.67,0.681,0.6952000000000002,0.7576000000000003
2012-08-15,0.921,0.992,0.743,0.768,0.7154000000000001,0.7455000000000003
2012-08-16,1.08,1.08,0.842,0.852,0.7478000000000001,0.7438000000000002
2012-08-17,0.721,0.779,0.7,0.757,0.7470000000000001,0.7340000000000003
2012-08-20,0.913,1.107,0.867,0.94,0.7996000000000001,0.7406000000000003
2012-08-21,0.688,0.811,0.657,0.764,0.8162000000000003,0.7557000000000003
2012-08-22,1.127,1.127,0.842,0.944,0.8514000000000002,0.7834000000000003
2012-08-23,0.728,0.977,0.72,0.724,0.8258000000000001,0.7868000000000004
2012-08-24,0.886,0.993,0.877,0.891,0.8526000000000001,0.7998000000000004
2012-08-27,0.749,0.916,0.743,0.908,0.8462000000000002,0.8229000000000003
2012-08-28,0.985,1.017,0.809,0.823,0.8580000000000002,0.8371000000000004
2012-08-29,0.968,1.09,0.868,0.962,0.8616000000000001,0.8565000000000003
2012-08-30,1.067,1.187,0.993,0.996,0.9160000000000001,0.8709000000000003
2012-08-31,0.91,0.976,0.816,0.823,0.9024000000000001,0.8775000000000004
2012-09-04,0.849,0.905,0.766,0.819,0.8846000000000002,0.8654000000000004
2012-09-05,1.018,1.034,0.603,0.605,0.8410000000000002,0.8495000000000003
2012-09-06,0.968,0.999,0.733,0.784,0.8054000000000002,0.8335000000000002
2012-09-07,0.715,0.715,0.628,0.684,0.7430000000000001,0.8295000000000003
2012-09-10,0.701,0.849,0.692,0.849,0.7482000000000002,0.8253000000000004
2012-09-11,0.753,0.798,0.627,0.632,0.7108000000000002,0.7977000000000003
2012-09-12,0.716,0.804,0.586,0.601,0.7100000000000002,0.7755000000000003
2012-09-13,0.76,0.845,0.7,0.725,0.6982000000000002,0.7518000000000002
2012-09-14,0.552,0.604,0.475,0.601,0.6816000000000002,0.7123000000000003
2012-09-17,0.672,0.795,0.582,0.778,0.6674000000000002,0.7078000000000002
2012-09-18,0.826,0.896,0.658,0.658,0.6726000000000003,0.6917000000000002
2012-09-19,0.939,0.939,0.413,0.419,0.6362000000000003,0.6731000000000003
2012-09-20,0.829,0.893,0.432,0.432,0.5776000000000002,0.6379000000000002
2012-09-21,0.707,0.805,0.686,0.804,0.6182000000000001,0.6499000000000001
2012-09-24,1.451,1.451,0.771,0.773,0.6172000000000001,0.6423000000000002
2012-09-25,0.908,0.962,0.812,0.887,0.663,0.6678000000000002
2012-09-26,1.145,1.198,0.831,0.835,0.7462,0.6912000000000001
2012-09-27,0.822,0.991,0.795,0.833,0.8263999999999999,0.7020000000000002
2012-09-28,0.843,0.98,0.838,0.915,0.8486,0.7334000000000002
2012-10-01,0.727,0.82,0.695,0.715,0.837,0.7271000000000002
2012-10-02,0.806,0.924,0.71,0.72,0.8036,0.7333000000000002
2012-10-03,0.765,0.94,0.741,0.845,0.8055999999999999,0.7759000000000001
2012-10-04,0.78,0.827,0.415,0.446,0.7282,0.7773000000000001
2012-10-05,0.761,0.903,0.726,0.903,0.7257999999999999,0.7872000000000001
2012-10-08,1.06,1.164,0.908,0.953,0.7733999999999999,0.8052000000000001
2012-10-09,1.057,1.087,0.893,0.976,0.8245999999999999,0.8141000000000002
2012-10-10,0.802,0.976,0.629,0.63,0.7816,0.7936000000000002
2012-10-11,0.838,0.898,0.754,0.817,0.8558,0.7920000000000001
2012-10-12,0.85,1.046,0.816,1.033,0.8817999999999999,0.8037999999999998
2012-10-15,0.941,0.98,0.833,0.85,0.8611999999999999,0.8172999999999998
2012-10-16,0.922,0.943,0.562,0.568,0.7795999999999998,0.8020999999999997
2012-10-17,1.085,1.085,0.782,0.786,0.8107999999999999,0.7961999999999998
2012-10-18,0.768,0.901,0.768,0.816,0.8105999999999998,0.8331999999999997
2012-10-19,1.071,1.071,0.984,1.044,0.8127999999999999,0.8472999999999999
2012-10-22,1.075,1.18,0.857,0.911,0.8249999999999998,0.8431
2012-10-23,1.245,1.255,1.047,1.053,0.9219999999999999,0.8507999999999999
2012-10-24,0.915,0.993,0.897,0.992,0.9631999999999998,0.8869999999999999
2012-10-25,0.947,0.968,0.782,0.901,0.9802,0.8953999999999999
2012-10-26,1.069,1.072,0.895,0.9,0.9513999999999999,0.8821
2012-10-31,0.915,0.934,0.785,0.847,0.9385999999999999,0.8817999999999999
2012-11-01,1.058,1.058,0.798,0.824,0.8927999999999999,0.9074
2012-11-02,0.715,0.876,0.715,0.807,0.8558,0.9095000000000001
2012-11-05,0.969,0.969,0.761,0.763,0.8282,0.9042
2012-11-06,0.599,0.696,0.359,0.404,0.7289999999999999,0.8402000000000001
2012-11-07,0.796,1.131,0.766,1.119,0.7833999999999999,0.861
2012-11-08,1.014,1.12,0.949,1.12,0.8425999999999998,0.8676999999999999
2012-11-09,1.158,1.158,1.035,1.094,0.9,0.8779
2012-11-12,1.122,1.169,0.706,0.74,0.8953999999999999,0.8617999999999999
2012-11-13,1.033,1.114,0.862,0.921,0.9987999999999999,0.8638999999999999
2012-11-14,0.861,1.125,0.816,1.125,1,0.8916999999999999
2012-11-15,1.151,1.233,1.098,1.184,1.0128,0.9277
2012-11-16,1.081,1.386,1.011,1.029,0.9997999999999999,0.9499000000000001
2012-11-19,0.738,0.746,0.658,0.715,0.9948,0.9450999999999998
2012-11-20,0.883,0.936,0.841,0.922,0.9949999999999999,0.9968999999999999
2012-11-21,1.035,1.035,0.736,0.775,0.925,0.9625
2012-11-23,0.767,0.813,0.699,0.811,0.8504000000000002,0.9316000000000001
2012-11-26,0.912,0.963,0.626,0.633,0.7712000000000001,0.8855000000000001
2012-11-27,0.786,0.934,0.738,0.776,0.7834,0.8891
2012-11-28,1.017,1.048,0.832,0.833,0.7656000000000001,0.8802999999999999
2012-11-29,0.662,0.872,0.599,0.85,0.7806,0.8528
2012-11-30,1.14,1.14,0.979,1.087,0.8358000000000001,0.8431
2012-12-03,0.682,0.863,0.675,0.863,0.8817999999999999,0.8265
2012-12-04,0.761,1.182,0.734,0.881,0.9028,0.8431
2012-12-05,0.678,0.798,0.644,0.661,0.8684,0.817
2012-12-06,0.816,0.974,0.781,0.791,0.8565999999999999,0.8186
2012-12-07,0.877,0.877,0.732,0.793,0.7978,0.8168
2012-12-10,0.939,0.939,0.788,0.823,0.7898,0.8357999999999999
2012-12-11,0.853,0.853,0.643,0.687,0.751,0.8268999999999999
2012-12-12,0.663,0.846,0.585,0.602,0.7392000000000001,0.8037999999999998
2012-12-13,0.606,0.81,0.589,0.684,0.7178000000000001,0.7871999999999999
2012-12-14,0.857,0.862,0.728,0.787,0.7166,0.7571999999999999
2012-12-17,0.819,0.875,0.416,0.426,0.6372000000000001,0.7134999999999999
2012-12-18,0.864,0.864,0.621,0.623,0.6244000000000001,0.6877000000000001
2012-12-19,0.972,0.972,0.624,0.643,0.6326000000000002,0.6859
2012-12-20,0.717,0.742,0.44,0.443,0.5844000000000001,0.6511
2012-12-21,1.153,1.153,1.003,1.018,0.6306,0.6736000000000001
2012-12-24,0.88,0.968,0.776,0.821,0.7096000000000001,0.6734
2012-12-26,0.803,0.939,0.743,0.767,0.7384000000000002,0.6814
2012-12-27,1.308,1.308,0.97,0.977,0.8052000000000001,0.7189
2012-12-28,0.891,1.075,0.88,0.948,0.9062000000000001,0.7453
2012-12-31,0.995,1.225,0.836,0.847,0.8720000000000001,0.7512999999999999
2013-01-02,0.705,0.837,0.691,0.816,0.8710000000000001,0.7902999999999999
2013-01-03,0.638,0.85,0.627,0.848,0.8872,0.8127999999999999
2013-01-04,0.912,0.943,0.803,0.817,0.8552,0.8301999999999999
2013-01-07,0.718,0.842,0.665,0.681,0.8018000000000001,0.8539999999999999
2013-01-08,0.863,1.016,0.863,0.953,0.8230000000000001,0.8474999999999998
2013-01-09,0.847,0.884,0.771,0.796,0.8190000000000002,0.845
2013-01-10,0.753,0.844,0.693,0.703,0.79,0.8385999999999999
2013-01-11,0.877,0.886,0.762,0.782,0.7830000000000001,0.8190999999999999
2013-01-14,0.794,0.803,0.658,0.663,0.7794000000000001,0.7905999999999999
2013-01-15,0.841,0.841,0.646,0.716,0.7320000000000001,0.7775
2013-01-16,1.001,1.001,0.776,0.808,0.7344000000000002,0.7767
2013-01-17,0.791,0.791,0.656,0.669,0.7276,0.7587999999999999
2013-01-18,0.73,0.733,0.674,0.697,0.7106000000000001,0.7467999999999999
2013-01-22,0.822,0.939,0.822,0.834,0.7448000000000001,0.7620999999999999
2013-01-23,0.871,0.952,0.858,0.886,0.7788000000000002,0.7553999999999998
2013-01-24,0.726,0.879,0.701,0.877,0.7926000000000001,0.7634999999999998
2013-01-25,0.85,0.856,0.725,0.727,0.8042000000000001,0.7658999999999999
2013-01-28,0.834,0.867,0.768,0.818,0.8284,0.7694999999999999
2013-01-29,0.685,0.921,0.685,0.696,0.8008000000000001,0.7727999999999998
2013-01-30,0.775,0.97,0.758,0.955,0.8146000000000001,0.7966999999999999
2013-01-31,0.881,0.971,0.838,0.909,0.8210000000000001,0.8067999999999997
2013-02-01,0.824,0.87,0.772,0.802,0.8360000000000001,0.8200999999999998
2013-02-04,0.853,0.997,0.831,0.898,0.8520000000000001,0.8402
2013-02-05,1.329,1.329,0.881,0.885,0.8898000000000001,0.8452999999999999
2013-02-06,0.914,0.953,0.637,0.654,0.8296000000000001,0.8220999999999998
2013-02-07,0.87,1.016,0.841,0.962,0.8402000000000001,0.8305999999999999
2013-02-08,0.726,0.81,0.701,0.774,0.8346,0.8352999999999998
2013-02-11,0.762,0.95,0.73,0.877,0.8304,0.8412
2013-02-12,0.788,0.838,0.666,0.676,0.7886000000000001,0.8391999999999997
2013-02-13,0.784,0.919,0.736,0.764,0.8106000000000002,0.8200999999999998
2013-02-14,0.917,0.931,0.722,0.729,0.764,0.8020999999999999
2013-02-15,0.7,0.841,0.7,0.771,0.7634000000000001,0.7989999999999998
2013-02-19,0.846,0.863,0.794,0.83,0.7540000000000001,0.7921999999999999
2013-02-20,1.036,1.052,0.802,0.812,0.7812000000000001,0.7848999999999998
2013-02-21,1.107,1.154,0.937,0.947,0.8178000000000001,0.8141999999999998
2013-02-22,0.872,1.148,0.85,0.932,0.8584000000000002,0.8111999999999998
2013-02-25,1.053,1.111,0.878,1.11,0.9262,0.8447999999999999
2013-02-26,1.069,1.217,1.001,1.014,0.9630000000000001,0.8584999999999999
2013-02-27,0.881,0.961,0.86,0.92,0.9846,0.8828999999999999
2013-02-28,0.893,0.961,0.859,0.96,0.9872,0.9024999999999999
2013-03-01,1.266,1.34,1.05,1.05,1.0108000000000001,0.9345999999999999
2013-03-04,0.89,1.01,0.869,0.971,0.983,0.9545999999999999
2013-03-05,1.125,1.125,0.873,0.9,0.9602,0.9616
2013-03-06,0.919,0.919,0.731,0.739,0.9239999999999998,0.9542999999999999
2013-03-07,0.783,0.8,0.674,0.707,0.8733999999999998,0.9302999999999999
2013-03-08,0.833,0.889,0.694,0.703,0.8039999999999997,0.9074
2013-03-11,0.85,0.932,0.818,0.881,0.7859999999999998,0.8844999999999998
2013-03-12,0.844,0.899,0.743,0.749,0.7557999999999998,0.8579999999999999
2013-03-13,0.864,0.887,0.806,0.849,0.7777999999999998,0.8508999999999999
2013-03-14,0.723,0.833,0.482,0.485,0.7333999999999998,0.8033999999999997
2013-03-15,0.676,0.885,0.676,0.755,0.7437999999999999,0.7738999999999999
2013-03-18,1.184,1.208,0.875,0.91,0.7495999999999998,0.7677999999999999
2013-03-19,0.884,0.97,0.734,0.968,0.7933999999999999,0.7746
2013-03-20,1.042,1.043,0.776,0.799,0.7833999999999999,0.7806
2013-03-21,0.913,0.949,0.847,0.928,0.8719999999999999,0.8027000000000001
2013-03-22,0.912,0.979,0.81,0.955,0.9119999999999999,0.8279
2013-03-25,1.057,1.124,0.811,0.925,0.915,0.8322999999999998
2013-03-26,0.806,0.925,0.745,0.764,0.8742000000000001,0.8337999999999999
2013-03-27,0.949,0.978,0.884,0.917,0.8977999999999999,0.8405999999999999
2013-03-28,0.929,0.976,0.827,0.881,0.8884000000000001,0.8802
2013-04-01,0.811,1.038,0.804,1.025,0.9023999999999999,0.9071999999999999
2013-04-02,0.79,1.015,0.79,0.846,0.8865999999999999,0.9007999999999999
2013-04-03,1.057,1.094,0.987,1.034,0.9405999999999999,0.9074
2013-04-04,0.891,1.05,0.829,1.028,0.9628,0.9303000000000001
2013-04-05,1.272,1.357,0.886,0.899,0.9663999999999999,0.9273999999999999
2013-04-08,0.929,1.038,0.783,0.878,0.9369999999999999,0.9197
2013-04-09,0.775,0.95,0.775,0.798,0.9274000000000001,0.907
2013-04-10,0.86,0.911,0.782,0.786,0.8777999999999999,0.9092
2013-04-11,0.989,1.047,0.811,0.83,0.8382,0.9004999999999999
2013-04-12,1.17,1.292,1.076,1.086,0.8756,0.9209999999999999
2013-04-15,1.045,1.196,1.035,1.178,0.9356,0.9362999999999999
2013-04-16,1.168,1.223,0.959,0.966,0.9692000000000001,0.9483
2013-04-17,1.307,1.307,1.089,1.214,1.0547999999999997,0.9663
2013-04-18,1.061,1.227,1.049,1.131,1.1149999999999998,0.9766
2013-04-19,1.02,1.154,1.02,1.059,1.1096,0.9926
2013-04-22,0.909,1.007,0.894,0.92,1.058,0.9968
2013-04-23,0.696,0.878,0.696,0.818,1.0284,0.9987999999999999
2013-04-24,0.778,0.85,0.714,0.724,0.9304,0.9926
2013-04-25,0.688,0.797,0.65,0.797,0.8636000000000001,0.9893000000000001
2013-04-26,0.901,0.944,0.791,0.9,0.8318000000000001,0.9706999999999999
2013-04-29,0.77,0.839,0.726,0.746,0.7969999999999999,0.9274999999999999
2013-04-30,0.787,0.832,0.684,0.724,0.7782,0.9032999999999998
2013-05-01,1.128,1.128,0.799,0.996,0.8326,0.8814999999999997
2013-05-02,0.681,0.876,0.68,0.696,0.8123999999999999,0.8379999999999995
2013-05-03,0.789,0.837,0.748,0.811,0.7946,0.8131999999999996
2013-05-06,0.65,0.735,0.65,0.717,0.7888,0.7928999999999997
2013-05-07,0.686,0.783,0.579,0.587,0.7613999999999999,0.7697999999999997
2013-05-08,0.779,0.803,0.573,0.589,0.6799999999999999,0.7562999999999998
2013-05-09,0.772,0.977,0.746,0.935,0.7277999999999999,0.7700999999999997
2013-05-10,0.896,0.91,0.733,0.765,0.7185999999999998,0.7565999999999996
2013-05-13,0.76,0.888,0.544,0.582,0.6915999999999999,0.7401999999999996
2013-05-14,0.722,0.792,0.671,0.708,0.7157999999999999,0.7385999999999997
2013-05-15,0.666,0.811,0.647,0.775,0.7529999999999999,0.7164999999999997
2013-05-16,0.776,0.822,0.636,0.822,0.7303999999999998,0.7290999999999996
2013-05-17,0.809,0.862,0.766,0.787,0.7347999999999999,0.7266999999999996
2013-05-20,1.125,1.125,0.711,0.743,0.7669999999999998,0.7292999999999996
2013-05-21,0.77,0.804,0.677,0.781,0.7815999999999999,0.7486999999999997
2013-05-22,0.865,0.894,0.721,0.85,0.7966,0.7747999999999997
2013-05-23,1.178,1.178,0.943,1.018,0.8357999999999999,0.7830999999999996
2013-05-24,0.878,1.233,0.878,1.12,0.9023999999999999,0.8185999999999997
2013-05-28,0.724,0.912,0.709,0.874,0.9286,0.8477999999999997
2013-05-29,0.86,0.935,0.796,0.82,0.9363999999999999,0.8589999999999997
2013-05-30,0.626,0.765,0.617,0.756,0.9176,0.8570999999999996
2013-05-31,0.742,1.11,0.727,1.11,0.9359999999999999,0.8858999999999997
2013-06-03,1.012,1.034,0.888,0.985,0.909,0.9056999999999997
2013-06-04,0.801,0.942,0.774,0.941,0.9223999999999999,0.9254999999999998
2013-06-05,0.992,1.136,0.919,1.111,0.9805999999999999,0.9585000000000001
2013-06-06,1.085,1.233,0.955,1.158,1.061,0.9893000000000001
2013-06-07,1.07,1.119,0.987,1.006,1.0401999999999998,0.9881
2013-06-10,0.892,1.016,0.869,0.964,1.0359999999999998,0.9725000000000001
2013-06-11,1.103,1.127,0.893,0.91,1.0297999999999998,0.9761000000000001
2013-06-12,1.05,1.188,0.936,1.16,1.0395999999999999,1.0101
2013-06-13,1.074,1.1,0.936,0.97,1.002,1.0314999999999999
2013-06-14,0.743,1.016,0.743,1.015,1.0037999999999998,1.0219999999999998
2013-06-17,0.759,0.989,0.759,0.903,0.9915999999999998,1.0137999999999998
2013-06-18,1.066,1.066,0.784,0.813,0.9721999999999997,1.001
2013-06-19,0.805,0.897,0.748,0.897,0.9195999999999998,0.9795999999999998
2013-06-20,1.416,1.427,1.205,1.297,0.9849999999999998,0.9934999999999998
2013-06-21,1.114,1.204,1.053,1.087,0.9993999999999998,1.0015999999999996
2013-06-24,1.119,1.123,1.014,1.031,1.025,1.0082999999999998
2013-06-25,1.006,1.197,0.955,0.962,1.0547999999999997,1.0134999999999998
2013-06-26,0.866,0.979,0.824,0.845,1.0444,0.9819999999999999
2013-06-27,1.038,1.038,0.895,0.912,0.9673999999999998,0.9761999999999998
2013-06-28,0.987,1.192,0.851,0.882,0.9263999999999998,0.9628999999999998
2013-07-01,0.818,0.86,0.782,0.798,0.8797999999999998,0.9523999999999997
2013-07-02,0.724,0.993,0.69,0.993,0.8859999999999999,0.9703999999999997
2013-07-03,0.828,1.045,0.776,1.044,0.9258,0.9851000000000001
2013-07-05,1.039,1.098,0.85,0.86,0.9154,0.9414000000000001
2013-07-08,1.054,1.086,0.929,0.951,0.9292,0.9278000000000001
2013-07-09,1.039,1.133,0.968,1.045,0.9785999999999999,0.9292
2013-07-10,0.834,1.293,0.831,1.034,0.9867999999999999,0.9364000000000001
2013-07-11,0.816,0.914,0.794,0.909,0.9597999999999999,0.9427999999999999
2013-07-12,0.836,0.899,0.766,0.863,0.9603999999999999,0.9379
2013-07-15,0.73,0.844,0.728,0.829,0.9359999999999999,0.9325999999999999
2013-07-16,0.741,0.857,0.721,0.817,0.8904,0.9344999999999999
2013-07-17,1.02,1.141,0.822,0.838,0.8512000000000001,0.9189999999999998
2013-07-18,0.762,0.855,0.673,0.736,0.8166,0.8881999999999998
2013-07-19,0.885,0.885,0.723,0.755,0.795,0.8776999999999997
2013-07-22,0.818,0.99,0.777,0.832,0.7956000000000001,0.8657999999999998
2013-07-23,0.656,0.901,0.627,0.892,0.8106,0.8504999999999997
2013-07-24,0.843,1.087,0.843,0.966,0.8362,0.8436999999999998
2013-07-25,0.905,0.909,0.814,0.882,0.8654,0.8409999999999999
2013-07-26,0.856,1.034,0.851,0.901,0.8946,0.8447999999999999
2013-07-29,0.732,0.825,0.732,0.789,0.8860000000000001,0.8408
2013-07-30,0.709,0.79,0.684,0.7,0.8476000000000001,0.8290999999999998
2013-07-31,0.717,0.829,0.647,0.826,0.8196,0.8279
2013-08-01,0.677,0.845,0.675,0.837,0.8106000000000002,0.8379999999999999
2013-08-02,0.92,0.92,0.775,0.776,0.7856000000000001,0.8400999999999998
2013-08-05,0.847,1.058,0.814,0.843,0.7964,0.8412
2013-08-06,0.929,1.005,0.696,0.758,0.808,0.8277999999999999
2013-08-07,0.988,0.988,0.804,0.812,0.8051999999999999,0.8123999999999999
2013-08-08,0.777,0.777,0.697,0.703,0.7784,0.7944999999999999
2013-08-09,0.745,0.928,0.73,0.883,0.7998,0.7926999999999998
2013-08-12,0.727,0.751,0.625,0.625,0.7562,0.7762999999999998
2013-08-13,0.669,0.776,0.663,0.74,0.7525999999999999,0.7802999999999998
2013-08-14,0.706,0.763,0.635,0.754,0.741,0.7730999999999998
2013-08-15,1.053,1.116,0.934,0.935,0.7874000000000001,0.7828999999999999
2013-08-16,0.927,0.975,0.866,0.933,0.7974,0.7985999999999998
2013-08-19,0.834,0.919,0.784,0.887,0.8498000000000001,0.8029999999999997
2013-08-20,1.053,1.063,0.868,0.871,0.876,0.8142999999999999
2013-08-21,1.135,1.161,0.904,0.944,0.914,0.8274999999999999
2013-08-22,0.714,0.816,0.695,0.768,0.8806,0.8339999999999999
2013-08-23,0.7,0.809,0.7,0.754,0.8448,0.8210999999999998
2013-08-26,0.683,0.794,0.668,0.789,0.8252,0.8375
2013-08-27,1.013,1.027,0.917,0.996,0.8502000000000001,0.8630999999999999
2013-08-28,0.79,0.863,0.76,0.817,0.8248000000000001,0.8694
2013-08-29,0.952,0.957,0.836,0.893,0.8498000000000001,0.8652
2013-08-30,0.962,1.066,0.952,1.062,0.9114000000000001,0.8781000000000001
2013-09-03,0.641,0.723,0.641,0.721,0.8978000000000002,0.8615
2013-09-04,0.973,0.973,0.733,0.741,0.8468,0.8485000000000001
2013-09-05,0.896,0.896,0.715,0.749,0.8332,0.8290000000000001
2013-09-06,0.787,0.918,0.787,0.857,0.826,0.8379000000000001
2013-09-09,0.558,0.712,0.556,0.705,0.7545999999999999,0.8330000000000002
2013-09-10,0.729,0.79,0.699,0.744,0.7592,0.8285000000000002
2013-09-11,0.728,0.813,0.699,0.738,0.7585999999999999,0.8027000000000001
2013-09-12,0.733,0.855,0.708,0.855,0.7798,0.8065000000000001
2013-09-13,0.839,0.876,0.797,0.814,0.7712,0.7986000000000001
2013-09-16,0.829,0.88,0.798,0.821,0.7943999999999999,0.7745000000000001
2013-09-17,0.819,0.819,0.67,0.68,0.7815999999999999,0.7704000000000001
2013-09-18,0.951,0.951,0.714,0.72,0.7779999999999999,0.7683000000000001
2013-09-19,0.656,0.716,0.565,0.565,0.7199999999999999,0.7499
2013-09-20,0.914,1.049,0.797,0.975,0.7521999999999999,0.7617
2013-09-23,0.812,0.96,0.812,0.891,0.7661999999999999,0.7803
2013-09-24,0.675,0.842,0.674,0.841,0.7983999999999998,0.7899999999999999
2013-09-25,0.901,1.034,0.855,0.86,0.8263999999999999,0.8022
2013-09-26,0.813,0.813,0.648,0.757,0.8648,0.7924
2013-09-27,0.914,0.951,0.79,0.949,0.8595999999999998,0.8059
2013-09-30,1.163,1.166,0.967,0.99,0.8793999999999998,0.8228
2013-10-01,0.841,0.891,0.744,0.759,0.8629999999999999,0.8307
2013-10-02,0.78,0.848,0.734,0.81,0.853,0.8397
2013-10-03,0.875,0.988,0.851,0.952,0.8919999999999998,0.8784000000000001
2013-10-04,1.023,1.044,0.813,0.85,0.8721999999999998,0.8659000000000001
2013-10-07,0.913,0.929,0.82,0.925,0.8591999999999999,0.8693
2013-10-08,0.783,1.032,0.728,1.03,0.9133999999999999,0.8882
2013-10-09,0.903,1.178,0.903,0.996,0.9505999999999999,0.9017999999999999
2013-10-10,0.838,0.918,0.838,0.885,0.9371999999999998,0.9145999999999999
2013-10-11,0.955,0.967,0.88,0.927,0.9525999999999998,0.9123999999999999
2013-10-14,0.952,1.011,0.888,0.894,0.9463999999999999,0.9027999999999998
2013-10-15,1.111,1.111,0.816,0.982,0.9367999999999999,0.9250999999999999
2013-10-16,1.099,1.137,0.825,0.83,0.9035999999999997,0.9270999999999999
2013-10-17,0.743,0.902,0.743,0.77,0.8805999999999997,0.9088999999999998
2013-10-18,0.66,0.694,0.567,0.693,0.8337999999999998,0.8931999999999999
2013-10-21,0.66,0.748,0.631,0.747,0.8043999999999997,0.8753999999999997
2013-10-22,0.764,0.774,0.658,0.768,0.7615999999999998,0.8492
2013-10-23,0.864,0.93,0.746,0.75,0.7455999999999998,0.8245999999999999
2013-10-24,0.723,0.84,0.722,0.84,0.7595999999999998,0.8200999999999998
2013-10-25,0.688,0.823,0.688,0.822,0.7853999999999998,0.8095999999999999
2013-10-28,0.578,0.739,0.578,0.738,0.7835999999999997,0.7939999999999998
2013-10-29,0.905,0.925,0.662,0.689,0.7677999999999997,0.7646999999999998
2013-10-30,0.618,0.855,0.618,0.853,0.7883999999999997,0.7669999999999998
2013-10-31,0.811,0.827,0.783,0.816,0.7835999999999996,0.7716
2013-11-01,0.685,0.871,0.665,0.849,0.7889999999999996,0.7872
2013-11-04,0.794,0.801,0.688,0.73,0.7873999999999997,0.7854999999999999
2013-11-05,0.647,0.77,0.609,0.635,0.7765999999999996,0.7721999999999999
2013-11-06,0.745,0.853,0.689,0.804,0.7667999999999997,0.7775999999999998
2013-11-07,0.739,0.982,0.703,0.981,0.7997999999999996,0.7916999999999998
2013-11-08,0.907,0.964,0.839,0.856,0.8011999999999997,0.7950999999999999
2013-11-11,0.828,0.851,0.71,0.815,0.8181999999999997,0.8027999999999998
2013-11-12,0.816,0.885,0.71,0.769,0.8449999999999995,0.8107999999999999
2013-11-13,0.692,0.76,0.661,0.705,0.8251999999999997,0.7959999999999999
2013-11-14,0.841,0.884,0.747,0.826,0.7941999999999997,0.7969999999999999
2013-11-15,0.638,0.703,0.627,0.665,0.7559999999999997,0.7785999999999998
2013-11-18,0.767,0.829,0.69,0.744,0.7417999999999998,0.7799999999999999
2013-11-19,0.905,0.928,0.691,0.761,0.7401999999999996,0.7926
2013-11-20,1.046,1.046,0.839,0.899,0.7789999999999997,0.8020999999999999
2013-11-21,0.798,0.823,0.658,0.681,0.7499999999999998,0.7720999999999999
2013-11-22,0.717,0.768,0.688,0.766,0.7701999999999998,0.7630999999999999
2013-11-25,0.707,0.799,0.702,0.758,0.7729999999999998,0.7573999999999999
2013-11-26,0.754,0.797,0.647,0.668,0.7543999999999997,0.7472999999999999
2013-11-27,0.708,0.813,0.708,0.787,0.7319999999999999,0.7554999999999998
2013-11-29,0.589,0.712,0.589,0.711,0.7379999999999998,0.7439999999999999
2013-12-02,0.656,0.787,0.594,0.785,0.7417999999999998,0.7559999999999999
2013-12-03,0.836,0.844,0.77,0.823,0.7547999999999998,0.7638999999999999
2013-12-04,0.812,0.887,0.751,0.86,0.7931999999999999,0.7737999999999999
2013-12-05,0.606,0.755,0.606,0.755,0.7867999999999998,0.7594
2013-12-06,0.804,0.804,0.704,0.732,0.7909999999999998,0.7644999999999998
2013-12-09,0.73,0.817,0.685,0.729,0.7797999999999999,0.7607999999999999
2013-12-10,0.676,0.797,0.676,0.754,0.7659999999999999,0.7603999999999999
2013-12-11,0.634,0.823,0.634,0.81,0.7559999999999999,0.7745999999999998
2013-12-12,0.721,0.832,0.711,0.758,0.7565999999999999,0.7716999999999998
2013-12-13,0.899,0.933,0.774,0.807,0.7716,0.7812999999999999
2013-12-16,0.655,0.733,0.634,0.706,0.7669999999999999,0.7733999999999999
2013-12-17,0.762,0.875,0.679,0.693,0.7547999999999999,0.7603999999999997
2013-12-18,0.835,0.893,0.688,0.695,0.7317999999999999,0.7438999999999998
2013-12-19,0.74,0.819,0.616,0.617,0.7035999999999999,0.7300999999999997
2013-12-20,0.639,0.686,0.607,0.686,0.6793999999999999,0.7254999999999997
2013-12-23,0.587,0.647,0.571,0.614,0.6609999999999998,0.7139999999999997
2013-12-24,0.704,0.704,0.595,0.663,0.6549999999999999,0.7048999999999996
2013-12-26,0.686,0.686,0.535,0.566,0.6291999999999999,0.6804999999999997
2013-12-27,0.682,0.7,0.642,0.679,0.6415999999999998,0.6725999999999996
2013-12-30,0.836,0.836,0.696,0.769,0.6581999999999999,0.6687999999999997
2013-12-31,0.614,0.695,0.574,0.582,0.6517999999999999,0.6563999999999997
2014-01-02,0.76,0.884,0.731,0.836,0.6863999999999999,0.6706999999999997
2014-01-03,0.679,0.777,0.616,0.767,0.7265999999999999,0.6778999999999997
2014-01-06,0.739,0.777,0.669,0.716,0.7339999999999999,0.6877999999999997
2014-01-07,0.695,0.719,0.638,0.657,0.7115999999999998,0.6848999999999997
2014-01-08,0.574,0.68,0.574,0.642,0.7235999999999998,0.6876999999999998
2014-01-09,0.784,0.784,0.661,0.756,0.7075999999999999,0.6969999999999998
2014-01-10,0.847,0.847,0.682,0.691,0.6923999999999999,0.7094999999999998
2014-01-13,0.711,0.793,0.661,0.783,0.7057999999999998,0.7198999999999998
2014-01-14,0.865,0.876,0.628,0.695,0.7133999999999998,0.7124999999999998
2014-01-15,0.536,0.698,0.529,0.683,0.7215999999999998,0.7225999999999998
2014-01-16,0.802,0.837,0.723,0.758,0.7219999999999998,0.7147999999999998
2014-01-17,0.657,0.742,0.649,0.735,0.7307999999999998,0.7115999999999998
2014-01-21,0.625,0.735,0.597,0.725,0.7191999999999998,0.7124999999999997
2014-01-22,1.015,1.019,0.697,0.74,0.7281999999999998,0.7207999999999998
2014-01-23,0.955,0.955,0.815,0.929,0.7773999999999999,0.7494999999999997
2014-01-24,1.012,1.048,0.936,1.005,0.8268000000000001,0.7743999999999998
2014-01-27,1.088,1.088,0.88,0.894,0.8586,0.7946999999999997
2014-01-28,0.691,0.85,0.68,0.793,0.8722000000000001,0.7956999999999999
2014-01-29,0.971,1.039,0.863,0.933,0.9108,0.8194999999999999
2014-01-30,0.735,0.799,0.711,0.798,0.8846,0.8309999999999998
2014-01-31,0.888,0.966,0.812,0.889,0.8614,0.8440999999999999
2014-02-03,0.769,0.932,0.74,0.908,0.8642000000000001,0.8613999999999999
2014-02-04,1.119,1.119,0.879,0.891,0.8838000000000001,0.8779999999999999
2014-02-05,0.945,1.061,0.792,0.796,0.8564000000000002,0.8835999999999998
2014-02-06,0.764,0.88,0.66,0.88,0.8728000000000001,0.8786999999999997
2014-02-07,0.873,0.943,0.796,0.814,0.8578000000000001,0.8595999999999998
2014-02-10,0.779,0.861,0.732,0.86,0.8482000000000001,0.8561999999999997
2014-02-11,0.6,0.932,0.6,0.791,0.8282,0.8559999999999997
2014-02-12,0.679,0.8,0.666,0.786,0.8262,0.8412999999999998
2014-02-13,0.948,0.955,0.741,0.746,0.7994000000000001,0.8360999999999998
2014-02-14,0.66,0.763,0.64,0.74,0.7846000000000001,0.8211999999999998
2014-02-18,0.782,0.801,0.727,0.769,0.7664000000000001,0.8072999999999999
2014-02-19,1.329,1.329,0.856,0.883,0.7848,0.8064999999999998
2014-02-20,0.932,1.218,0.772,0.781,0.7838,0.8049999999999999
2014-02-21,0.598,0.762,0.583,0.762,0.7870000000000001,0.7931999999999999
2014-02-24,0.794,0.837,0.726,0.765,0.792,0.7883
2014-02-25,0.86,0.958,0.81,0.848,0.8078000000000001,0.7870999999999999
2014-02-26,0.97,0.97,0.722,0.775,0.7862000000000001,0.7855
2014-02-27,0.84,0.846,0.729,0.75,0.78,0.7819
2014-02-28,0.817,0.824,0.687,0.794,0.7864000000000001,0.7867
2014-03-03,0.883,1.006,0.861,0.94,0.8214,0.8067
2014-03-04,0.692,0.713,0.663,0.699,0.7916000000000001,0.7997
2014-03-05,0.65,0.7,0.602,0.664,0.7694000000000001,0.7778
2014-03-06,0.654,0.801,0.606,0.789,0.7772000000000001,0.7786000000000001
2014-03-07,0.745,0.841,0.743,0.809,0.7802000000000001,0.7833
2014-03-10,0.81,0.855,0.801,0.817,0.7556000000000002,0.7885
2014-03-11,0.806,0.864,0.718,0.854,0.7866000000000002,0.7891
2014-03-12,1.026,1.053,0.863,0.877,0.8292000000000002,0.7993
2014-03-13,0.8,1.008,0.693,0.993,0.8700000000000001,0.8236000000000001
2014-03-14,1.21,1.21,0.848,0.999,0.9080000000000001,0.8441000000000001
2014-03-17,0.815,0.862,0.787,0.841,0.9128000000000002,0.8342
2014-03-18,1.044,1.047,0.735,0.756,0.8932000000000002,0.8399000000000001
2014-03-19,0.837,0.837,0.662,0.727,0.8632000000000002,0.8462000000000002
2014-03-20,0.852,0.911,0.605,0.609,0.7864000000000002,0.8282000000000002
2014-03-21,0.796,0.83,0.737,0.818,0.7502000000000001,0.8291000000000001
2014-03-24,0.826,0.895,0.798,0.881,0.7582000000000001,0.8355
2014-03-25,0.849,0.849,0.773,0.804,0.7678,0.8305
2014-03-26,0.765,0.934,0.758,0.934,0.8092,0.8362
2014-03-27,1.061,1.076,0.812,0.818,0.8510000000000002,0.8187
2014-03-28,0.766,0.862,0.7,0.858,0.8590000000000002,0.8046
2014-03-31,0.906,0.941,0.79,0.835,0.8498000000000001,0.804
2014-04-01,0.574,0.844,0.574,0.844,0.8578000000000001,0.8128
2014-04-02,0.715,0.749,0.653,0.679,0.8068000000000002,0.808
2014-04-03,0.798,0.896,0.798,0.82,0.8072000000000001,0.8291000000000001
2014-04-04,0.862,1.008,0.823,0.99,0.8336000000000002,0.8463
2014-04-07,0.98,1.009,0.89,0.89,0.8446000000000001,0.8472
2014-04-08,0.785,0.877,0.785,0.838,0.8434000000000001,0.8506
2014-04-09,0.809,0.945,0.698,0.732,0.8540000000000001,0.8304
2014-04-10,0.85,0.964,0.767,0.964,0.8828000000000001,0.845
2014-04-11,1.445,1.452,1.143,1.148,0.9144000000000002,0.8739999999999999
2014-04-14,0.789,0.885,0.627,0.793,0.8950000000000001,0.8697999999999999
2014-04-15,0.678,1.006,0.678,0.906,0.9086000000000001,0.876
2014-04-16,0.941,0.985,0.845,0.854,0.933,0.8934999999999998
2014-04-17,0.801,0.952,0.783,0.799,0.9,0.8914
2014-04-21,0.639,0.731,0.633,0.73,0.8164000000000001,0.8653999999999998
2014-04-22,0.792,0.833,0.717,0.753,0.8084,0.8516999999999999
2014-04-23,0.769,0.893,0.742,0.857,0.7986000000000001,0.8535999999999999
2014-04-24,0.779,0.823,0.708,0.749,0.7776000000000001,0.8553
2014-04-25,0.941,1.15,0.929,1.004,0.8186,0.8592999999999998
2014-04-28,0.855,0.969,0.827,0.911,0.8548000000000002,0.8356
2014-04-29,0.872,0.921,0.759,0.775,0.8592000000000001,0.8337999999999999
2014-04-30,1.061,1.061,0.763,0.779,0.8436,0.8211
2014-05-01,0.814,0.826,0.724,0.801,0.8540000000000001,0.8158
2014-05-02,0.914,0.942,0.819,0.872,0.8276000000000001,0.8230999999999999
2014-05-05,1.082,1.082,0.819,0.839,0.8132000000000001,0.834
2014-05-06,0.626,0.828,0.6,0.823,0.8228,0.8409999999999999
2014-05-07,0.817,1.045,0.815,0.855,0.8380000000000001,0.8407999999999998
2014-05-08,0.852,0.962,0.848,0.908,0.8594000000000002,0.8566999999999998
2014-05-09,0.992,0.993,0.886,0.91,0.867,0.8472999999999997
2014-05-12,0.885,0.903,0.68,0.698,0.8388,0.8259999999999998
2014-05-13,0.776,0.881,0.758,0.827,0.8396000000000001,0.8311999999999997
2014-05-14,0.864,0.951,0.835,0.95,0.8586,0.8482999999999997
2014-05-15,1.195,1.262,1.018,1.023,0.8816,0.8705
2014-05-16,0.809,1.036,0.792,0.928,0.8852,0.8760999999999999
2014-05-19,0.732,0.797,0.713,0.794,0.9044000000000001,0.8716000000000002
2014-05-20,0.793,0.945,0.787,0.938,0.9266000000000002,0.8831000000000001
2014-05-21,1.288,1.288,0.814,0.858,0.9082000000000001,0.8834
2014-05-22,0.902,1.014,0.784,0.848,0.8732000000000001,0.8774000000000001
2014-05-23,0.831,0.847,0.752,0.797,0.8470000000000001,0.8661000000000001
2014-05-27,0.701,0.763,0.666,0.75,0.8382000000000002,0.8713000000000001
2014-05-28,0.856,1.131,0.856,0.87,0.8246,0.8756
2014-05-29,0.665,0.802,0.642,0.802,0.8134,0.8608
2014-05-30,0.63,0.888,0.63,0.84,0.8118000000000001,0.8425
2014-06-02,0.766,1.022,0.766,0.818,0.8160000000000001,0.8315000000000001
2014-06-03,1.086,1.086,0.779,0.792,0.8244000000000001,0.8313
2014-06-04,0.968,0.968,0.646,0.733,0.7970000000000002,0.8108000000000001
2014-06-05,0.696,0.811,0.686,0.757,0.7880000000000001,0.8007000000000002
2014-06-06,0.668,0.872,0.668,0.82,0.7840000000000001,0.7979
2014-06-09,0.626,0.762,0.626,0.755,0.7714000000000002,0.7937000000000001
2014-06-10,0.807,0.817,0.701,0.711,0.7552000000000001,0.7898000000000001
2014-06-11,0.766,0.786,0.675,0.711,0.7508000000000001,0.7739
2014-06-12,0.706,0.954,0.676,0.867,0.7728,0.7804
2014-06-13,0.772,0.798,0.692,0.797,0.7682000000000001,0.7761000000000001
2014-06-16,0.675,0.762,0.644,0.728,0.7628000000000001,0.7671000000000001
2014-06-17,0.745,0.812,0.711,0.799,0.7804000000000001,0.7678000000000001
2014-06-18,1.004,1.006,0.695,0.732,0.7846000000000001,0.7677000000000002
2014-06-19,0.628,0.718,0.557,0.579,0.7270000000000001,0.7499000000000001
2014-06-20,0.671,0.843,0.671,0.792,0.7260000000000002,0.7471000000000002
2014-06-23,0.793,0.885,0.767,0.767,0.7338000000000001,0.7483000000000002
2014-06-24,0.759,0.811,0.646,0.795,0.7330000000000001,0.7567000000000002
2014-06-25,0.913,0.944,0.81,0.835,0.7536000000000002,0.7691000000000001
2014-06-26,0.858,0.944,0.795,0.821,0.8020000000000002,0.7645000000000002
2014-06-27,0.719,0.769,0.694,0.752,0.7940000000000002,0.7600000000000001
2014-06-30,0.666,0.835,0.636,0.78,0.7966000000000001,0.7652000000000002
2014-07-01,0.68,0.783,0.68,0.765,0.7906000000000002,0.7618000000000001
2014-07-02,0.637,0.807,0.594,0.807,0.7850000000000001,0.7693000000000001
2014-07-03,0.877,0.93,0.807,0.925,0.8058000000000002,0.8039000000000002
2014-07-07,0.928,0.931,0.784,0.789,0.8132000000000001,0.8036000000000001
2014-07-08,1.133,1.134,0.91,0.921,0.8414000000000001,0.8190000000000002
2014-07-09,0.702,0.836,0.702,0.78,0.8444,0.8175000000000002
2014-07-10,1.065,1.085,0.936,0.951,0.8732000000000001,0.8291000000000002
2014-07-11,0.765,0.823,0.748,0.823,0.8528,0.8293000000000003
2014-07-14,0.575,0.744,0.575,0.744,0.8438000000000001,0.8285000000000002
2014-07-15,0.639,1.084,0.639,0.837,0.827,0.8342000000000003
2014-07-16,0.829,0.829,0.651,0.683,0.8076000000000001,0.8260000000000003
2014-07-17,0.816,0.966,0.779,0.963,0.8100000000000002,0.8416000000000002
2014-07-18,1.128,1.173,0.845,0.903,0.8260000000000002,0.8394000000000004
2014-07-21,0.809,0.892,0.797,0.84,0.8452000000000002,0.8445000000000003
2014-07-22,0.699,0.815,0.668,0.814,0.8406,0.8338000000000003
2014-07-23,0.66,0.721,0.655,0.708,0.8455999999999999,0.8266000000000002
2014-07-24,0.682,0.765,0.656,0.765,0.806,0.8080000000000002
2014-07-25,0.803,0.873,0.754,0.873,0.8,0.8130000000000003
2014-07-28,0.79,0.891,0.721,0.723,0.7766,0.8109000000000002
2014-07-29,0.653,0.793,0.653,0.747,0.7632,0.8019000000000002
2014-07-30,0.663,0.877,0.66,0.831,0.7878000000000001,0.8167000000000002
2014-07-31,1.016,1.084,0.891,1.043,0.8433999999999999,0.8247
2014-08-01,1.024,1.207,1.003,1.189,0.9065999999999999,0.8533000000000002
2014-08-04,0.827,1.046,0.816,0.832,0.9283999999999999,0.8525
2014-08-05,1.025,1.143,0.917,1.022,0.9833999999999999,0.8733000000000001
2014-08-06,0.812,0.862,0.714,0.743,0.9658,0.8768
2014-08-07,0.911,0.994,0.881,0.967,0.9506,0.897
2014-08-08,0.962,1.052,0.931,0.965,0.9057999999999999,0.9062000000000001
2014-08-11,0.666,0.76,0.666,0.747,0.8888,0.9086000000000001
2014-08-12,0.694,0.853,0.694,0.837,0.8518000000000001,0.9176
2014-08-13,0.923,0.96,0.781,0.799,0.8630000000000001,0.9144000000000002
2014-08-14,0.864,0.909,0.803,0.833,0.8362,0.8934000000000001
2014-08-15,0.795,0.994,0.764,0.964,0.836,0.8709000000000001
2014-08-18,0.692,0.749,0.67,0.679,0.8224,0.8556000000000001
2014-08-19,0.761,0.781,0.698,0.78,0.8109999999999999,0.8314
2014-08-20,0.975,0.975,0.785,0.865,0.8241999999999999,0.8436
2014-08-21,0.78,0.78,0.679,0.708,0.7991999999999999,0.8177
2014-08-22,0.951,0.987,0.854,0.878,0.7819999999999998,0.8089999999999999
2014-08-25,0.737,0.794,0.726,0.784,0.8029999999999999,0.8127000000000001
2014-08-26,0.622,0.735,0.594,0.727,0.7923999999999999,0.8017
2014-08-27,0.944,1.144,0.777,0.777,0.7747999999999998,0.7994999999999999
2014-08-28,1.135,1.162,0.932,0.938,0.8207999999999999,0.8099999999999999
2014-08-29,0.76,0.947,0.736,0.799,0.8049999999999999,0.7934999999999999
2014-09-02,0.863,0.871,0.717,0.766,0.8013999999999999,0.8021999999999998
2014-09-03,0.73,0.821,0.613,0.817,0.8193999999999999,0.8059
2014-09-04,0.61,0.929,0.61,0.929,0.8497999999999999,0.8122999999999999
2014-09-05,1.022,1.046,0.925,0.933,0.8488,0.8347999999999999
2014-09-08,0.634,0.79,0.625,0.783,0.8455999999999999,0.8253
2014-09-09,0.751,0.811,0.72,0.779,0.8482,0.8248
2014-09-10,0.815,1.069,0.815,0.818,0.8483999999999998,0.8339000000000001
2014-09-11,0.865,0.916,0.806,0.871,0.8367999999999999,0.8432999999999999
2014-09-12,0.752,0.912,0.724,0.912,0.8325999999999999,0.8407
2014-09-15,0.944,1.018,0.864,0.88,0.852,0.8488
2014-09-16,0.896,0.927,0.808,0.89,0.8741999999999999,0.8612
2014-09-17,0.831,0.87,0.786,0.828,0.8761999999999999,0.8623
2014-09-18,0.734,0.948,0.673,0.715,0.845,0.8408999999999999
2014-09-19,0.756,0.892,0.737,0.892,0.8409999999999999,0.8367999999999999
2014-09-22,0.99,1.077,0.961,1,0.8649999999999999,0.8584999999999999
2014-09-23,1.166,1.191,0.94,0.974,0.8817999999999998,0.8779999999999999
2014-09-24,0.865,0.948,0.84,0.907,0.8976,0.8869
2014-09-25,1.005,1.126,0.984,1.111,0.9767999999999999,0.9109
2014-09-26,1.301,1.308,1.002,1.024,1.0032,0.9221
2014-09-29,1.062,1.132,0.944,1.032,1.0096,0.9372999999999999
2014-09-30,0.942,1.052,0.913,1.052,1.0252000000000001,0.9535
2014-10-01,1.099,1.268,1.092,1.17,1.0778,0.9876999999999999
2014-10-02,0.864,1.142,0.836,1.055,1.0666,1.0216999999999998
2014-10-03,1.052,1.052,0.885,0.897,1.0412000000000001,1.0222
2014-10-06,0.752,0.911,0.752,0.89,1.0128,1.0112
2014-10-07,0.998,1.086,0.82,0.919,0.9862,1.0056999999999998
2014-10-08,1.002,1.064,0.932,0.946,0.9414,1.0096
2014-10-09,0.893,1.138,0.893,1.084,0.9472000000000002,1.0069
2014-10-10,1.244,1.329,1.111,1.149,0.9976,1.0193999999999999
2014-10-13,1.208,1.678,1.208,1.408,1.1012,1.057
2014-10-14,1.191,1.206,1.002,1.076,1.1326,1.0593999999999997
2014-10-15,1.325,1.351,1.164,1.259,1.1952000000000003,1.0682999999999998
2014-10-16,1.13,1.14,0.905,1.038,1.1860000000000002,1.0665999999999998
2014-10-17,0.938,0.988,0.886,0.968,1.1498000000000002,1.0736999999999999
2014-10-20,0.79,0.843,0.75,0.788,1.0258000000000003,1.0635
2014-10-21,0.79,0.877,0.583,0.877,0.9860000000000001,1.0593
2014-10-22,0.79,1.05,0.583,1.05,0.9442000000000002,1.0696999999999997
2014-10-23,1.056,1.056,0.783,0.833,0.9032000000000002,1.0445999999999998
2014-10-24,0.903,1.121,0.836,0.855,0.8806,1.0151999999999997
2014-10-27,0.991,1.06,0.866,0.881,0.8992000000000002,0.9624999999999997
2014-10-28,0.991,1.06,0.796,0.853,0.8944000000000003,0.9401999999999997
2014-10-29,0.991,1.06,0.796,0.909,0.8662000000000003,0.9051999999999996
2014-10-30,0.888,0.923,0.815,0.906,0.8808000000000001,0.8919999999999997
2014-10-31,0.799,0.803,0.717,0.728,0.8554000000000002,0.8679999999999997
2014-11-03,0.799,0.85,0.717,0.79,0.8372000000000002,0.8681999999999996
2014-11-04,0.799,0.906,0.652,0.763,0.8192000000000002,0.8567999999999998
2014-11-05,0.799,0.906,0.411,0.505,0.7384000000000002,0.8022999999999996
2014-11-06,0.84,0.988,0.745,0.847,0.7266000000000001,0.8036999999999995
2014-11-07,0.854,0.988,0.745,0.793,0.7396000000000003,0.7974999999999997
2014-11-10,0.711,0.899,0.693,0.884,0.7584000000000003,0.7977999999999996
2014-11-11,0.789,0.894,0.704,0.742,0.7542000000000002,0.7866999999999996
2014-11-12,0.755,0.798,0.708,0.73,0.7992000000000002,0.7687999999999996
2014-11-13,0.755,0.798,0.705,0.791,0.7880000000000003,0.7572999999999996
2014-11-14,0.874,0.948,0.72,0.736,0.7766000000000003,0.7580999999999997
2014-11-17,0.678,0.776,0.666,0.683,0.7364000000000003,0.7473999999999996
2014-11-18,0.655,0.889,0.637,0.74,0.7360000000000003,0.7450999999999997
2014-11-19,0.655,0.993,0.637,0.844,0.7588000000000003,0.7789999999999997
2014-11-20,0.783,0.794,0.725,0.759,0.7524000000000003,0.7701999999999997
2014-11-21,0.783,0.794,0.553,0.787,0.7626000000000002,0.7695999999999997
2014-11-24,0.783,0.794,0.553,0.69,0.7640000000000002,0.7501999999999998
2014-11-25,0.659,0.977,0.655,0.746,0.7652000000000003,0.7505999999999997
2014-11-26,0.739,0.847,0.706,0.84,0.7644000000000003,0.7615999999999997
2014-11-28,0.944,1.006,0.904,1.003,0.8132000000000001,0.7827999999999997
2014-12-01,0.944,1.052,0.904,0.952,0.8462000000000002,0.8043999999999997
2014-12-02,0.702,0.871,0.699,0.76,0.8602000000000002,0.8120999999999997
2014-12-03,0.702,0.871,0.606,0.722,0.8554000000000002,0.8102999999999998
2014-12-04,0.647,0.954,0.647,0.9,0.8674000000000002,0.8158999999999997
2014-12-05,0.647,0.954,0.647,0.81,0.8288000000000002,0.8209999999999997
2014-12-08,0.647,0.97,0.647,0.97,0.8324000000000001,0.8392999999999997
2014-12-09,0.647,1.103,0.647,0.914,0.8632000000000002,0.8616999999999997
2014-12-10,0.951,1.01,0.823,0.949,0.9086000000000002,0.8819999999999997
2014-12-11,0.951,1.033,0.823,0.974,0.9234000000000002,0.8953999999999998
2014-12-12,1.059,1.15,0.978,1.15,0.9914000000000002,0.9100999999999997
2014-12-15,1.059,1.15,0.875,1.03,1.0034,0.9178999999999998
2014-12-16,1.444,1.444,1.002,1.019,1.0244,0.9437999999999998
2014-12-17,1.478,1.478,1.006,1.006,1.0358,0.9721999999999996
2014-12-18,0.629,0.753,0.629,0.656,0.9722000000000002,0.9477999999999996
2014-12-19,0.629,0.96,0.629,0.859,0.914,0.9526999999999998
2014-12-22,0.774,0.781,0.696,0.738,0.8556000000000001,0.9294999999999997
2014-12-23,0.926,0.926,0.746,0.75,0.8018000000000001,0.9130999999999997
2014-12-24,0.768,0.975,0.768,0.882,0.777,0.9063999999999997
2014-12-26,0.62,0.816,0.62,0.729,0.7916,0.8818999999999996
2014-12-29,0.816,0.869,0.753,0.85,0.7898,0.8518999999999997
2014-12-30,0.868,0.962,0.773,0.91,0.8241999999999999,0.8398999999999995
2014-12-31,0.952,0.977,0.84,0.874,0.849,0.8253999999999996
2015-01-02,0.919,1.042,0.906,0.982,0.869,0.8229999999999997
2015-01-05,0.898,1.159,0.886,1.155,0.9541999999999999,0.8728999999999996
2015-01-06,1.233,1.552,1.026,1.026,0.9894000000000001,0.8895999999999995
2015-01-07,0.783,0.919,0.707,0.856,0.9785999999999999,0.9013999999999995
2015-01-08,0.783,0.919,0.597,0.743,0.9523999999999999,0.9006999999999996
2015-01-09,0.701,0.937,0.692,0.911,0.9381999999999999,0.9035999999999996
2015-01-12,0.701,0.972,0.692,0.884,0.884,0.9190999999999996
2015-01-13,0.675,0.867,0.675,0.865,0.8517999999999999,0.9205999999999996
2015-01-14,0.968,1.161,0.955,1.054,0.8914,0.9349999999999994
2015-01-15,0.839,0.977,0.839,0.976,0.9380000000000001,0.9451999999999995
2015-01-16,0.839,1.098,0.836,0.861,0.9279999999999999,0.9330999999999994
2015-01-20,0.657,0.849,0.657,0.811,0.9134,0.8986999999999995
2015-01-21,1.013,1.013,0.836,0.867,0.9138,0.8827999999999996
2015-01-22,0.868,0.97,0.808,0.841,0.8712,0.8812999999999995
2015-01-23,0.999,1.131,0.972,1.029,0.8817999999999998,0.9098999999999997
2015-01-26,1.132,1.148,0.899,0.909,0.8913999999999997,0.9096999999999997
2015-01-27,1.132,1.148,0.899,0.923,0.9137999999999998,0.9135999999999997
2015-01-28,0.725,0.895,0.725,0.895,0.9193999999999999,0.9165999999999996
2015-01-29,0.725,1.147,0.725,0.985,0.9481999999999999,0.9096999999999997
2015-01-30,0.836,1.036,0.805,1.036,0.9495999999999999,0.9156999999999998
2015-02-02,0.834,0.986,0.776,0.917,0.9511999999999998,0.9212999999999999
2015-02-03,0.834,0.986,0.655,0.808,0.9281999999999998,0.9209999999999999
2015-02-04,0.834,0.986,0.655,0.811,0.9113999999999999,0.9153999999999998
2015-02-05,0.874,0.886,0.793,0.871,0.8886,0.9183999999999999
2015-02-06,0.897,1.005,0.805,1.004,0.8821999999999999,0.9159
2015-02-09,0.924,0.938,0.84,0.935,0.8857999999999999,0.9185000000000001
2015-02-10,0.732,0.983,0.732,0.915,0.9071999999999999,0.9177000000000002
2015-02-11,0.66,0.975,0.658,0.909,0.9267999999999998,0.9191000000000003
2015-02-12,0.681,0.809,0.647,0.777,0.908,0.8983000000000002
2015-02-13,0.688,0.846,0.597,0.816,0.8703999999999998,0.8763000000000003
2015-02-17,1.18,1.194,0.829,0.85,0.8533999999999999,0.8696000000000004
2015-02-18,0.915,0.945,0.774,0.811,0.8325999999999999,0.8699000000000003
2015-02-19,0.876,0.876,0.79,0.819,0.8145999999999999,0.8707000000000005
2015-02-20,0.739,0.822,0.713,0.747,0.8086,0.8583000000000004
2015-02-23,0.655,0.801,0.643,0.801,0.8055999999999999,0.8380000000000004
2015-02-24,0.754,0.917,0.73,0.861,0.8078,0.8306000000000002
2015-02-25,0.754,0.917,0.696,0.823,0.8102,0.8214000000000004
2015-02-26,0.698,0.786,0.673,0.78,0.8023999999999999,0.8085000000000004
2015-02-27,0.834,0.871,0.678,0.862,0.8253999999999999,0.8170000000000004
2015-03-02,0.782,0.932,0.732,0.888,0.8427999999999999,0.8242000000000005
2015-03-03,0.795,0.898,0.787,0.888,0.8482,0.8280000000000003
2015-03-04,1.012,1.096,0.904,0.906,0.8648,0.8375000000000004
2015-03-05,0.799,0.896,0.725,0.87,0.8827999999999999,0.8426000000000003
2015-03-06,0.86,1.082,0.854,1.074,0.9252,0.8753000000000004
2015-03-09,0.884,1.034,0.884,0.96,0.9396000000000001,0.8912000000000004
2015-03-10,1.17,1.196,1.065,1.132,0.9883999999999998,0.9183
2015-03-11,1.17,1.196,0.85,0.977,1.0025999999999997,0.9337
2015-03-12,0.856,0.932,0.81,0.903,1.0091999999999999,0.946
2015-03-13,1.009,1.161,0.955,1.157,1.0257999999999998,0.9754999999999999
2015-03-16,0.992,1.048,0.864,0.882,1.0101999999999998,0.9748999999999999
2015-03-17,1.017,1.017,0.896,0.92,0.9677999999999999,0.9780999999999999
2015-03-18,1.347,1.347,0.918,0.925,0.9573999999999998,0.9799999999999999
2015-03-19,1.347,1.347,0.77,0.771,0.9309999999999998,0.9700999999999999
2015-03-20,1.347,1.347,0.709,0.761,0.8517999999999997,0.9388
2015-03-23,0.718,0.821,0.702,0.821,0.8395999999999997,0.9248999999999998
2015-03-24,1.141,1.141,0.871,0.947,0.8449999999999998,0.9064
2015-03-25,0.804,1.061,0.804,1.061,0.8722,0.9148
2015-03-26,1.329,1.337,1.056,1.061,0.9301999999999999,0.9305999999999999
2015-03-27,0.819,0.997,0.81,0.931,0.9642,0.9079999999999998
2015-03-30,0.819,0.997,0.648,0.846,0.9692000000000001,0.9043999999999999
2015-03-31,0.819,1.105,0.648,1.022,0.9841999999999999,0.9145999999999999
2015-04-01,1.071,1.113,0.956,0.991,0.9701999999999998,0.9212
2015-04-02,0.962,0.979,0.848,0.944,0.9468,0.9385
2015-04-06,1.015,1.114,0.82,0.854,0.9313999999999998,0.9478
2015-04-07,0.724,0.892,0.724,0.817,0.9255999999999999,0.9473999999999998
2015-04-08,0.566,0.824,0.566,0.824,0.8859999999999999,0.9350999999999999
2015-04-09,0.714,0.902,0.696,0.872,0.8621999999999999,0.9161999999999999
2015-04-10,0.714,0.902,0.696,0.792,0.8318,0.8892999999999999
2015-04-13,0.583,0.784,0.575,0.783,0.8175999999999999,0.8744999999999999
2015-04-14,0.78,0.922,0.78,0.877,0.8295999999999999,0.8775999999999999
2015-04-15,0.939,0.939,0.732,0.758,0.8164,0.8512000000000001
2015-04-16,0.866,0.942,0.786,0.798,0.8015999999999999,0.8319000000000001
2015-04-17,0.986,1.073,0.965,0.966,0.8363999999999999,0.8341000000000001
2015-04-20,0.707,0.781,0.698,0.721,0.8239999999999998,0.8208
2015-04-21,0.748,0.857,0.745,0.819,0.8123999999999999,0.821
2015-04-22,0.72,0.892,0.696,0.71,0.8027999999999998,0.8095999999999999
2015-04-23,0.86,0.87,0.76,0.808,0.8048,0.8032
2015-04-24,0.653,0.803,0.653,0.754,0.7623999999999999,0.7994
2015-04-27,0.567,0.848,0.567,0.8,0.7781999999999999,0.8010999999999999
2015-04-28,0.656,0.888,0.656,0.798,0.7739999999999999,0.7931999999999999
2015-04-29,0.657,0.913,0.657,0.858,0.8036,0.8032
2015-04-30,0.793,0.933,0.793,0.927,0.8273999999999999,0.8160999999999999
2015-05-01,0.911,0.933,0.845,0.849,0.8463999999999998,0.8043999999999999
2015-05-04,0.94,0.94,0.763,0.77,0.8403999999999998,0.8092999999999998
2015-05-05,0.703,0.956,0.663,0.956,0.8719999999999999,0.8229999999999998
2015-05-06,0.999,1.057,0.827,0.905,0.8813999999999999,0.8425
2015-05-07,0.927,0.983,0.852,0.889,0.8737999999999998,0.8506
2015-05-08,0.939,0.983,0.789,0.823,0.8685999999999998,0.8574999999999999
2015-05-11,0.887,0.892,0.686,0.791,0.8727999999999998,0.8565999999999999
2015-05-12,1.176,1.208,0.956,0.96,0.8735999999999997,0.8728
2015-05-13,0.698,0.806,0.698,0.773,0.8471999999999997,0.8642999999999998
2015-05-14,0.853,0.879,0.705,0.765,0.8223999999999997,0.8481
2015-05-15,0.853,1.032,0.705,0.749,0.8075999999999997,0.8381000000000001
2015-05-18,0.765,1.027,0.765,0.858,0.8209999999999997,0.8469
2015-05-19,0.856,0.921,0.787,0.903,0.8095999999999997,0.8415999999999999
2015-05-20,0.924,0.924,0.764,0.797,0.8143999999999997,0.8307999999999998
2015-05-21,0.723,0.811,0.7,0.804,0.8221999999999998,0.8222999999999999
2015-05-22,0.748,0.822,0.647,0.822,0.8367999999999997,0.8221999999999999
2015-05-26,1.071,1.11,0.973,1.006,0.8663999999999998,0.8436999999999999
2015-05-27,0.952,0.962,0.815,0.916,0.8689999999999998,0.8392999999999999
2015-05-28,0.77,0.82,0.685,0.751,0.8597999999999997,0.8370999999999998
2015-05-29,0.755,0.793,0.635,0.745,0.8479999999999996,0.8351
2015-06-01,0.625,0.786,0.617,0.712,0.8259999999999996,0.8313999999999998
2015-06-02,0.702,0.717,0.635,0.68,0.7607999999999997,0.8135999999999998
2015-06-03,0.554,0.672,0.554,0.666,0.7107999999999997,0.7898999999999998
2015-06-04,0.765,0.893,0.751,0.839,0.7283999999999997,0.7940999999999998
2015-06-05,0.847,0.894,0.725,0.727,0.7247999999999997,0.7863999999999998
2015-06-08,0.697,0.732,0.629,0.725,0.7273999999999996,0.7766999999999997
2015-06-09,0.635,0.706,0.625,0.706,0.7325999999999997,0.7466999999999998
2015-06-10,0.642,0.747,0.625,0.697,0.7387999999999997,0.7247999999999998
2015-06-11,0.549,0.739,0.54,0.712,0.7133999999999997,0.7208999999999997
2015-06-12,0.915,0.918,0.707,0.714,0.7107999999999997,0.7177999999999998
2015-06-15,0.753,0.799,0.707,0.718,0.7093999999999997,0.7183999999999997
2015-06-16,0.684,0.711,0.605,0.673,0.7027999999999996,0.7176999999999997
2015-06-17,0.681,0.709,0.594,0.605,0.6843999999999997,0.7115999999999996
2015-06-18,0.631,0.723,0.574,0.591,0.6601999999999998,0.6867999999999996
2015-06-19,0.831,0.896,0.703,0.742,0.6657999999999997,0.6882999999999997
2015-06-22,0.696,0.698,0.614,0.624,0.6469999999999997,0.6781999999999997
2015-06-23,0.636,0.711,0.555,0.644,0.6411999999999997,0.6719999999999996
2015-06-24,0.549,0.778,0.549,0.725,0.6651999999999997,0.6747999999999996
2015-06-25,0.765,0.782,0.653,0.733,0.6935999999999997,0.6768999999999996
2015-06-26,0.931,0.931,0.774,0.81,0.7071999999999996,0.6864999999999997
2015-06-29,0.881,0.944,0.765,0.939,0.7701999999999997,0.7085999999999997
2015-06-30,0.58,0.945,0.58,0.793,0.7999999999999996,0.7205999999999997
2015-07-01,0.504,0.746,0.504,0.744,0.8037999999999996,0.7344999999999997
2015-07-02,0.681,0.845,0.623,0.821,0.8213999999999997,0.7574999999999996
2015-07-06,0.953,0.97,0.78,0.838,0.8269999999999996,0.7670999999999997
2015-07-07,0.815,1.092,0.815,0.915,0.8221999999999996,0.7961999999999997
2015-07-08,1.042,1.065,0.917,0.936,0.8507999999999998,0.8253999999999996
2015-07-09,0.505,0.809,0.505,0.802,0.8623999999999997,0.8330999999999996
2015-07-10,0.618,0.827,0.592,0.765,0.8511999999999997,0.8362999999999996
2015-07-13,0.62,0.835,0.612,0.818,0.8471999999999997,0.8370999999999995
2015-07-14,0.519,0.716,0.519,0.707,0.8055999999999998,0.8138999999999996
2015-07-15,0.635,0.768,0.629,0.722,0.7627999999999997,0.8067999999999996
2015-07-16,0.653,0.684,0.603,0.667,0.7357999999999997,0.7990999999999996
2015-07-17,0.592,0.673,0.582,0.663,0.7153999999999997,0.7832999999999996
2015-07-20,0.645,0.678,0.601,0.636,0.6789999999999997,0.7630999999999996
2015-07-21,0.68,0.763,0.622,0.742,0.6859999999999997,0.7457999999999996
2015-07-22,0.831,0.849,0.749,0.765,0.6945999999999998,0.7286999999999997
2015-07-23,0.596,0.805,0.579,0.794,0.7199999999999999,0.7278999999999997
2015-07-24,0.708,0.903,0.688,0.903,0.7679999999999998,0.7416999999999996
2015-07-27,1.102,1.102,0.883,0.899,0.8205999999999998,0.7497999999999997
2015-07-28,0.736,0.886,0.688,0.72,0.8161999999999999,0.7510999999999997
2015-07-29,0.471,0.631,0.471,0.61,0.7851999999999999,0.7398999999999997
2015-07-30,0.686,0.707,0.609,0.67,0.7603999999999999,0.7401999999999997
2015-07-31,0.691,0.778,0.661,0.716,0.7229999999999998,0.7454999999999997
2015-08-03,0.985,0.986,0.667,0.747,0.6925999999999999,0.7565999999999997
2015-08-04,0.599,0.752,0.559,0.711,0.6907999999999997,0.7534999999999996
2015-08-05,0.584,0.739,0.584,0.736,0.7159999999999997,0.7505999999999997
2015-08-06,1.205,1.205,0.927,0.932,0.7683999999999997,0.7643999999999997
2015-08-07,0.709,0.875,0.645,0.842,0.7935999999999999,0.7582999999999996
2015-08-10,0.505,0.705,0.493,0.697,0.7835999999999999,0.7380999999999996
2015-08-11,0.857,1.007,0.803,0.925,0.8263999999999999,0.7585999999999997
2015-08-12,0.871,1.04,0.83,0.831,0.8453999999999999,0.7806999999999997
2015-08-13,0.725,0.903,0.725,0.759,0.8107999999999999,0.7895999999999999
2015-08-14,0.844,0.923,0.77,0.771,0.7965999999999999,0.7950999999999998
2015-08-17,0.702,0.784,0.681,0.686,0.7943999999999998,0.7889999999999998
2015-08-18,0.793,0.883,0.7,0.759,0.7611999999999998,0.7937999999999998
2015-08-19,1.149,1.149,0.841,0.843,0.7635999999999997,0.8044999999999998
2015-08-20,0.619,0.909,0.568,0.909,0.7935999999999999,0.8021999999999998
2015-08-21,1.248,1.248,1.048,1.073,0.8539999999999998,0.8252999999999998
2015-08-24,1.245,1.354,1.11,1.114,0.9395999999999998,0.8669999999999998
2015-08-25,0.805,0.929,0.805,0.866,0.9609999999999997,0.8610999999999999
2015-08-26,0.758,1.071,0.743,0.943,0.9809999999999997,0.8722999999999999
2015-08-27,0.492,0.742,0.492,0.739,0.9469999999999997,0.8703
2015-08-28,0.74,0.813,0.726,0.802,0.8927999999999997,0.8733999999999998
2015-08-31,0.967,1.026,0.826,0.876,0.8451999999999996,0.8923999999999997
2015-09-01,1.029,1.165,0.969,0.978,0.8675999999999997,0.9142999999999999
2015-09-02,0.627,0.957,0.617,0.892,0.8573999999999998,0.9191999999999998
2015-09-03,0.791,0.847,0.775,0.786,0.8667999999999998,0.9068999999999997
2015-09-04,0.91,0.986,0.889,0.922,0.8907999999999998,0.8917999999999997
2015-09-08,0.6,0.87,0.6,0.772,0.8699999999999998,0.8575999999999999
2015-09-09,0.591,0.862,0.591,0.837,0.8417999999999999,0.8546999999999997
2015-09-10,0.744,0.984,0.723,0.859,0.8351999999999998,0.8462999999999999
2015-09-11,0.726,1.15,0.726,0.968,0.8715999999999997,0.8691999999999999
2015-09-14,0.718,0.992,0.718,0.948,0.8767999999999997,0.8837999999999997
2015-09-15,0.822,0.822,0.708,0.721,0.8665999999999997,0.8682999999999998
2015-09-16,1.034,1.034,0.754,0.757,0.8505999999999997,0.8461999999999998
2015-09-17,0.947,1.027,0.861,0.941,0.8669999999999997,0.8511
2015-09-18,1.302,1.302,1.035,1.151,0.9036000000000002,0.8875999999999997
2015-09-21,0.87,0.91,0.806,0.864,0.8868000000000003,0.8817999999999998
2015-09-22,1.291,1.323,1.13,1.166,0.9757999999999999,0.9212
2015-09-23,0.919,1.142,0.91,1.097,1.0437999999999998,0.9471999999999999
2015-09-24,1.339,1.355,1.018,1.13,1.0816,0.9742999999999998
2015-09-25,1.003,1.206,0.943,1.188,1.089,0.9963
2015-09-28,1.056,1.371,1.056,1.365,1.1892,1.0379999999999998
2015-09-29,1.186,1.382,1.107,1.207,1.1974,1.0866
2015-09-30,0.988,1.095,0.938,0.98,1.174,1.1088999999999998
2015-10-01,1.122,1.242,0.919,0.988,1.1456,1.1136
2015-10-02,0.966,1.143,0.966,0.994,1.1068000000000002,1.0978999999999999
2015-10-05,0.871,0.972,0.853,0.935,1.0208,1.105
2015-10-06,0.843,0.943,0.797,0.87,0.9533999999999999,1.0754
2015-10-07,0.776,0.997,0.772,0.974,0.9521999999999998,1.0631000000000002
2015-10-08,0.824,0.926,0.824,0.897,0.9339999999999999,1.0398
2015-10-09,0.695,0.856,0.691,0.852,0.9056,1.0062000000000002
2015-10-12,0.889,1.118,0.786,0.992,0.917,0.9689000000000002
2015-10-13,1.126,1.188,1.025,1.063,0.9555999999999999,0.9545000000000001
2015-10-14,1.406,1.406,0.85,0.948,0.9503999999999999,0.9513
2015-10-15,0.995,1.095,0.925,1.007,0.9724,0.9532
2015-10-16,0.929,0.972,0.804,0.822,0.9663999999999999,0.9359999999999999
2015-10-19,1.074,1.074,0.88,0.884,0.9448000000000001,0.9309000000000001
2015-10-20,0.915,0.983,0.843,0.921,0.9164,0.9360000000000002
2015-10-21,0.973,0.979,0.851,0.977,0.9221999999999999,0.9363000000000001
2015-10-22,0.993,1.028,0.831,0.839,0.8886,0.9305
2015-10-23,0.736,0.861,0.665,0.797,0.8836,0.925
2015-10-26,0.877,0.954,0.793,0.848,0.8764,0.9106
2015-10-27,0.989,1.025,0.787,0.92,0.8762000000000001,0.8962999999999999
2015-10-28,0.852,0.88,0.759,0.791,0.8390000000000001,0.8805999999999999
2015-10-29,0.822,0.87,0.767,0.79,0.8291999999999999,0.8588999999999999
2015-10-30,0.793,0.82,0.747,0.82,0.8338000000000001,0.8587
2015-11-02,0.907,0.907,0.757,0.837,0.8316000000000001,0.8539999999999999
2015-11-03,0.918,0.918,0.75,0.805,0.8086,0.8423999999999999
2015-11-04,0.918,1.131,0.75,0.837,0.8177999999999999,0.8283999999999999
2015-11-05,0.971,0.971,0.805,0.884,0.8366,0.8329000000000001
2015-11-06,0.729,0.885,0.729,0.874,0.8474,0.8405999999999999
2015-11-09,0.8,1.052,0.79,0.981,0.8762000000000001,0.8539
2015-11-10,0.739,0.98,0.739,0.954,0.9059999999999999,0.8573000000000001
2015-11-11,0.894,0.936,0.801,0.899,0.9183999999999999,0.8680999999999999
2015-11-12,1.004,1.089,0.946,1.088,0.9591999999999998,0.8978999999999999
2015-11-13,1.004,1.171,0.782,1.167,1.0177999999999998,0.9326000000000001
2015-11-16,1.004,1.171,0.782,0.833,0.9882,0.9321999999999999
2015-11-17,1.004,1.171,0.782,0.943,0.986,0.946
2015-11-18,1.24,1.242,0.895,0.91,0.9882,0.9532999999999999
2015-11-19,0.853,0.86,0.736,0.834,0.9373999999999999,0.9483
2015-11-20,0.995,1.053,0.832,0.868,0.8775999999999999,0.9477
2015-11-23,0.707,0.865,0.707,0.863,0.8835999999999998,0.9359000000000002
2015-11-24,0.724,1.017,0.724,0.877,0.8703999999999998,0.9282000000000001
2015-11-25,0.762,0.802,0.723,0.755,0.8393999999999998,0.9138000000000002
2015-11-27,0.85,1.032,0.818,0.999,0.8723999999999998,0.9049000000000001
2015-11-30,0.877,1.056,0.825,0.997,0.8981999999999999,0.8879000000000001
2015-12-01,0.731,0.964,0.656,0.891,0.9037999999999998,0.8937000000000002
2015-12-02,0.864,0.953,0.842,0.908,0.9099999999999999,0.8902000000000001
2015-12-03,0.796,0.98,0.705,0.973,0.9536,0.8965
2015-12-04,0.767,0.847,0.757,0.834,0.9206,0.8965000000000002
2015-12-07,0.93,1.014,0.762,0.993,0.9197999999999998,0.9090000000000001
2015-12-08,1.203,1.396,1.079,1.097,0.961,0.9324000000000001
2015-12-09,0.929,1.009,0.817,0.975,0.9743999999999999,0.9422
2015-12-10,0.979,1.152,0.979,1.1,0.9997999999999999,0.9767000000000001
2015-12-11,0.979,1.224,0.979,1.194,1.0718,0.9962
2015-12-14,0.979,1.224,0.979,1.052,1.0836,1.0017
2015-12-15,0.979,1.224,0.737,0.815,1.0272,0.9941000000000001
2015-12-16,0.979,1.224,0.737,0.77,0.9861999999999999,0.9803000000000001
2015-12-17,0.979,1.224,0.737,0.878,0.9418,0.9708
2015-12-18,0.979,1.224,0.737,1.035,0.9099999999999999,0.9908999999999999
2015-12-21,0.976,0.992,0.729,0.836,0.8667999999999999,0.9751999999999998
2015-12-22,0.936,1.008,0.851,0.876,0.8789999999999999,0.9530999999999998
2015-12-23,0.725,0.873,0.701,0.749,0.8747999999999999,0.9304999999999998
2015-12-24,0.61,0.872,0.61,0.871,0.8734,0.9075999999999999
2015-12-28,0.996,1.099,0.946,0.953,0.857,0.8835
2015-12-29,0.805,0.838,0.765,0.779,0.8455999999999999,0.8562
2015-12-30,0.94,0.976,0.807,0.948,0.86,0.8694999999999998
2015-12-31,1.487,1.487,0.856,0.875,0.8851999999999999,0.8799999999999997
2016-01-04,1.318,1.351,1.087,1.092,0.9293999999999999,0.9013999999999998
2016-01-05,0.948,1.009,0.864,0.936,0.9259999999999999,0.8914999999999997
2016-01-06,1.138,1.283,1.007,1.03,0.9762000000000001,0.9108999999999998
2016-01-07,1.375,1.375,1.131,1.227,1.032,0.9459999999999997
2016-01-08,0.988,1.23,0.968,1.228,1.1026,0.9938999999999998
2016-01-11,1.114,1.126,0.93,1.097,1.1036000000000001,1.0164999999999997
2016-01-12,0.818,1.075,0.798,1.021,1.1206,1.0232999999999997
2016-01-13,1.014,1.144,0.924,1.142,1.143,1.0595999999999997
2016-01-14,1.132,1.26,1.017,1.034,1.1044,1.0681999999999996
2016-01-15,1.331,1.345,1.179,1.332,1.1252,1.1138999999999997
2016-01-19,0.705,0.922,0.699,0.921,1.0899999999999999,1.0967999999999998
2016-01-20,1.538,1.538,1.116,1.143,1.1144,1.1174999999999997
2016-01-21,0.84,0.965,0.836,0.959,1.0778,1.1103999999999998
2016-01-22,0.837,0.985,0.805,0.963,1.0635999999999999,1.0839999999999996
2016-01-25,1.006,1.043,0.946,1.004,0.998,1.0615999999999997
2016-01-26,1.079,1.091,0.744,0.781,0.97,1.0299999999999998
2016-01-27,0.63,0.896,0.63,0.896,0.9206,1.0174999999999998
2016-01-28,0.81,0.926,0.795,0.853,0.8994,0.9885999999999997
2016-01-29,0.721,0.776,0.661,0.765,0.8598000000000001,0.9616999999999998
2016-02-01,1.097,1.112,0.9,0.989,0.8568000000000001,0.9273999999999998
2016-02-02,1.256,1.368,1.08,1.084,0.9174,0.9437000000000001
2016-02-03,0.928,1.041,0.866,0.869,0.9119999999999999,0.9163000000000002
2016-02-04,0.669,0.895,0.669,0.895,0.9203999999999999,0.9099000000000002
2016-02-05,1.056,1.068,0.976,1.056,0.9785999999999999,0.9192000000000004
2016-02-08,1.173,1.209,1.082,1.155,1.0118,0.9343000000000001
2016-02-09,1.061,1.102,0.981,1.019,0.9987999999999999,0.9581000000000003
2016-02-10,1.072,1.078,0.892,0.915,1.008,0.9600000000000003
2016-02-11,1.007,1.027,0.941,0.948,1.0186,0.9695000000000004
2016-02-12,0.796,0.846,0.731,0.846,0.9766,0.9776000000000004
2016-02-16,0.839,0.89,0.825,0.868,0.9192,0.9655000000000005
2016-02-17,1.175,1.175,0.857,0.902,0.8958,0.9473000000000005
2016-02-18,0.942,1.049,0.747,0.878,0.8884000000000001,0.9482000000000005
2016-02-19,0.902,1.019,0.902,0.956,0.89,0.9543000000000005
2016-02-22,0.754,0.908,0.744,0.874,0.8956,0.9361000000000004
2016-02-23,1.203,1.203,0.914,1,0.922,0.9206000000000001
2016-02-24,1.237,1.264,0.998,1.019,0.9454,0.9206000000000001
2016-02-25,0.972,1.025,0.87,0.908,0.9514000000000001,0.9198999999999999
2016-02-26,0.93,1.039,0.846,0.87,0.9342000000000003,0.9121
2016-02-29,0.802,0.968,0.537,0.953,0.9500000000000002,0.9228
2016-03-01,1.058,1.073,0.815,0.858,0.9216000000000001,0.9218
2016-03-02,0.938,1.001,0.807,0.868,0.8914000000000002,0.9184000000000001
2016-03-03,0.989,1.011,0.778,0.807,0.8712000000000002,0.9113000000000001
2016-03-04,0.838,0.987,0.76,0.84,0.8652000000000001,0.8997000000000002
2016-03-07,0.764,0.767,0.647,0.735,0.8216000000000001,0.8858
2016-03-08,1.005,1.05,0.78,1.047,0.8594000000000002,0.8905000000000001
2016-03-09,0.831,0.983,0.831,0.936,0.8730000000000002,0.8822000000000001
2016-03-10,0.889,1.052,0.881,0.939,0.8994000000000002,0.8853000000000002
2016-03-11,0.772,0.91,0.722,0.87,0.9054000000000002,0.8853000000000002
2016-03-14,1.094,1.099,0.864,0.892,0.9368000000000002,0.8792000000000002
2016-03-15,1.239,1.239,0.879,0.933,0.914,0.8867000000000003
2016-03-16,1.316,1.316,0.785,0.789,0.8846000000000002,0.8788000000000002
2016-03-17,0.814,0.824,0.67,0.671,0.8310000000000002,0.8652000000000003
2016-03-18,0.535,0.795,0.512,0.785,0.8140000000000003,0.8597000000000004
2016-03-21,0.705,0.89,0.631,0.844,0.8044000000000002,0.8706000000000003
2016-03-22,1.1,1.206,0.996,1.028,0.8234000000000001,0.8687000000000002
2016-03-23,1.289,1.324,0.948,1.025,0.8705999999999999,0.8776000000000004
2016-03-24,1.219,1.219,1.037,1.047,0.9458,0.8884000000000004
2016-03-28,0.74,0.858,0.56,0.826,0.9540000000000001,0.8840000000000003
2016-03-29,1.058,1.27,0.863,0.875,0.9602,0.8823000000000004
2016-03-30,0.76,1.035,0.737,1.006,0.9558,0.8896000000000004
2016-03-31,0.816,0.967,0.778,0.967,0.9442,0.9074000000000003
2016-04-01,1.071,1.082,0.825,0.842,0.9032,0.9245000000000003
2016-04-04,0.706,0.946,0.706,0.943,0.9266,0.9403000000000002
2016-04-05,1.138,1.241,0.879,0.92,0.9356,0.9479000000000003
2016-04-06,0.835,0.841,0.624,0.827,0.8998000000000002,0.9278000000000002
2016-04-07,0.744,0.991,0.744,0.988,0.9040000000000001,0.9241000000000004
2016-04-08,0.822,0.879,0.745,0.878,0.9112,0.9072000000000002
2016-04-11,0.795,0.876,0.739,0.872,0.897,0.9118000000000002
2016-04-12,0.782,0.973,0.745,0.856,0.8842000000000001,0.9099000000000002
2016-04-13,0.678,0.797,0.648,0.797,0.8782000000000002,0.8890000000000002
2016-04-14,0.586,0.86,0.586,0.83,0.8466000000000001,0.8753000000000002
2016-04-15,0.729,0.85,0.729,0.825,0.8360000000000001,0.8736
2016-04-18,0.935,0.951,0.81,0.875,0.8366000000000001,0.8668000000000001
2016-04-19,0.639,0.742,0.622,0.742,0.8138000000000002,0.8490000000000002
2016-04-20,1.035,1.035,0.782,0.856,0.8256,0.8519000000000002
2016-04-21,0.935,1.007,0.85,1.007,0.861,0.8537999999999999
2016-04-22,0.879,0.906,0.808,0.885,0.8729999999999999,0.8544999999999998
2016-04-25,0.734,0.98,0.734,0.975,0.893,0.8647999999999998
2016-04-26,0.659,0.871,0.659,0.769,0.8984,0.8560999999999999
2016-04-27,0.826,0.848,0.719,0.84,0.8951999999999998,0.8603999999999997
2016-04-28,0.756,0.888,0.731,0.888,0.8713999999999998,0.8661999999999997
2016-04-29,1.054,1.168,1.029,1.07,0.9084,0.8906999999999998
2016-05-02,0.964,1.024,0.894,0.963,0.906,0.8994999999999997
2016-05-03,0.892,1.094,0.837,0.99,0.9502,0.9242999999999997
2016-05-04,1.129,1.144,0.968,1.106,1.0034,0.9492999999999998
2016-05-05,0.786,1.044,0.678,1.032,1.0322,0.9517999999999999
2016-05-06,1.037,1.108,1.006,1.011,1.0204,0.9643999999999998
2016-05-09,1.028,1.097,0.98,0.992,1.0262,0.9660999999999997
2016-05-10,1.127,1.152,0.832,0.833,0.9948,0.9724999999999998
2016-05-11,1.026,1.061,0.822,0.928,0.9592,0.9812999999999997
2016-05-12,0.939,1.084,0.861,1.075,0.9678000000000001,0.9999999999999997
2016-05-13,1.119,1.166,1.017,1.152,0.9960000000000001,1.0081999999999998
2016-05-16,0.804,0.928,0.759,0.842,0.9660000000000002,0.9960999999999997
2016-05-17,0.957,1.07,0.845,1.07,1.0134000000000003,1.0040999999999998
2016-05-18,1.224,1.224,0.983,1.081,1.044,1.0015999999999996
2016-05-19,1.072,1.349,1,1.194,1.0678000000000003,1.0177999999999998
2016-05-20,0.841,0.994,0.841,0.921,1.0216000000000003,1.0087999999999997
2016-05-23,0.785,0.904,0.785,0.889,1.0310000000000001,0.9984999999999996
2016-05-24,0.641,0.928,0.641,0.909,0.9988000000000004,1.0060999999999996
2016-05-25,0.785,0.866,0.699,0.864,0.9554000000000002,0.9996999999999996
2016-05-26,0.697,0.954,0.679,0.94,0.9046000000000003,0.9861999999999996
2016-05-27,0.748,0.877,0.698,0.849,0.8902000000000003,0.9558999999999995
2016-05-31,0.667,0.892,0.667,0.887,0.8898000000000004,0.9603999999999996
2016-06-01,1.102,1.242,0.906,0.913,0.8906000000000003,0.9446999999999995
2016-06-02,0.891,0.979,0.864,0.878,0.8934000000000001,0.9243999999999997
2016-06-03,1.029,1.105,0.895,0.904,0.8862000000000002,0.8953999999999998
2016-06-06,0.788,0.849,0.723,0.788,0.8740000000000002,0.8820999999999997
2016-06-07,0.915,0.915,0.696,0.856,0.8678000000000002,0.8787999999999997
2016-06-08,0.635,0.847,0.611,0.808,0.8468000000000002,0.8686999999999996
2016-06-09,1.065,1.104,0.91,0.969,0.8650000000000002,0.8791999999999996
2016-06-10,1.308,1.308,1.035,1.064,0.8970000000000002,0.8915999999999997
2016-06-13,1.145,1.145,0.836,0.969,0.9332,0.9035999999999996
2016-06-14,0.859,1.098,0.819,1.011,0.9642000000000002,0.9159999999999995
2016-06-15,0.991,1.17,0.876,0.948,0.9922000000000001,0.9194999999999995
2016-06-16,1.087,1.311,1.083,1.087,1.0158,0.9403999999999992
2016-06-17,0.916,0.916,0.81,0.873,0.9776000000000001,0.9372999999999994
2016-06-20,0.915,0.915,0.779,0.866,0.9570000000000002,0.9450999999999995
2016-06-21,0.86,0.952,0.8,0.82,0.9188000000000001,0.9414999999999993
2016-06-22,0.888,0.978,0.829,0.963,0.9218,0.9569999999999995
2016-06-23,0.796,0.86,0.589,0.858,0.8760000000000001,0.9458999999999994
2016-06-24,1.387,1.387,1.008,1.169,0.9352,0.9563999999999998
2016-06-27,1.107,1.317,1.069,1.216,1.0051999999999999,0.9810999999999999
2016-06-28,0.718,1.003,0.718,0.98,1.0372,0.978
2016-06-29,0.933,1.007,0.933,0.957,1.036,0.9788999999999998
2016-06-30,1.17,1.17,0.959,1.039,1.0722,0.9741
2016-07-01,0.962,0.978,0.831,0.885,1.0154,0.9753000000000001
2016-07-05,1.009,1.211,0.91,0.932,0.9586,0.9818999999999999
2016-07-06,0.945,1.054,0.88,0.908,0.9442,0.9907
2016-07-07,0.788,0.871,0.759,0.828,0.9183999999999999,0.9772000000000001
2016-07-08,0.966,1.006,0.788,0.828,0.8762000000000001,0.9742
2016-07-11,0.763,0.763,0.65,0.735,0.8462000000000002,0.9307999999999998
2016-07-12,0.587,0.761,0.554,0.76,0.8118000000000001,0.8851999999999999
2016-07-13,0.782,0.872,0.734,0.85,0.8002,0.8722
2016-07-14,0.552,0.699,0.463,0.697,0.774,0.8462
2016-07-15,0.871,0.871,0.708,0.783,0.765,0.8206
2016-07-18,0.85,0.872,0.724,0.769,0.7718,0.8089999999999999
2016-07-19,0.912,0.971,0.817,0.921,0.8039999999999999,0.8079000000000001
2016-07-20,1.089,1.096,0.724,0.79,0.792,0.7961
2016-07-21,0.774,1.037,0.77,1.03,0.8586,0.8163
2016-07-22,0.877,0.931,0.793,0.841,0.8702,0.8176
2016-07-25,0.889,1.005,0.889,0.929,0.9022,0.8370000000000001
2016-07-26,0.8,0.921,0.8,0.882,0.8944000000000001,0.8492000000000001
2016-07-27,0.8,0.921,0.732,0.82,0.9004,0.8462
2016-07-28,0.805,0.9,0.72,0.76,0.8463999999999998,0.8525
2016-07-29,0.805,0.975,0.72,0.899,0.8579999999999999,0.8641000000000002
2016-08-01,0.805,1.063,0.72,1.061,0.8843999999999997,0.8933
2016-08-02,0.805,1.318,0.72,0.963,0.9005999999999998,0.8975
2016-08-03,0.767,0.886,0.65,0.652,0.8669999999999998,0.8836999999999999
2016-08-04,0.82,0.925,0.807,0.917,0.8983999999999999,0.8724000000000001
2016-08-05,0.706,0.826,0.662,0.667,0.8519999999999998,0.8550000000000001
2016-08-08,0.82,0.997,0.82,0.887,0.8171999999999999,0.8508000000000001
2016-08-09,1.3,1.3,0.815,0.857,0.7959999999999998,0.8483
2016-08-10,0.898,0.989,0.794,0.98,0.8615999999999998,0.8643000000000001
2016-08-11,0.908,1.047,0.805,0.83,0.8441999999999998,0.8713000000000001
2016-08-12,0.763,0.765,0.648,0.715,0.8537999999999999,0.8529000000000002
2016-08-15,0.68,0.756,0.673,0.738,0.8239999999999998,0.8206000000000001
2016-08-16,1.031,1.031,0.835,0.926,0.8377999999999999,0.8169000000000002
2016-08-17,1.185,1.202,0.893,0.903,0.8223999999999997,0.8420000000000002
2016-08-18,0.942,0.969,0.769,0.832,0.8227999999999998,0.8335000000000002
2016-08-19,0.819,0.889,0.78,0.804,0.8405999999999999,0.8472000000000003
2016-08-22,0.918,0.954,0.81,0.81,0.8549999999999998,0.8395000000000004
2016-08-23,0.769,0.933,0.689,0.923,0.8543999999999998,0.8461000000000004
2016-08-24,0.954,1.058,0.845,1.044,0.8825999999999998,0.8525000000000004
2016-08-25,1.175,1.175,0.645,0.891,0.8943999999999999,0.8586000000000004
2016-08-26,0.917,0.967,0.843,0.944,0.9223999999999999,0.8815000000000003
2016-08-29,0.927,0.927,0.814,0.891,0.9385999999999999,0.8968000000000004
2016-08-30,0.922,1.111,0.844,0.86,0.9259999999999999,0.8902000000000003
2016-08-31,0.947,1.136,0.878,1.026,0.9224,0.9025000000000004
2016-09-01,0.771,0.986,0.722,0.85,0.9141999999999999,0.9043000000000003
2016-09-02,0.861,0.973,0.846,0.927,0.9108,0.9166000000000004
2016-09-06,0.799,0.855,0.73,0.75,0.8826,0.9106000000000003
2016-09-07,0.81,0.845,0.776,0.838,0.8782,0.9021000000000002
2016-09-08,0.703,0.887,0.703,0.875,0.8480000000000001,0.8852000000000004
2016-09-09,1.175,1.184,1.029,1.138,0.9056000000000001,0.9099000000000004
2016-09-12,1.172,1.181,0.982,0.986,0.9174,0.9141000000000004
2016-09-13,0.977,1.156,0.925,1.105,0.9884000000000001,0.9354999999999999
2016-09-14,0.713,0.979,0.713,0.978,1.0164,0.9472999999999999
2016-09-15,0.921,0.925,0.836,0.857,1.0128,0.9303999999999999
2016-09-16,0.99,0.99,0.863,0.959,0.977,0.9412999999999998
2016-09-19,0.711,0.872,0.682,0.872,0.9541999999999999,0.9357999999999997
2016-09-20,0.995,1.003,0.839,0.953,0.9238,0.9560999999999998
2016-09-21,0.993,1.023,0.861,0.981,0.9244,0.9703999999999999
2016-09-22,0.731,0.842,0.704,0.841,0.9212,0.9669999999999999
2016-09-23,0.73,0.944,0.699,0.944,0.9182,0.9475999999999999
2016-09-26,1.219,1.335,1.046,1.082,0.9602,0.9571999999999999
2016-09-27,1.087,1.087,0.877,0.906,0.9508000000000001,0.9372999999999999
2016-09-28,0.765,0.902,0.72,0.871,0.9288000000000001,0.9266
2016-09-29,0.812,1.109,0.812,1.104,0.9814,0.9513
2016-09-30,0.959,1.096,0.897,0.913,0.9752000000000001,0.9467000000000001
2016-10-03,0.996,1.011,0.871,0.897,0.9381999999999999,0.9491999999999999
2016-10-04,0.775,0.915,0.772,0.906,0.9381999999999999,0.9445
2016-10-05,0.689,0.832,0.643,0.807,0.9254,0.9271
2016-10-06,0.925,0.938,0.853,0.872,0.8790000000000001,0.9302000000000001
2016-10-07,1.011,1.053,0.95,1.053,0.907,0.9410999999999999
2016-10-10,1.011,1.053,0.815,0.858,0.8992000000000001,0.9187
2016-10-11,1.011,1.15,0.815,1.103,0.9385999999999999,0.9384
2016-10-12,1.011,1.15,0.815,0.962,0.9696,0.9475
2016-10-13,1.187,1.318,1.017,1.041,1.0033999999999998,0.9411999999999999
2016-10-14,1.187,1.318,0.788,0.989,0.9905999999999999,0.9488
2016-10-17,1.187,1.318,0.788,0.995,1.0179999999999998,0.9585999999999999
2016-10-18,1.187,1.318,0.788,0.887,0.9747999999999998,0.9566999999999999
2016-10-19,1.187,1.318,0.788,0.897,0.9617999999999999,0.9657
2016-10-20,1.187,1.318,0.788,0.928,0.9391999999999999,0.9713
2016-10-21,1.187,1.318,0.788,0.908,0.9229999999999998,0.9568
2016-10-24,1.187,1.318,0.733,0.803,0.8845999999999998,0.9513000000000001
2016-10-25,1.187,1.318,0.698,0.898,0.8867999999999998,0.9308000000000002
2016-10-26,1.187,1.318,0.698,0.905,0.8883999999999999,0.9251000000000001
2016-10-27,1.187,1.318,0.698,0.862,0.8751999999999998,0.9072000000000001
2016-10-28,1.187,1.35,0.698,1.154,0.9243999999999998,0.9237000000000002
2016-10-31,1.187,1.35,0.698,1.001,0.9639999999999997,0.9243
2016-11-01,1.187,1.35,0.698,1.223,1.029,0.9579000000000001
2016-11-02,1.187,1.35,0.698,1.086,1.0651999999999997,0.9768000000000002
2016-11-03,1.187,1.506,0.698,1.177,1.1281999999999999,1.0017000000000003
2016-11-04,1.187,1.512,0.698,1.209,1.1392,1.0318
2016-11-07,1.187,1.512,0.698,1.054,1.1498,1.0569000000000002
2016-11-08,1.187,1.512,0.698,1.179,1.1409999999999998,1.0850000000000002
2016-11-09,1.187,1.512,0.698,0.996,1.1229999999999998,1.0941000000000003
2016-11-10,1.187,1.512,0.614,0.906,1.0688,1.0985
2016-11-11,1.187,1.512,0.614,1.013,1.0295999999999998,1.0844
2016-11-14,1.187,1.512,0.614,0.898,0.9983999999999998,1.0741
2016-11-15,1.187,1.512,0.614,0.804,0.9234,1.0322
2016-11-16,1.187,1.512,0.614,0.968,0.9178000000000001,1.0204
2016-11-17,1.187,1.512,0.614,0.841,0.9048,0.9868
2016-11-18,1.187,1.512,0.614,0.961,0.8943999999999999,0.9620000000000001
2016-11-21,0.902,0.908,0.828,0.861,0.8869999999999999,0.9427000000000001
2016-11-22,0.859,0.942,0.854,0.925,0.9111999999999998,0.9173
2016-11-23,0.897,0.936,0.836,0.894,0.8963999999999999,0.9071
2016-11-25,0.789,0.802,0.674,0.779,0.884,0.8943999999999999
2016-11-28,0.798,0.971,0.798,0.963,0.8844,0.8893999999999999
2016-11-29,0.954,1.019,0.833,0.868,0.8858,0.8863999999999999
2016-11-30,0.805,0.932,0.805,0.9,0.8808,0.8959999999999997
2016-12-01,0.795,0.887,0.763,0.877,0.8774,0.8868999999999998
2016-12-02,0.849,0.951,0.807,0.877,0.897,0.8905
2016-12-05,0.597,0.837,0.597,0.835,0.8713999999999998,0.8779
2016-12-06,0.843,0.927,0.809,0.872,0.8722,0.8789999999999999
2016-12-07,0.813,1.044,0.753,0.784,0.8489999999999999,0.8648999999999999
2016-12-08,0.591,0.737,0.591,0.737,0.821,0.8491999999999997
2016-12-09,0.59,0.757,0.589,0.739,0.7933999999999999,0.8451999999999998
2016-12-12,0.778,0.849,0.692,0.824,0.7911999999999999,0.8312999999999999
2016-12-13,0.708,0.756,0.585,0.679,0.7525999999999999,0.8123999999999999
2016-12-14,0.934,0.934,0.832,0.889,0.7736,0.8112999999999999
2016-12-15,0.791,0.827,0.694,0.701,0.7664,0.7937
2016-12-16,0.702,0.914,0.679,0.912,0.8009999999999999,0.7971999999999999
2016-12-19,0.797,1.001,0.68,0.961,0.8284,0.8097999999999999
2016-12-20,0.798,0.875,0.746,0.825,0.8576,0.8050999999999998
2016-12-21,0.985,0.985,0.763,0.84,0.8478,0.8107
2016-12-22,0.999,1.023,0.92,0.967,0.901,0.8337
2016-12-23,0.932,0.958,0.831,0.952,0.909,0.8549999999999999
2016-12-27,0.826,0.902,0.763,0.883,0.8934,0.8608999999999998
2016-12-28,0.948,0.948,0.735,0.898,0.908,0.8827999999999999
2016-12-29,0.928,0.928,0.83,0.867,0.9134,0.8805999999999999
2016-12-30,0.912,1.079,0.873,1.078,0.9356,0.9183
2017-01-03,0.724,0.871,0.724,0.742,0.8936,0.9013
2017-01-04,0.793,0.985,0.793,0.828,0.8826,0.8879999999999999
2017-01-05,0.681,0.866,0.663,0.844,0.8718,0.8898999999999999
2017-01-06,0.681,1.013,0.663,0.893,0.8770000000000001,0.8952
2017-01-09,0.824,0.974,0.823,0.888,0.8390000000000001,0.8873
2017-01-10,0.779,0.86,0.746,0.85,0.8606000000000001,0.8770999999999999
2017-01-11,0.96,0.98,0.776,0.937,0.8824000000000002,0.8825
2017-01-12,0.913,1.09,0.913,1.018,0.9172,0.8945000000000001
2017-01-13,0.913,1.09,0.748,0.883,0.9152000000000001,0.8960999999999999
2017-01-17,0.913,1.09,0.748,0.859,0.9094000000000001,0.8741999999999999
2017-01-18,1.149,1.188,1.047,1.177,0.9748000000000001,0.9177
2017-01-19,1.149,1.188,0.837,1.006,0.9885999999999999,0.9354999999999999
2017-01-20,1.037,1.059,0.879,0.916,0.9682000000000001,0.9427
2017-01-23,1.037,1.059,0.79,0.923,0.9762000000000001,0.9456999999999999
2017-01-24,1.037,1.059,0.662,0.831,0.9705999999999999,0.9399999999999998
2017-01-25,1.037,1.059,0.572,0.818,0.8987999999999999,0.9367999999999999
2017-01-26,1.037,1.059,0.572,0.837,0.865,0.9267999999999998
2017-01-27,1.037,1.059,0.572,0.95,0.8718,0.9199999999999999
2017-01-30,1.282,1.34,1.059,1.062,0.8996000000000001,0.9379
2017-01-31,0.899,1.027,0.897,0.917,0.9168000000000001,0.9437
2017-02-01,0.746,1.34,0.736,0.861,0.9254000000000001,0.9121
2017-02-02,0.894,0.912,0.805,0.85,0.9280000000000002,0.8965
2017-02-03,0.843,0.909,0.79,0.836,0.9052000000000001,0.8884999999999998
2017-02-06,0.859,1.067,0.827,1.055,0.9038000000000002,0.9017
2017-02-07,0.652,1.005,0.652,0.979,0.9162000000000002,0.9164999999999999
2017-02-08,0.935,1.027,0.751,0.773,0.8986000000000003,0.9119999999999999
2017-02-09,0.803,0.877,0.767,0.86,0.9006000000000002,0.9142999999999999
2017-02-10,0.68,0.87,0.672,0.87,0.9074000000000002,0.9063000000000001
2017-02-13,0.788,0.83,0.735,0.794,0.8552000000000003,0.8795
2017-02-14,0.721,0.955,0.721,0.813,0.8220000000000003,0.8691000000000001
2017-02-15,0.985,0.985,0.76,0.821,0.8316000000000002,0.8651
2017-02-16,0.571,0.923,0.571,0.888,0.8372000000000002,0.8689
2017-02-17,1.003,1.06,0.888,0.888,0.8408000000000003,0.8741
2017-02-21,0.63,0.873,0.63,0.869,0.8558000000000001,0.8554999999999999
2017-02-22,0.816,0.937,0.815,0.895,0.8722000000000003,0.8471000000000002
2017-02-23,0.769,0.943,0.764,0.929,0.8938000000000003,0.8627
2017-02-24,0.899,0.933,0.781,0.918,0.8998000000000003,0.8685
2017-02-27,0.671,0.874,0.668,0.873,0.8968000000000004,0.8688
2017-02-28,0.784,1.083,0.784,1.028,0.9286000000000003,0.8922000000000001
2017-03-01,0.736,0.864,0.686,0.863,0.9222000000000001,0.8972000000000001
2017-03-02,0.789,0.95,0.688,0.95,0.9264000000000003,0.9101000000000001
2017-03-03,0.799,0.964,0.786,0.94,0.9308000000000002,0.9153
2017-03-06,0.949,1.052,0.9,0.911,0.9384000000000002,0.9176000000000002
2017-03-07,0.922,0.939,0.823,0.852,0.9032000000000002,0.9159
2017-03-08,0.751,0.993,0.751,0.989,0.9284000000000002,0.9253000000000002
2017-03-09,1.12,1.122,1.025,1.087,0.9558000000000002,0.9410999999999999
2017-03-10,0.65,0.866,0.65,0.852,0.9382000000000004,0.9344999999999999
2017-03-13,0.751,0.879,0.742,0.838,0.9236000000000002,0.931
2017-03-14,1.03,1.188,0.995,1.011,0.9554000000000002,0.9293000000000001
2017-03-15,0.808,0.914,0.748,0.762,0.9100000000000001,0.9192
2017-03-16,0.681,0.817,0.681,0.784,0.8494000000000002,0.9026
2017-03-17,0.912,0.991,0.865,0.971,0.8732000000000003,0.9057000000000001
2017-03-20,0.861,0.972,0.85,0.949,0.8954000000000002,0.9094999999999999
2017-03-21,0.861,1.072,0.646,1.042,0.9016000000000002,0.9285
2017-03-22,0.861,1.295,0.646,0.963,0.9418000000000003,0.9259000000000001
2017-03-23,0.861,1.295,0.646,0.986,0.9822000000000003,0.9158
2017-03-24,0.861,1.295,0.646,1.099,1.0078,0.9405000000000001
2017-03-27,0.861,1.367,0.646,1,1.018,0.9567
2017-03-28,0.861,1.367,0.646,0.852,0.9799999999999999,0.9408
2017-03-29,0.911,1.367,0.646,0.83,0.9534,0.9476000000000001
2017-03-30,0.861,1.367,0.646,0.844,0.925,0.9536000000000001
2017-03-31,0.861,1.367,0.646,0.973,0.8998000000000002,0.9538
2017-04-03,0.861,1.367,0.646,0.926,0.8850000000000001,0.9515
2017-04-04,0.861,1.367,0.646,0.933,0.9012000000000002,0.9406000000000001
2017-04-05,0.861,1.367,0.646,0.87,0.9092000000000002,0.9312999999999999
2017-04-06,0.861,1.367,0.646,0.907,0.9218000000000002,0.9234
2017-04-07,0.911,1.367,0.646,0.943,0.9158000000000003,0.9077999999999999
2017-04-10,0.861,1.367,0.585,0.886,0.9078000000000003,0.8964000000000001
2017-04-11,0.861,1.367,0.585,0.991,0.9194000000000002,0.9103
2017-04-12,0.861,1.367,0.585,0.979,0.9412000000000003,0.9251999999999999
2017-04-13,0.861,1.367,0.585,1.029,0.9656000000000002,0.9437
2017-04-17,0.911,1.367,0.585,0.895,0.9560000000000002,0.9359
2017-04-18,0.911,1.367,0.585,0.861,0.9510000000000002,0.9294
2017-04-19,0.911,1.367,0.585,0.945,0.9418000000000003,0.9305999999999999
2017-04-20,0.911,1.367,0.585,0.993,0.9446000000000003,0.9428999999999998
2017-04-21,0.911,1.367,0.585,1.041,0.9470000000000003,0.9562999999999999
2017-04-24,0.911,1.367,0.585,0.934,0.9548000000000003,0.9553999999999998
2017-04-25,0.861,1.367,0.585,0.796,0.9418000000000003,0.9463999999999999
2017-04-26,0.861,1.367,0.585,0.807,0.9142000000000003,0.9279999999999997
2017-04-27,0.861,1.367,0.585,0.86,0.8876000000000003,0.9160999999999998
2017-04-28,0.861,1.367,0.585,1.047,0.8888000000000004,0.9178999999999998
2017-05-01,0.861,1.367,0.585,0.817,0.8654000000000004,0.9100999999999997
2017-05-02,0.861,1.367,0.585,0.784,0.8630000000000002,0.9023999999999998
2017-05-03,0.861,1.367,0.585,0.903,0.8822000000000003,0.8981999999999998
2017-05-04,0.911,1.367,0.585,0.977,0.9056000000000003,0.8966
2017-05-05,0.911,1.367,0.585,0.894,0.8750000000000003,0.8818999999999999
2017-05-08,0.911,1.367,0.585,0.817,0.8750000000000003,0.8702
2017-05-09,0.911,1.367,0.585,0.732,0.8646000000000003,0.8638
2017-05-10,0.911,1.367,0.585,0.696,0.8232000000000003,0.8527000000000001
2017-05-11,0.911,1.367,0.585,0.892,0.8062000000000002,0.8559000000000001
2017-05-12,0.911,1.367,0.585,0.871,0.8016000000000002,0.8382999999999999
2017-05-15,0.911,1.367,0.585,0.75,0.7882000000000003,0.8315999999999999
2017-05-16,0.911,1.367,0.585,0.782,0.7982000000000002,0.8314
2017-05-17,0.911,1.367,0.585,1.1,0.8790000000000002,0.8511
2017-05-18,0.911,1.367,0.585,1.019,0.9044000000000002,0.8553000000000001
2017-05-19,0.753,1.251,0.588,0.946,0.9194000000000002,0.8605
2017-05-22,0.675,0.751,0.646,0.751,0.9196000000000002,0.8539
2017-05-23,0.841,0.915,0.814,0.889,0.9410000000000002,0.8695999999999999
2017-05-24,0.673,0.922,0.673,0.915,0.9040000000000002,0.8915
2017-05-25,0.769,0.918,0.708,0.874,0.8750000000000002,0.8897
2017-05-26,1.266,1.266,0.925,0.939,0.8736000000000003,0.8965
2017-05-30,0.801,0.963,0.784,0.884,0.9002000000000002,0.9099
2017-05-31,0.776,1.08,0.767,0.976,0.9176000000000002,0.9293000000000001
2017-06-01,0.748,0.898,0.705,0.898,0.9142000000000003,0.9090999999999999
2017-06-02,0.811,0.818,0.72,0.813,0.9020000000000004,0.8885
2017-06-05,0.772,0.933,0.751,0.846,0.8834000000000003,0.8785000000000001
2017-06-06,0.879,0.918,0.659,0.792,0.8650000000000002,0.8826
2017-06-07,0.722,1.004,0.693,0.986,0.8670000000000002,0.8923
2017-06-08,0.6,0.805,0.527,0.805,0.8484000000000004,0.8813000000000001
2017-06-09,0.726,0.967,0.725,0.965,0.8788000000000002,0.8904
2017-06-12,0.834,0.944,0.834,0.944,0.8984000000000002,0.8908999999999999
2017-06-13,0.637,0.904,0.626,0.903,0.9206000000000003,0.8927999999999999
2017-06-14,0.752,0.892,0.752,0.874,0.8982000000000001,0.8825999999999998
2017-06-15,1.112,1.321,0.895,0.898,0.9168000000000001,0.8825999999999998
2017-06-16,0.836,1.025,0.806,1,0.9238,0.9012999999999998
2017-06-19,0.713,0.81,0.63,0.768,0.8886,0.8934999999999997
2017-06-20,0.713,1.011,0.63,0.943,0.8966,0.9085999999999996
2017-06-21,0.713,1.011,0.63,0.883,0.8984,0.8982999999999997
2017-06-22,0.703,0.778,0.678,0.768,0.8724000000000001,0.8945999999999998
2017-06-23,0.855,0.856,0.753,0.856,0.8436,0.8836999999999998
2017-06-26,0.855,0.856,0.587,0.743,0.8385999999999999,0.8635999999999997
2017-06-27,0.855,0.944,0.587,0.899,0.8298,0.8631999999999997
2017-06-28,0.855,0.944,0.587,0.83,0.8192,0.8587999999999998
2017-06-29,0.855,0.988,0.587,0.98,0.8616000000000001,0.8669999999999998
2017-06-30,0.855,0.988,0.587,0.975,0.8854000000000001,0.8644999999999998
2017-07-03,0.855,0.988,0.587,0.833,0.9034000000000001,0.8709999999999998
2017-07-05,0.855,0.988,0.587,0.887,0.9010000000000001,0.8653999999999998
2017-07-06,0.855,1.062,0.587,1.045,0.9440000000000002,0.8816
2017-07-07,0.855,1.062,0.587,0.961,0.9402000000000001,0.9009
2017-07-10,0.693,0.962,0.69,0.908,0.9268000000000001,0.9061
2017-07-11,0.693,1.105,0.69,0.89,0.9381999999999999,0.9208000000000001
2017-07-12,0.693,1.105,0.69,0.835,0.9278000000000001,0.9144
2017-07-13,0.693,1.105,0.69,0.882,0.8952,0.9196
2017-07-14,0.693,1.105,0.69,0.795,0.8620000000000001,0.9011000000000001
2017-07-17,0.693,1.105,0.69,0.957,0.8718,0.8993
2017-07-18,0.693,1.105,0.69,0.832,0.8602000000000001,0.8992000000000001
2017-07-19,0.693,1.105,0.69,0.758,0.8448,0.8863000000000001
2017-07-20,0.693,1.105,0.564,0.745,0.8174000000000001,0.8563000000000001
2017-07-21,0.693,1.105,0.564,0.837,0.8258000000000001,0.8439
2017-07-24,0.693,1.105,0.564,0.839,0.8022,0.8370000000000001
2017-07-25,0.693,1.105,0.564,0.814,0.7986000000000001,0.8294
2017-07-26,0.784,0.784,0.631,0.759,0.7988000000000002,0.8218000000000002
2017-07-27,0.704,0.919,0.67,0.917,0.8332,0.8253
2017-07-28,0.93,0.972,0.857,0.908,0.8474,0.8366000000000001
2017-07-31,0.791,0.877,0.785,0.864,0.8524,0.8273000000000001
2017-08-01,0.673,0.919,0.664,0.901,0.8698000000000002,0.8342000000000003
2017-08-02,0.789,1.001,0.789,0.922,0.9024000000000001,0.8506
2017-08-03,0.902,1.09,0.872,1.074,0.9338000000000001,0.8835000000000001
2017-08-04,0.768,0.959,0.746,0.95,0.9422,0.8948
2017-08-07,0.752,0.878,0.745,0.877,0.9448000000000001,0.8986000000000001
2017-08-08,0.969,1.002,0.76,0.907,0.9460000000000001,0.9079
2017-08-09,1.031,1.17,0.977,0.992,0.9600000000000002,0.9312000000000001
2017-08-10,1.21,1.212,0.956,1.082,0.9616000000000001,0.9477
2017-08-11,1.09,1.137,1.02,1.135,0.9986,0.9704
2017-08-14,0.825,0.939,0.817,0.939,1.011,0.9779
2017-08-15,0.978,1.195,0.932,0.937,1.017,0.9815000000000002
2017-08-16,1.634,1.634,0.943,0.949,1.0084,0.9842000000000001
2017-08-17,0.996,1.177,0.77,1.177,1.0274,0.9945
2017-08-18,1.243,1.254,1.086,1.141,1.0286000000000002,1.0136
2017-08-21,1.216,1.216,0.929,0.934,1.0276,1.0192999999999999
2017-08-22,1.216,1.216,0.744,0.923,1.0248000000000002,1.0209
2017-08-23,0.825,1.031,0.825,0.944,1.0238,1.0161
2017-08-24,0.843,1.044,0.8,0.988,0.986,1.0067
2017-08-25,0.814,0.945,0.814,0.93,0.9438000000000001,0.9862
2017-08-28,0.804,0.88,0.776,0.822,0.9214,0.9744999999999999
2017-08-29,1.019,1.037,0.852,0.864,0.9096,0.9671999999999998
2017-08-30,0.651,0.866,0.528,0.866,0.8940000000000001,0.9588999999999999
2017-08-31,0.83,0.917,0.802,0.913,0.8790000000000001,0.9324999999999999
2017-09-01,0.914,0.914,0.822,0.836,0.8602000000000001,0.9019999999999999
2017-09-05,1.037,1.107,1.006,1.085,0.9128000000000002,0.9171000000000001
2017-09-06,0.78,0.899,0.758,0.893,0.9186000000000002,0.9141000000000001
2017-09-07,0.713,0.935,0.691,0.928,0.931,0.9125000000000002
2017-09-08,0.822,1.004,0.763,1.004,0.9492,0.9141
2017-09-11,0.822,1.004,0.736,0.844,0.9508000000000001,0.9055
2017-09-12,0.822,1.004,0.593,0.753,0.8844000000000001,0.8986000000000001
2017-09-13,0.857,0.857,0.743,0.757,0.8572000000000003,0.8878999999999999
2017-09-14,0.857,0.906,0.685,0.687,0.8090000000000002,0.8699999999999999
2017-09-15,0.895,0.946,0.829,0.897,0.7876000000000001,0.8684
2017-09-18,0.895,0.946,0.737,0.863,0.7914000000000001,0.8710999999999999
2017-09-19,0.895,0.946,0.737,0.838,0.8084000000000001,0.8463999999999998
2017-09-20,0.895,1.214,0.737,0.883,0.8336000000000002,0.8453999999999999
2017-09-21,0.895,1.214,0.737,0.905,0.8772,0.8431
2017-09-22,0.895,1.214,0.737,1.003,0.8984,0.8429999999999997
2017-09-25,0.895,1.214,0.495,0.861,0.898,0.8446999999999999
2017-09-26,0.895,1.214,0.495,0.828,0.8960000000000001,0.8521999999999998
2017-09-27,0.895,1.214,0.495,0.795,0.8784000000000001,0.8559999999999999
2017-09-28,0.895,1.214,0.495,0.809,0.8592000000000001,0.8681999999999999
2017-09-29,0.895,1.214,0.495,1.032,0.865,0.8817
2017-10-02,0.895,1.214,0.495,0.896,0.8720000000000001,0.885
2017-10-03,0.895,1.214,0.495,0.79,0.8644000000000002,0.8802
2017-10-04,0.895,1.214,0.495,0.804,0.8662000000000001,0.8723000000000001
2017-10-05,0.895,1.214,0.495,0.778,0.8600000000000001,0.8596
2017-10-06,0.895,1.214,0.495,0.946,0.8428000000000001,0.8539000000000001
2017-10-09,0.895,1.214,0.495,0.956,0.8548,0.8634000000000001
2017-10-10,0.895,1.214,0.495,0.81,0.8588000000000001,0.8615999999999999
2017-10-11,0.895,1.214,0.495,0.846,0.8672000000000001,0.8667
2017-10-12,0.895,1.214,0.495,0.932,0.898,0.8790000000000001
2017-10-13,0.895,1.214,0.495,0.84,0.8767999999999999,0.8598000000000001
2017-10-16,0.895,1.214,0.495,0.946,0.8747999999999999,0.8648
2017-10-17,0.895,1.214,0.495,1.015,0.9157999999999997,0.8873
2017-10-18,0.895,1.214,0.495,0.8,0.9065999999999999,0.8869
2017-10-19,0.895,1.214,0.495,0.906,0.9014,0.8996999999999999
2017-10-20,0.895,1.214,0.495,0.816,0.8965999999999997,0.8866999999999999
2017-10-23,0.895,1.214,0.495,0.855,0.8783999999999998,0.8766
2017-10-24,0.895,1.214,0.495,0.818,0.8389999999999999,0.8774
2017-10-25,0.895,1.214,0.495,1.052,0.8893999999999999,0.898
2017-10-26,0.895,1.214,0.495,0.865,0.8812,0.8913
2017-10-27,0.895,1.214,0.495,0.78,0.8739999999999999,0.8853
2017-10-30,0.895,1.214,0.495,0.856,0.8741999999999999,0.8763
2017-10-31,0.895,1.214,0.495,0.803,0.8712,0.8551
2017-11-01,0.895,1.214,0.495,0.858,0.8323999999999998,0.8609
2017-11-02,0.895,1.214,0.495,0.833,0.8259999999999998,0.8535999999999999
2017-11-03,0.895,1.214,0.495,0.823,0.8345999999999998,0.8543
2017-11-06,0.895,1.214,0.495,0.818,0.8269999999999997,0.8506
2017-11-07,0.895,1.214,0.495,0.976,0.8615999999999998,0.8664
2017-11-08,0.895,1.214,0.495,0.864,0.8627999999999998,0.8475999999999999
2017-11-09,0.895,1.214,0.495,0.911,0.8783999999999998,0.8521999999999998
2017-11-10,0.895,1.214,0.495,0.963,0.9063999999999999,0.8704999999999998
2017-11-13,0.895,1.214,0.495,0.856,0.9139999999999999,0.8704999999999998
2017-11-14,0.895,1.214,0.495,0.766,0.8719999999999999,0.8667999999999999
2017-11-15,1.149,1.235,0.915,0.953,0.8897999999999999,0.8762999999999999
2017-11-16,0.713,0.857,0.686,0.857,0.8789999999999999,0.8786999999999999
2017-11-17,0.698,0.849,0.698,0.789,0.8442000000000001,0.8752999999999999
2017-11-20,0.62,0.79,0.615,0.79,0.8310000000000001,0.8724999999999999
2017-11-21,0.607,0.712,0.579,0.712,0.8202,0.8461000000000001
2017-11-22,0.621,0.775,0.571,0.766,0.7827999999999999,0.8362999999999999
2017-11-24,0.968,0.968,0.721,0.763,0.7639999999999999,0.8215
2017-11-27,0.672,0.904,0.636,0.761,0.7584,0.8013
2017-11-28,0.692,0.849,0.618,0.679,0.7362,0.7836000000000001
2017-11-29,0.635,0.667,0.588,0.65,0.7238,0.772
2017-11-30,0.601,0.762,0.601,0.762,0.723,0.7529000000000001
2017-12-01,0.626,0.833,0.602,0.831,0.7365999999999999,0.7503000000000001
2017-12-04,0.565,0.735,0.537,0.735,0.7313999999999999,0.7449
2017-12-05,0.623,0.851,0.6,0.849,0.7653999999999999,0.7508000000000001
2017-12-06,0.856,0.996,0.765,0.781,0.7915999999999999,0.7577
2017-12-07,0.696,0.802,0.673,0.802,0.7995999999999999,0.7613000000000001
2017-12-08,0.696,0.839,0.673,0.833,0.7999999999999998,0.7683
2017-12-11,0.726,0.834,0.726,0.807,0.8143999999999998,0.7729
2017-12-12,0.726,0.834,0.643,0.74,0.7925999999999999,0.779
2017-12-13,0.618,0.693,0.539,0.631,0.7625999999999998,0.7770999999999999
2017-12-14,0.622,0.702,0.574,0.701,0.7423999999999997,0.7709999999999999
2017-12-15,0.79,0.914,0.726,0.775,0.7307999999999998,0.7653999999999999
2017-12-18,0.624,0.651,0.56,0.562,0.6817999999999999,0.7480999999999999
2017-12-19,0.624,0.825,0.56,0.817,0.6971999999999998,0.7449
2017-12-20,0.624,0.948,0.56,0.779,0.7267999999999999,0.7446999999999999
2017-12-21,0.624,0.948,0.56,0.777,0.742,0.7421999999999999
2017-12-22,0.624,0.948,0.56,0.842,0.7554,0.7430999999999999
2017-12-26,0.624,0.948,0.56,0.812,0.8054,0.7435999999999999
2017-12-27,0.624,0.948,0.466,0.825,0.807,0.7520999999999999
2017-12-28,0.624,0.999,0.466,0.912,0.8336,0.7802
2017-12-29,0.624,0.999,0.466,0.921,0.8624,0.8022
2018-01-02,0.624,0.999,0.466,0.757,0.8454,0.8004
2018-01-03,0.624,0.999,0.466,0.742,0.8314,0.8184000000000001
2018-01-04,0.624,0.999,0.466,0.699,0.8061999999999999,0.8066000000000001
2018-01-05,0.624,0.999,0.466,0.833,0.7904,0.812
2018-01-08,0.624,0.999,0.466,0.66,0.7382,0.8003
2018-01-09,0.624,0.999,0.466,0.806,0.748,0.7967000000000001
2018-01-10,0.624,0.999,0.466,0.771,0.7537999999999999,0.7926
2018-01-11,0.624,0.999,0.429,0.673,0.7485999999999999,0.7774
2018-01-12,0.624,0.999,0.429,0.657,0.7133999999999998,0.7519
2018-01-16,0.624,0.999,0.429,0.714,0.7242,0.7312
2018-01-17,0.624,0.999,0.429,0.728,0.7085999999999999,0.7283
2018-01-18,0.624,0.999,0.429,0.803,0.7149999999999999,0.7343999999999999
2018-01-19,0.624,0.999,0.429,0.749,0.7301999999999998,0.7394
2018-01-22,0.624,0.999,0.429,0.795,0.7577999999999998,0.7356
2018-01-23,0.624,0.999,0.429,0.688,0.7525999999999998,0.7384
2018-01-24,0.624,0.999,0.429,0.738,0.7545999999999998,0.7316
2018-01-25,0.624,0.999,0.429,0.751,0.7441999999999999,0.7295999999999999
2018-01-26,0.624,0.999,0.429,0.733,0.7409999999999999,0.7355999999999999
2018-01-29,0.624,0.999,0.429,0.759,0.7337999999999998,0.7457999999999999
2018-01-30,0.624,1.014,0.429,0.942,0.7845999999999999,0.7686
2018-01-31,0.624,1.014,0.429,0.819,0.8007999999999997,0.7777
2018-02-01,0.624,1.014,0.429,0.838,0.8181999999999997,0.7811999999999999
2018-02-02,0.624,1.051,0.429,0.966,0.8647999999999998,0.8029
2018-02-05,0.624,1.15,0.429,1.105,0.9339999999999996,0.8338999999999999
2018-02-06,0.624,1.57,0.429,1.01,0.9475999999999998,0.8661
2018-02-07,0.624,1.57,0.429,0.988,0.9813999999999998,0.8911
2018-02-08,0.624,1.57,0.429,1.083,1.0304,0.9243
2018-02-09,0.624,1.57,0.429,1.274,1.092,0.9784
2018-02-12,0.624,1.57,0.429,0.843,1.0396,0.9868
2018-02-13,0.624,1.57,0.429,0.951,1.0278,0.9877
2018-02-14,0.624,1.57,0.429,0.854,1.001,0.9912000000000001
2018-02-15,0.624,1.57,0.429,0.831,0.9506,0.9904999999999999
2018-02-16,0.624,1.57,0.429,0.861,0.868,0.9800000000000001
2018-02-20,0.624,1.57,0.429,0.834,0.8661999999999999,0.9529
2018-02-21,0.624,1.57,0.429,0.903,0.8565999999999999,0.9422
2018-02-22,0.624,1.57,0.429,1.007,0.8872,0.9441
2018-02-23,0.624,1.57,0.429,0.92,0.9049999999999999,0.9278000000000001
2018-02-26,0.624,1.57,0.429,0.844,0.9015999999999998,0.8848
2018-02-27,0.624,1.57,0.429,0.929,0.9206,0.8934000000000001
2018-02-28,0.624,1.57,0.429,0.968,0.9335999999999999,0.8951
2018-03-01,0.624,1.57,0.429,1.182,0.9686,0.9279
2018-03-02,0.624,1.57,0.429,1.092,1.003,0.954
2018-03-05,0.624,1.57,0.429,0.897,1.0135999999999998,0.9575999999999999
2018-03-06,0.624,1.57,0.429,0.871,1.002,0.9612999999999999
2018-03-07,0.624,1.57,0.429,0.957,0.9997999999999999,0.9667
2018-03-08,0.624,1.57,0.429,0.836,0.9305999999999999,0.9496
2018-03-09,0.624,1.57,0.429,0.777,0.8675999999999998,0.9353
2018-03-12,0.626,0.857,0.626,0.856,0.8593999999999997,0.9365
2018-03-13,0.584,0.872,0.583,0.868,0.8587999999999998,0.9304
2018-03-14,0.802,1.021,0.751,1.02,0.8713999999999998,0.9356
2018-03-15,0.699,0.92,0.685,0.917,0.8876,0.9091000000000001
2018-03-16,0.783,0.947,0.714,0.934,0.9189999999999999,0.8933000000000002
2018-03-19,0.776,1.088,0.776,1.066,0.961,0.9102
2018-03-20,0.823,0.941,0.805,0.878,0.9629999999999999,0.9109
2018-03-21,0.88,0.898,0.753,0.832,0.9254,0.8984
2018-03-22,1.061,1.184,0.985,1.181,0.9782,0.9328999999999998
2018-03-23,1.061,1.261,0.92,1.261,1.0436,0.9812999999999998
2018-03-26,1.061,1.261,0.795,0.995,1.0294,0.9952
2018-03-27,0.632,1.045,0.632,1.039,1.0615999999999999,1.0123
2018-03-28,0.632,1.283,0.632,1.185,1.1321999999999999,1.0288
2018-03-29,0.867,1.056,0.867,0.913,1.0786,1.0284
2018-04-02,0.867,1.167,0.809,1.155,1.0574000000000001,1.0505
2018-04-03,0.867,1.167,0.809,0.968,1.052,1.0406999999999997
2018-04-04,1.136,1.249,0.916,0.917,1.0276,1.0445999999999998
2018-04-05,0.704,0.854,0.704,0.854,0.9614,1.0467999999999997
2018-04-06,0.704,1.061,0.704,1.057,0.9902000000000001,1.0343999999999998
2018-04-09,0.704,1.061,0.704,0.883,0.9358000000000001,0.9965999999999997
2018-04-10,0.7,0.851,0.688,0.851,0.9124000000000002,0.9821999999999995
2018-04-11,0.7,0.923,0.688,0.923,0.9136000000000001,0.9705999999999996
2018-04-12,0.7,0.965,0.688,0.903,0.9234,0.9423999999999996
2018-04-13,0.7,0.981,0.688,0.977,0.9074,0.9487999999999996
2018-04-16,0.7,0.981,0.688,0.937,0.9182,0.9269999999999996
2018-04-17,0.7,0.981,0.688,0.899,0.9278000000000001,0.9200999999999997
2018-04-18,0.7,0.981,0.688,0.848,0.9128000000000001,0.9131999999999998
2018-04-19,0.7,0.981,0.688,0.924,0.9170000000000001,0.9201999999999998
2018-04-20,0.7,0.981,0.654,0.956,0.9128000000000002,0.9100999999999999
2018-04-23,0.7,0.981,0.654,0.898,0.905,0.9115999999999997
2018-04-24,0.7,1.007,0.654,1,0.9252000000000002,0.9264999999999999
2018-04-25,0.7,1.168,0.654,0.95,0.9456000000000001,0.9292
2018-04-26,0.7,1.168,0.654,0.776,0.9160000000000001,0.9164999999999999
2018-04-27,0.7,1.168,0.654,0.866,0.898,0.9053999999999999
2018-04-30,0.7,1.168,0.654,0.854,0.8892000000000001,0.8970999999999998
2018-05-01,0.7,1.168,0.654,1.002,0.8896000000000001,0.9073999999999998
2018-05-02,0.7,1.168,0.654,0.901,0.8798,0.9126999999999998
2018-05-03,0.7,1.206,0.654,0.993,0.9232000000000001,0.9195999999999998
2018-05-04,0.7,1.206,0.654,0.838,0.9176,0.9077999999999996
2018-05-07,0.7,1.206,0.553,0.788,0.9044000000000001,0.8967999999999996
2018-05-08,0.7,1.206,0.553,0.82,0.8680000000000001,0.8787999999999997
2018-05-09,0.7,1.206,0.553,0.788,0.8454,0.8625999999999996
2018-05-10,0.7,1.206,0.553,0.721,0.7910000000000001,0.8570999999999996
2018-05-11,0.7,1.206,0.553,0.881,0.7996000000000001,0.8585999999999997
2018-05-14,0.7,1.206,0.553,0.789,0.7998000000000001,0.8520999999999997
2018-05-15,0.7,1.206,0.553,0.985,0.8328000000000001,0.8503999999999998
2018-05-16,0.7,1.206,0.553,0.76,0.8272,0.8362999999999996
2018-05-17,0.7,1.206,0.553,0.748,0.8326,0.8117999999999996
2018-05-18,0.7,1.206,0.553,0.855,0.8274000000000001,0.8134999999999997
2018-05-21,0.7,1.206,0.553,0.705,0.8106,0.8051999999999996
2018-05-22,0.7,1.206,0.553,0.81,0.7756000000000001,0.8041999999999996
2018-05-23,0.7,1.206,0.553,0.93,0.8096,0.8183999999999996
2018-05-24,0.7,1.206,0.553,0.83,0.8260000000000002,0.8292999999999996
2018-05-25,0.7,1.206,0.553,0.851,0.8252,0.8262999999999995
2018-05-29,0.78,1.025,0.778,0.997,0.8836,0.8470999999999995
2018-05-30,0.774,0.921,0.75,0.855,0.8926000000000001,0.8340999999999994
2018-05-31,0.653,0.913,0.653,0.912,0.889,0.8492999999999995
2018-06-01,0.553,0.826,0.551,0.812,0.8854000000000001,0.8556999999999995
2018-06-04,0.602,0.762,0.599,0.762,0.8676000000000001,0.8463999999999995
2018-06-05,0.572,0.769,0.569,0.733,0.8148000000000002,0.8491999999999994
2018-06-06,0.602,0.772,0.587,0.74,0.7918000000000002,0.8421999999999994
2018-06-07,0.718,0.843,0.682,0.834,0.7762000000000002,0.8325999999999993
2018-06-08,0.878,0.943,0.782,0.818,0.7774000000000002,0.8313999999999995
2018-06-11,0.583,0.676,0.582,0.676,0.7602000000000002,0.8138999999999994
2018-06-12,0.531,0.739,0.531,0.739,0.7614000000000002,0.7880999999999994
2018-06-13,0.75,0.757,0.681,0.757,0.7648000000000001,0.7782999999999994
2018-06-14,0.835,0.842,0.726,0.751,0.7482000000000002,0.7621999999999993
2018-06-15,0.838,0.954,0.79,0.878,0.7602000000000002,0.7687999999999993
2018-06-18,0.873,0.883,0.786,0.82,0.7890000000000001,0.7745999999999993
2018-06-19,0.969,1.063,0.879,0.887,0.8186000000000002,0.7899999999999994
2018-06-20,0.836,0.982,0.755,0.789,0.8250000000000002,0.7948999999999993
2018-06-21,0.69,0.918,0.66,0.91,0.8568000000000001,0.8024999999999991
2018-06-22,0.69,0.918,0.627,0.763,0.8338000000000003,0.7969999999999993
2018-06-25,0.958,1.085,0.943,1.031,0.8760000000000001,0.8324999999999992
2018-06-26,0.958,1.085,0.729,0.814,0.8614,0.8399999999999992
2018-06-27,0.958,1.085,0.603,0.949,0.8934000000000001,0.8591999999999992
2018-06-28,1.132,1.348,1.04,1.053,0.9219999999999999,0.8893999999999991
2018-06-29,0.849,0.993,0.818,0.952,0.9597999999999999,0.8967999999999993
2018-07-02,0.849,1.137,0.818,0.927,0.9389999999999998,0.9074999999999992
2018-07-03,0.849,1.137,0.758,0.959,0.9679999999999997,0.9146999999999992
2018-07-05,0.799,0.99,0.774,0.905,0.9591999999999998,0.9262999999999992
2018-07-06,0.572,1.348,0.531,0.784,0.9053999999999999,0.9136999999999992
2018-07-09,0.572,1.348,0.531,0.819,0.8787999999999998,0.9192999999999992
2018-07-10,0.572,1.348,0.531,0.95,0.8834,0.9111999999999993
2018-07-11,0.799,1.043,0.682,1.041,0.8997999999999999,0.9338999999999992
2018-07-12,0.799,1.043,0.61,0.778,0.8744,0.9167999999999992
2018-07-13,0.799,1.043,0.61,0.857,0.8889999999999999,0.8971999999999992
2018-07-16,0.799,1.043,0.61,0.863,0.8977999999999999,0.8882999999999994
2018-07-17,0.799,1.043,0.61,0.847,0.8772,0.8802999999999994
2018-07-18,0.799,1.043,0.61,0.752,0.8194000000000001,0.8595999999999993
2018-07-19,0.799,1.043,0.61,0.854,0.8346,0.8544999999999993
2018-07-20,0.799,1.043,0.61,0.881,0.8394,0.8641999999999994
2018-07-23,0.799,1.043,0.61,0.74,0.8148,0.8562999999999994
2018-07-24,0.799,1.043,0.61,0.836,0.8126000000000001,0.8448999999999993
2018-07-25,0.799,1.043,0.61,0.746,0.8114000000000001,0.8153999999999992
2018-07-26,0.799,1.043,0.574,0.74,0.7886000000000001,0.8115999999999992
2018-07-27,0.799,1.043,0.574,0.926,0.7976000000000001,0.8184999999999993
2018-07-30,0.799,1.043,0.574,0.942,0.8380000000000001,0.8263999999999994
2018-07-31,0.799,1.043,0.574,0.851,0.841,0.8267999999999993
2018-08-01,0.799,1.043,0.574,0.908,0.8734000000000002,0.8423999999999994
2018-08-02,0.799,1.239,0.574,0.83,0.8914000000000002,0.8399999999999995
2018-08-03,0.799,1.239,0.574,0.794,0.865,0.8312999999999995
2018-08-06,0.799,1.239,0.574,0.81,0.8385999999999999,0.8382999999999996
2018-08-07,0.799,1.239,0.558,0.815,0.8314,0.8361999999999995
2018-08-08,0.799,1.239,0.558,0.927,0.8352,0.8542999999999996
2018-08-09,0.799,1.239,0.558,0.761,0.8214,0.8563999999999995
2018-08-10,0.799,1.239,0.558,1.133,0.8892000000000001,0.8770999999999995
2018-08-13,0.799,1.239,0.558,1.022,0.9316000000000001,0.8850999999999996
2018-08-14,0.799,1.239,0.558,0.831,0.9348000000000001,0.8830999999999994
2018-08-15,0.799,1.356,0.558,1.12,0.9734,0.9042999999999995
2018-08-16,0.799,1.356,0.558,0.859,0.993,0.9071999999999996
2018-08-17,0.799,1.356,0.558,0.845,0.9354000000000001,0.9122999999999994
2018-08-20,0.799,1.356,0.558,0.767,0.8844,0.9079999999999995
2018-08-21,0.799,1.356,0.558,0.73,0.8642,0.8994999999999995
2018-08-22,0.583,1.357,0.557,0.867,0.8135999999999999,0.8934999999999995
2018-08-23,0.583,1.357,0.557,0.896,0.821,0.9069999999999995
2018-08-24,0.583,1.357,0.557,0.823,0.8166,0.8759999999999994
2018-08-27,0.583,1.357,0.478,0.675,0.7982,0.8412999999999995
2018-08-28,0.583,1.357,0.478,0.788,0.8098000000000001,0.8369999999999994
2018-08-29,0.583,1.357,0.478,0.79,0.7944000000000001,0.8039999999999994
2018-08-30,0.583,1.357,0.478,0.838,0.7827999999999999,0.8018999999999995
2018-08-31,0.583,1.357,0.478,0.863,0.7908,0.8036999999999994
2018-09-04,0.583,1.357,0.478,0.759,0.8075999999999999,0.8028999999999995
2018-09-05,0.583,1.357,0.478,0.849,0.8197999999999999,0.8147999999999996
2018-09-06,0.583,1.357,0.478,0.991,0.86,0.8271999999999995
2018-09-07,0.583,1.357,0.478,0.972,0.8868,0.8347999999999993
2018-09-10,0.583,1.357,0.478,0.832,0.8805999999999999,0.8356999999999994
2018-09-11,0.583,1.357,0.478,0.844,0.8976,0.8525999999999995
2018-09-12,0.583,1.357,0.478,0.738,0.8754,0.8475999999999994
2018-09-13,0.583,1.357,0.478,0.723,0.8218,0.8408999999999993
2018-09-14,0.583,1.357,0.478,0.786,0.7846,0.8356999999999994
2018-09-17,0.583,1.357,0.478,0.852,0.7886,0.8345999999999993
2018-09-18,0.583,1.357,0.478,0.753,0.7703999999999999,0.8339999999999993
2018-09-19,0.583,1.357,0.478,0.76,0.7747999999999999,0.8250999999999994
2018-09-20,0.583,1.357,0.478,0.687,0.7676,0.7946999999999993
2018-09-21,0.583,1.357,0.478,0.836,0.7776,0.7810999999999994
2018-09-24,0.691,0.887,0.691,0.887,0.7846,0.7865999999999993
2018-09-25,0.691,0.887,0.678,0.735,0.7809999999999999,0.7756999999999994
2018-09-26,0.691,0.887,0.653,0.807,0.7903999999999999,0.7825999999999993
2018-09-27,0.699,0.863,0.688,0.862,0.8253999999999999,0.7964999999999993
2018-09-28,0.699,0.918,0.688,0.898,0.8378,0.8076999999999993
2018-10-01,0.704,0.843,0.702,0.843,0.829,0.8067999999999993
2018-10-02,0.704,0.843,0.7,0.787,0.8394,0.8101999999999994
2018-10-03,0.704,0.843,0.667,0.826,0.8431999999999998,0.8167999999999994
2018-10-04,0.704,1.07,0.667,1.043,0.8793999999999998,0.8523999999999994
2018-10-05,0.704,1.07,0.667,1.065,0.9127999999999998,0.8752999999999993
2018-10-08,0.704,1.07,0.667,0.938,0.9317999999999997,0.8803999999999993
2018-10-09,0.704,1.07,0.667,0.884,0.9511999999999997,0.8952999999999994
2018-10-10,0.704,1.163,0.667,1.162,1.0183999999999997,0.9307999999999993
2018-10-11,0.704,1.342,0.667,1.2,1.0497999999999998,0.9645999999999993
2018-10-12,0.704,1.342,0.667,1.128,1.0623999999999998,0.9875999999999993
2018-10-15,0.704,1.342,0.667,0.89,1.0528,0.9922999999999993
2018-10-16,0.704,1.342,0.667,0.92,1.0599999999999998,1.0055999999999994
2018-10-17,0.704,1.342,0.667,1.024,1.0323999999999998,1.0253999999999994
2018-10-18,0.704,1.385,0.667,1.257,1.0437999999999998,1.0467999999999993
2018-10-19,0.75,1.385,0.478,1.09,1.0361999999999998,1.0492999999999992
2018-10-22,0.75,1.385,0.478,0.941,1.0463999999999998,1.0495999999999994
2018-10-23,0.834,1.054,0.832,0.99,1.0604,1.0601999999999994
2018-10-24,0.583,1.2,0.583,1.199,1.0953999999999997,1.0638999999999994
2018-10-25,1.32,1.33,1.016,1.021,1.0481999999999998,1.0459999999999994
2018-10-26,0.976,1.171,0.853,1.171,1.0643999999999996,1.0502999999999996
2018-10-29,0.781,1.078,0.744,1.078,1.0917999999999997,1.0690999999999995
2018-10-30,1.003,1.295,0.993,0.993,1.0923999999999998,1.0763999999999996
2018-10-31,0.924,1.069,0.918,1.006,1.0537999999999996,1.0745999999999998
2018-11-01,0.762,0.918,0.762,0.834,1.0163999999999997,1.0322999999999998
2018-11-02,0.722,1.011,0.722,0.98,0.9781999999999996,1.0212999999999997
2018-11-05,0.792,0.98,0.792,0.939,0.9503999999999996,1.0210999999999997
2018-11-06,0.893,1.105,0.888,1.01,0.9537999999999996,1.0230999999999997
2018-11-07,0.805,0.971,0.79,0.873,0.9271999999999995,0.9904999999999996
2018-11-08,0.899,0.938,0.801,0.929,0.9461999999999996,0.9812999999999995
2018-11-09,1.044,1.102,1.022,1.075,0.9652,0.9716999999999996
2018-11-12,0.979,1.117,0.979,1.095,0.9963999999999998,0.9733999999999996
2018-11-13,0.886,1.033,0.838,0.937,0.9818,0.9677999999999998
2018-11-14,1.08,1.247,0.981,1.214,1.05,0.9885999999999999
2018-11-15,1.052,1.437,0.986,0.987,1.0615999999999999,1.0039
2018-11-16,0.788,0.97,0.751,0.873,1.0211999999999999,0.9932000000000001
2018-11-19,0.796,0.975,0.772,0.947,0.9916,0.994
2018-11-20,1.087,1.201,1.023,1.068,1.0178,0.9998000000000001
2018-11-21,1.03,1.03,0.882,0.902,0.9554000000000002,1.0027000000000001
2018-11-23,0.983,1.094,0.974,1.019,0.9618,1.0116999999999998
2018-11-26,0.827,0.936,0.784,0.897,0.9666,0.9938999999999998
2018-11-27,0.966,0.998,0.891,0.924,0.9620000000000001,0.9767999999999999
2018-11-28,0.805,0.906,0.756,0.791,0.9066000000000001,0.9621999999999999
2018-11-29,1.01,1.01,0.818,0.829,0.8920000000000001,0.9237
2018-11-30,0.857,0.977,0.761,0.82,0.8522000000000002,0.9069999999999998
2018-12-03,0.61,0.728,0.61,0.715,0.8158000000000001,0.8911999999999999
2018-12-04,0.844,1.02,0.807,1.011,0.8332,0.8976
2018-12-05,1.011,1.011,1.011,1.011,0.8772000000000002,0.8918999999999999
2018-12-06,1.164,1.19,1.029,1.03,0.9174000000000001,0.9046999999999998
2018-12-07,0.838,1.032,0.831,1.026,0.9586000000000002,0.9053999999999999
2018-12-10,0.906,1.19,0.903,1.016,1.0188000000000001,0.9172999999999998
2018-12-11,0.79,0.921,0.712,0.918,1.0002000000000002,0.9166999999999996
2018-12-12,0.924,0.984,0.746,0.904,0.9788000000000002,0.9279999999999997
2018-12-13,0.977,1.059,0.923,0.955,0.9638,0.9405999999999997
2018-12-14,0.749,1.11,0.714,1.108,0.9802000000000002,0.9693999999999999
2018-12-17,1.12,1.198,1.001,1.059,0.9888000000000001,1.0037999999999998
2018-12-18,1.012,1.25,0.972,1.04,1.0132,1.0067
2018-12-19,1.155,1.155,0.884,1.151,1.0626000000000002,1.0207
2018-12-20,1.131,1.52,1.127,1.487,1.169,1.0663999999999998
2018-12-21,1.372,1.799,1.334,1.479,1.2432000000000003,1.1117
2018-12-24,1.245,1.321,1.175,1.215,1.2744000000000004,1.1316
2018-12-26,1.088,1.131,0.945,0.963,1.2590000000000003,1.1361
2018-12-27,0.846,1.022,0.814,0.942,1.2172000000000003,1.1399000000000001
2018-12-28,0.69,0.829,0.69,0.794,1.0786000000000002,1.1238000000000001
2018-12-31,0.885,0.98,0.788,0.922,0.9672000000000004,1.1052000000000002
2019-01-02,1.243,1.441,1.034,1.091,0.9423999999999999,1.1084
2019-01-03,0.871,1.128,0.871,1.125,0.9747999999999999,1.1169
2019-01-04,0.784,0.948,0.784,0.855,0.9574,1.0873000000000002
2019-01-07,0.78,0.862,0.769,0.789,0.9564,1.0174999999999998
2019-01-08,0.779,0.968,0.728,0.833,0.9385999999999999,0.9528999999999999
2019-01-09,0.729,0.93,0.726,0.926,0.9056000000000001,0.9239999999999998
2019-01-10,1.21,1.307,1.036,1.046,0.8897999999999999,0.9322999999999999
2019-01-11,0.965,0.976,0.857,0.94,0.9067999999999999,0.9320999999999998
2019-01-14,0.899,1.099,0.898,1.084,0.9658000000000001,0.9610999999999998
2019-01-15,0.783,0.938,0.777,0.935,0.9862000000000002,0.9623999999999999
2019-01-16,1.089,1.089,0.906,0.994,0.9998000000000001,0.9526999999999999
2019-01-17,1.165,1.165,0.789,0.792,0.9490000000000002,0.9193999999999999
2019-01-18,0.736,0.815,0.714,0.796,0.9202000000000001,0.9135
2019-01-22,0.963,1.168,0.929,1.06,0.9154000000000002,0.9405999999999999
2019-01-23,0.982,1.113,0.925,1.084,0.9452000000000002,0.9656999999999998
2019-01-24,0.831,0.95,0.798,0.949,0.9362000000000001,0.9679999999999997
2019-01-25,0.573,0.797,0.555,0.797,0.9372000000000001,0.9430999999999997
2019-01-28,1.176,1.233,1.067,1.071,0.9922000000000001,0.9561999999999999
2019-01-29,0.762,0.933,0.736,0.905,0.9612000000000002,0.9383000000000001
2019-01-30,0.858,0.905,0.808,0.835,0.9114000000000001,0.9282999999999999
2019-01-31,0.748,0.812,0.685,0.801,0.8818000000000001,0.909
2019-02-01,0.659,0.98,0.659,0.98,0.9184000000000001,0.9277999999999998
2019-02-04,0.711,0.832,0.701,0.818,0.8678000000000001,0.9299999999999999
2019-02-05,0.688,0.881,0.688,0.817,0.8502000000000001,0.9056999999999997
2019-02-06,0.629,0.87,0.623,0.865,0.8562000000000001,0.8837999999999997
2019-02-07,1.03,1.043,0.912,0.948,0.8856000000000002,0.8836999999999998
2019-02-08,0.956,1.287,0.956,1.004,0.8904,0.9043999999999996
2019-02-11,0.662,0.792,0.662,0.792,0.8852000000000002,0.8764999999999997
2019-02-12,0.571,0.761,0.536,0.761,0.8740000000000002,0.8620999999999996
2019-02-13,0.816,0.865,0.685,0.864,0.8738000000000001,0.8649999999999997
2019-02-14,0.941,0.998,0.896,0.912,0.8666,0.8760999999999998
2019-02-15,0.687,0.77,0.612,0.77,0.8198000000000001,0.8550999999999999
2019-02-19,0.721,0.841,0.712,0.84,0.8294,0.8572999999999998
2019-02-20,0.71,0.796,0.693,0.796,0.8364000000000003,0.8552
2019-02-21,1,1.31,0.96,0.989,0.8614000000000003,0.8676
2019-02-22,0.656,0.846,0.656,0.799,0.8388000000000002,0.8526999999999999
2019-02-25,0.619,0.804,0.619,0.804,0.8456000000000004,0.8326999999999998
2019-02-26,0.723,0.884,0.7,0.882,0.8540000000000003,0.8416999999999998
2019-02-27,0.729,0.868,0.729,0.842,0.8632000000000003,0.8497999999999998
2019-02-28,0.784,1.215,0.743,0.96,0.8574000000000004,0.8593999999999997
2019-03-01,0.809,0.836,0.742,0.825,0.8626000000000003,0.8506999999999998
2019-03-04,0.624,0.966,0.624,0.955,0.8928000000000003,0.8691999999999999
2019-03-05,0.807,0.943,0.807,0.886,0.8936000000000004,0.8737999999999998
2019-03-06,0.938,1.003,0.891,0.981,0.9214000000000004,0.8922999999999999
2019-03-07,1.072,1.19,1.022,1.072,0.9438000000000001,0.9005999999999998
2019-03-08,1.078,1.102,0.997,1.064,0.9916,0.9270999999999999
2019-03-11,0.798,0.926,0.76,0.837,0.9680000000000002,0.9303999999999999
2019-03-12,0.713,0.88,0.686,0.873,0.9654,0.9294999999999998
2019-03-13,0.583,0.803,0.575,0.801,0.9294,0.9254
2019-03-14,0.781,1.052,0.759,0.906,0.8962000000000001,0.9199999999999999
2019-03-15,0.778,0.817,0.734,0.817,0.8468,0.9191999999999998
2019-03-18,0.543,0.759,0.543,0.758,0.8310000000000001,0.8995
2019-03-19,0.692,0.882,0.685,0.88,0.8324,0.8988999999999999
2019-03-20,0.889,1.061,0.889,0.958,0.8638,0.8966
2019-03-21,0.665,0.938,0.665,0.818,0.8462,0.8711999999999998
2019-03-22,0.796,0.999,0.796,0.988,0.8803999999999998,0.8635999999999999
2019-03-25,0.995,1.07,0.948,1.003,0.9293999999999999,0.8802
2019-03-26,0.7,0.928,0.691,0.884,0.9301999999999999,0.8812999999999999
2019-03-27,0.82,1.046,0.82,1.003,0.9391999999999999,0.9014999999999999
2019-03-28,0.889,0.957,0.83,0.915,0.9586,0.9023999999999999
2019-03-29,0.643,0.825,0.642,0.811,0.9231999999999999,0.9018
2019-04-01,0.657,0.827,0.657,0.781,0.8788,0.9040999999999999
2019-04-02,0.721,0.867,0.721,0.839,0.8698,0.9
2019-04-03,0.614,0.837,0.574,0.837,0.8366000000000001,0.8878999999999999
2019-04-04,0.647,0.82,0.638,0.793,0.8122000000000001,0.8854
2019-04-05,0.775,0.829,0.748,0.809,0.8118000000000001,0.8674999999999999
2019-04-08,0.807,0.807,0.661,0.717,0.7990000000000002,0.8389
2019-04-09,0.813,0.967,0.715,0.95,0.8212000000000002,0.8455
2019-04-10,0.73,0.841,0.674,0.841,0.8220000000000001,0.8292999999999999
2019-04-11,0.868,0.959,0.859,0.873,0.8380000000000001,0.8250999999999997
2019-04-12,0.446,0.702,0.433,0.7,0.8162,0.8139999999999998
2019-04-15,0.723,0.82,0.603,0.812,0.8352,0.8170999999999999
2019-04-16,0.586,0.862,0.586,0.803,0.8058000000000002,0.8135
2019-04-17,0.669,0.804,0.656,0.798,0.7972000000000001,0.8096
2019-04-18,0.775,0.908,0.775,0.901,0.8028000000000001,0.8204
2019-04-22,0.589,0.788,0.589,0.785,0.8198000000000002,0.8180000000000002
2019-04-23,0.883,0.883,0.643,0.771,0.8116000000000001,0.8234000000000001
2019-04-24,0.523,0.82,0.523,0.82,0.8150000000000002,0.8104000000000001
2019-04-25,0.802,0.823,0.759,0.795,0.8144000000000002,0.8058000000000002
2019-04-26,0.58,0.834,0.58,0.764,0.7870000000000001,0.7949000000000002
2019-04-29,0.454,0.766,0.454,0.766,0.7832000000000001,0.8015000000000002
2019-04-30,0.599,0.92,0.599,0.919,0.8128000000000002,0.8122000000000001
2019-05-01,0.745,0.84,0.691,0.838,0.8164000000000001,0.8157000000000002
2019-05-02,0.786,0.9,0.73,0.886,0.8346000000000002,0.8245000000000001
2019-05-03,0.743,0.821,0.743,0.785,0.8388000000000002,0.8129000000000002
2019-05-06,0.751,1.036,0.751,1.003,0.8862000000000002,0.8347000000000001
2019-05-07,1.072,1.133,1.061,1.071,0.9166000000000002,0.8647000000000002
2019-05-08,1.053,1.053,0.928,0.977,0.9444000000000002,0.8804000000000002
2019-05-09,1.099,1.267,1.099,1.129,0.9930000000000001,0.9138
2019-05-10,1.393,1.393,0.884,1.099,1.0558,0.9472999999999999
2019-05-13,1.205,1.205,0.993,1.161,1.0874000000000001,0.9868
2019-05-14,1.314,1.314,0.773,0.964,1.066,0.9913000000000001
2019-05-15,1.091,1.123,0.986,1.002,1.0710000000000002,1.0077
2019-05-16,1.19,1.19,0.83,0.961,1.0374,1.0151999999999999
2019-05-17,1.096,1.132,1.067,1.096,1.0368000000000002,1.0463
2019-05-20,1.025,1.042,0.967,0.993,1.0032,1.0453
2019-05-21,1.339,1.339,0.748,0.878,0.9860000000000001,1.026
2019-05-22,1.05,1.05,0.844,1.008,0.9872000000000002,1.0291000000000001
2019-05-23,0.967,1.2,0.967,1.175,1.03,1.0337
2019-05-24,1.356,1.356,0.882,0.997,1.0102000000000002,1.0235
2019-05-28,0.961,1.009,0.885,1.009,1.0134,1.0083
2019-05-29,1.286,1.286,1.101,1.261,1.09,1.0379999999999998
2019-05-30,1.27,1.27,0.867,1.005,1.0894,1.0383
2019-05-31,1.059,1.468,1.059,1.197,1.0938,1.0619
2019-06-03,1.383,1.383,0.964,1.075,1.1094000000000002,1.0597999999999999
2019-06-04,1.272,1.272,0.706,0.715,1.0506,1.0319999999999998
2019-06-05,1.238,1.238,0.77,0.954,0.9892000000000001,1.0395999999999996
2019-06-06,1.131,1.131,0.78,0.914,0.9710000000000001,1.0301999999999998
2019-06-07,0.9,0.92,0.79,0.884,0.9084000000000001,1.0010999999999997
2019-06-10,1.016,1.016,0.6,0.839,0.8612000000000002,0.9852999999999996
2019-06-11,0.928,1.015,0.686,1.009,0.9200000000000002,0.9852999999999996
2019-06-12,1.236,1.236,0.82,0.929,0.9150000000000003,0.9520999999999997
2019-06-13,1.143,1.143,0.604,0.871,0.9064000000000002,0.9386999999999996
2019-06-14,1.143,1.143,0.753,0.756,0.8808000000000001,0.8945999999999998
2019-06-17,1.188,1.188,0.717,0.927,0.8984000000000002,0.8797999999999998
2019-06-18,0.629,0.782,0.629,0.782,0.8530000000000001,0.8864999999999998
2019-06-19,0.842,0.914,0.739,0.903,0.8478000000000001,0.8813999999999999
2019-06-20,0.564,0.657,0.53,0.604,0.7944000000000002,0.8503999999999999
2019-06-21,0.723,0.962,0.721,0.841,0.8114000000000002,0.8460999999999999
2019-06-24,0.667,0.786,0.636,0.786,0.7832000000000002,0.8408
2019-06-25,0.608,0.816,0.608,0.815,0.7898000000000002,0.8213999999999999
2019-06-26,0.775,0.854,0.757,0.853,0.7798000000000002,0.8138
2019-06-27,0.756,0.789,0.697,0.783,0.8156000000000002,0.8049999999999999
2019-06-28,0.628,0.803,0.607,0.803,0.8080000000000002,0.8097
2019-07-01,0.642,0.823,0.637,0.815,0.8138000000000002,0.7985
2019-07-02,0.781,0.892,0.636,0.886,0.8280000000000001,0.8088999999999998
2019-07-03,0.721,0.779,0.708,0.762,0.8098000000000003,0.7947999999999998
2019-07-05,0.877,0.9,0.836,0.849,0.8230000000000002,0.8192999999999998
2019-07-08,1.026,1.087,0.771,0.777,0.8178000000000003,0.8128999999999997
2019-07-09,0.81,0.876,0.779,0.84,0.8228000000000002,0.8182999999999998
2019-07-10,0.775,0.852,0.598,0.848,0.8152000000000001,0.8215999999999999
2019-07-11,0.792,0.848,0.651,0.831,0.8290000000000003,0.8193999999999999
2019-07-12,0.81,0.844,0.694,0.842,0.8276000000000001,0.8252999999999998
2019-07-15,0.813,0.832,0.587,0.812,0.8346000000000002,0.8261999999999998
2019-07-16,0.734,0.817,0.649,0.817,0.8300000000000001,0.8263999999999999
2019-07-17,0.73,0.884,0.73,0.882,0.8368000000000002,0.826
2019-07-18,0.754,0.884,0.724,0.851,0.8408000000000001,0.8348999999999999
2019-07-19,0.811,0.861,0.659,0.861,0.8446000000000001,0.8360999999999998
2019-07-22,0.76,0.89,0.637,0.89,0.8602000000000001,0.8473999999999998
2019-07-23,0.767,0.767,0.609,0.753,0.8474,0.8386999999999999
2019-07-24,0.592,0.792,0.592,0.792,0.8294,0.8331
2019-07-25,0.791,0.791,0.697,0.748,0.8088000000000001,0.8247999999999998
2019-07-26,0.628,0.843,0.562,0.823,0.8012,0.8229
2019-07-29,0.764,0.88,0.727,0.827,0.7886000000000001,0.8243999999999998
2019-07-30,0.877,0.997,0.87,0.951,0.8282,0.8377999999999999
2019-07-31,0.657,0.927,0.657,0.927,0.8552,0.8422999999999998
2019-08-01,0.821,1.026,0.779,1.009,0.9074,0.8581
2019-08-02,1.028,1.206,0.96,1.162,0.9751999999999998,0.8882
2019-08-05,1.287,1.33,1.138,1.241,1.058,0.9232999999999999
2019-08-06,0.824,1.024,0.824,1.007,1.0692,0.9486999999999999
2019-08-07,1.058,1.158,0.995,1.097,1.1032,0.9792
2019-08-08,0.776,0.934,0.776,0.923,1.086,0.9966999999999999
2019-08-09,0.933,1.022,0.894,0.908,1.0352000000000001,1.0051999999999999
2019-08-12,1.001,1.087,0.893,1.071,1.0012,1.0295999999999998
2019-08-13,0.709,0.908,0.706,0.908,0.9814,1.0253
2019-08-14,1.083,1.239,1.018,1.239,1.0098,1.0565
2019-08-15,1.133,1.176,1.038,1.076,1.0404,1.0632
2019-08-16,0.959,1.017,0.918,0.949,1.0486,1.0418999999999998
2019-08-19,0.717,0.871,0.717,0.865,1.0074,1.0043
2019-08-20,0.848,0.927,0.834,0.916,1.0090000000000001,0.9951999999999999
2019-08-21,1.009,1.125,0.919,1.071,0.9754000000000002,0.9925999999999998
2019-08-22,0.651,0.936,0.651,0.916,0.9434000000000001,0.9918999999999999
2019-08-23,1.024,1.204,0.954,1.202,0.9940000000000001,1.0212999999999999
2019-08-26,0.817,0.958,0.812,0.957,1.0124000000000002,1.0098999999999998
2019-08-27,0.658,0.925,0.658,0.913,1.0118000000000003,1.0104
2019-08-28,0.917,1.039,0.905,1.007,0.999,0.9872000000000002
2019-08-29,0.807,0.948,0.785,0.899,0.9955999999999999,0.9695000000000003
2019-08-30,0.866,1.145,0.86,1.085,0.9722,0.9831000000000001
2019-09-03,1.177,1.177,1.008,1.021,0.9849999999999998,0.9987000000000001
2019-09-04,0.742,0.987,0.742,0.987,0.9997999999999999,1.0058
2019-09-05,0.685,0.84,0.683,0.837,0.9658,0.9824000000000002
2019-09-06,0.778,0.86,0.765,0.816,0.9491999999999999,0.9724
2019-09-09,0.754,0.864,0.732,0.864,0.9049999999999999,0.9386000000000001
2019-09-10,0.848,0.856,0.768,0.844,0.8695999999999999,0.9273000000000001
2019-09-11,0.666,0.848,0.643,0.845,0.8412,0.9205000000000002
2019-09-12,0.658,0.793,0.658,0.793,0.8324,0.8991000000000001
2019-09-13,0.753,0.84,0.753,0.819,0.8329999999999999,0.8911000000000001
2019-09-16,0.631,0.811,0.622,0.798,0.8198000000000001,0.8624
2019-09-17,0.697,0.866,0.694,0.82,0.8150000000000001,0.8423
2019-09-18,1.222,1.222,0.975,1.039,0.8538,0.8474999999999999
2019-09-19,0.895,0.94,0.819,0.819,0.859,0.8456999999999999
2019-09-20,0.861,0.977,0.824,0.964,0.8880000000000001,0.8604999999999998
2019-09-23,0.766,0.904,0.749,0.893,0.907,0.8633999999999998
2019-09-24,0.798,1.092,0.798,1.083,0.9596,0.8873000000000001
2019-09-25,0.947,1.105,0.946,0.968,0.9454,0.8996000000000002
2019-09-26,0.895,1.09,0.844,1.02,0.9856,0.9223000000000002
2019-09-27,0.911,1.109,0.854,1.108,1.0144,0.9512000000000003
2019-09-30,0.805,1.003,0.782,1.003,1.0364,0.9717000000000002
2019-10-01,0.667,1.056,0.667,1.046,1.029,0.9943000000000002
2019-10-02,1.266,1.378,1.156,1.243,1.084,1.0147000000000002
2019-10-03,1.072,1.255,1.072,1.155,1.111,1.0483000000000002
2019-10-04,0.897,1.091,0.832,1.043,1.0979999999999999,1.0562
2019-10-07,1.084,1.111,0.968,0.984,1.0941999999999998,1.0653000000000001
2019-10-08,1.133,1.207,0.832,0.844,1.0537999999999998,1.0414000000000003
2019-10-09,0.834,0.977,0.793,0.976,1.0003999999999997,1.0422000000000002
2019-10-10,0.87,0.968,0.83,0.919,0.9531999999999996,1.0321000000000002
2019-10-11,0.709,0.838,0.709,0.833,0.9111999999999997,1.0046000000000004
2019-10-14,0.887,1.013,0.885,1.008,0.9159999999999997,1.0051
2019-10-15,0.832,0.886,0.791,0.868,0.9207999999999996,0.9873000000000003
2019-10-16,0.85,0.908,0.762,0.874,0.9003999999999996,0.9504000000000004
2019-10-17,0.721,0.822,0.671,0.806,0.8777999999999997,0.9155000000000003
2019-10-18,0.858,1.02,0.845,0.926,0.8963999999999996,0.9038000000000004
2019-10-21,0.616,0.809,0.616,0.806,0.8559999999999997,0.8860000000000003
2019-10-22,0.719,0.867,0.718,0.866,0.8555999999999997,0.8882000000000003
2019-10-23,0.875,0.909,0.796,0.893,0.8593999999999997,0.8799000000000003
2019-10-24,0.658,0.812,0.653,0.784,0.8549999999999998,0.8664000000000003
2019-10-25,0.738,0.795,0.738,0.787,0.8271999999999997,0.8618000000000002
2019-10-28,0.645,0.766,0.599,0.765,0.8189999999999997,0.8375000000000001
2019-10-29,0.652,0.863,0.598,0.846,0.8149999999999997,0.8353000000000002
2019-10-30,0.719,0.958,0.719,0.925,0.8213999999999997,0.8404000000000001
2019-10-31,0.812,0.904,0.806,0.824,0.8293999999999995,0.8422000000000003
2019-11-01,0.663,0.794,0.663,0.771,0.8261999999999997,0.8267000000000003
2019-11-04,0.551,0.671,0.54,0.668,0.8067999999999996,0.8129000000000003
2019-11-05,0.611,0.725,0.597,0.697,0.7769999999999996,0.7960000000000005
2019-11-06,0.778,0.822,0.71,0.715,0.7349999999999997,0.7782000000000004
2019-11-07,0.594,0.717,0.594,0.717,0.7135999999999996,0.7715000000000004
2019-11-08,0.728,0.892,0.698,0.884,0.7361999999999995,0.7812000000000003
2019-11-11,0.855,0.862,0.761,0.835,0.7695999999999995,0.7882000000000005
2019-11-12,0.635,0.794,0.635,0.779,0.7859999999999996,0.7815000000000005
2019-11-13,0.818,0.891,0.776,0.786,0.8001999999999996,0.7676000000000005
2019-11-14,0.692,0.802,0.661,0.767,0.8101999999999997,0.7619000000000005
2019-11-15,0.638,0.729,0.612,0.729,0.7791999999999997,0.7577000000000005
2019-11-18,0.808,0.808,0.712,0.741,0.7603999999999996,0.7650000000000005
2019-11-19,0.603,0.895,0.603,0.832,0.7709999999999997,0.7785000000000004
2019-11-20,0.863,0.895,0.729,0.895,0.7927999999999997,0.7965000000000004
2019-11-21,0.911,0.943,0.791,0.918,0.8229999999999997,0.8166000000000005
2019-11-22,0.719,0.844,0.719,0.798,0.8367999999999997,0.8080000000000005
2019-11-25,0.66,0.811,0.66,0.777,0.8439999999999996,0.8022000000000004
2019-11-26,0.609,0.87,0.609,0.826,0.8427999999999998,0.8069000000000004
2019-11-27,0.598,0.74,0.569,0.726,0.8089999999999996,0.8009000000000004
2019-11-29,0.777,0.825,0.721,0.767,0.7787999999999996,0.8009000000000004
2019-12-02,0.795,0.889,0.775,0.861,0.7913999999999997,0.8141000000000004
2019-12-03,1.049,1.108,0.914,0.916,0.8191999999999997,0.8316000000000004
2019-12-04,0.691,0.802,0.687,0.761,0.8061999999999996,0.8245000000000005
2019-12-05,0.65,0.865,0.618,0.865,0.8339999999999996,0.8215000000000006
2019-12-06,0.739,0.796,0.726,0.795,0.8395999999999997,0.8092000000000004
2019-12-09,0.704,0.914,0.681,0.914,0.8501999999999997,0.8208000000000004
2019-12-10,0.847,0.922,0.798,0.842,0.8353999999999997,0.8273000000000005
2019-12-11,0.738,0.861,0.722,0.853,0.8537999999999997,0.8300000000000004
2019-12-12,0.743,0.749,0.647,0.673,0.8153999999999997,0.8247000000000003
2019-12-13,0.821,0.848,0.602,0.603,0.7769999999999997,0.8083000000000004
2019-12-16,0.794,0.847,0.787,0.845,0.7631999999999997,0.8067000000000004
2019-12-17,0.615,0.697,0.566,0.697,0.7341999999999996,0.7848000000000004
2019-12-18,0.783,0.867,0.744,0.774,0.7183999999999997,0.7861000000000005
2019-12-19,0.572,0.645,0.541,0.545,0.6927999999999997,0.7541000000000004
2019-12-20,0.646,0.742,0.646,0.666,0.7053999999999997,0.7412000000000004
2019-12-23,0.541,0.729,0.541,0.713,0.6789999999999996,0.7211000000000004
2019-12-24,0.62,0.771,0.62,0.771,0.6937999999999996,0.7140000000000004
2019-12-26,0.485,0.669,0.485,0.651,0.6691999999999997,0.6938000000000004
2019-12-27,0.665,0.75,0.665,0.723,0.7047999999999996,0.6988000000000004
2019-12-30,0.796,0.885,0.742,0.748,0.7211999999999995,0.7133000000000005
2019-12-31,0.744,0.823,0.69,0.698,0.7181999999999995,0.6986000000000004
2020-01-02,0.526,0.675,0.524,0.657,0.6953999999999996,0.6946000000000004
2020-01-03,0.674,0.772,0.649,0.772,0.7195999999999996,0.6944000000000005
2020-01-06,0.68,0.753,0.673,0.752,0.7253999999999995,0.7151000000000003
2020-01-07,0.612,0.706,0.594,0.684,0.7125999999999995,0.7169000000000003
2020-01-08,0.573,0.706,0.566,0.629,0.6987999999999995,0.7085000000000004
2020-01-09,0.484,0.691,0.483,0.69,0.7053999999999995,0.7004000000000004
2020-01-10,0.717,0.797,0.639,0.797,0.7103999999999995,0.7150000000000004
2020-01-13,0.607,0.762,0.584,0.708,0.7015999999999994,0.7135000000000004
2020-01-14,0.567,0.685,0.567,0.685,0.7017999999999995,0.7072000000000004
2020-01-15,0.533,0.717,0.516,0.717,0.7193999999999995,0.7091000000000004
2020-01-16,0.643,0.716,0.603,0.714,0.7241999999999995,0.7148000000000004
2020-01-17,0.54,0.649,0.54,0.644,0.6935999999999994,0.7020000000000004
2020-01-21,0.614,0.788,0.607,0.788,0.7095999999999995,0.7056000000000003
2020-01-22,0.578,0.775,0.578,0.775,0.7275999999999995,0.7147000000000003
2020-01-23,0.915,0.915,0.738,0.769,0.7379999999999993,0.7287000000000002
2020-01-24,0.524,1.016,0.524,1.016,0.7983999999999993,0.7613000000000003
2020-01-27,0.971,1.02,0.968,1.009,0.8713999999999993,0.7825000000000003
2020-01-28,0.649,0.786,0.649,0.785,0.8707999999999994,0.7902000000000003
2020-01-29,0.701,0.813,0.687,0.813,0.8783999999999992,0.8030000000000003
2020-01-30,0.716,0.877,0.706,0.867,0.8979999999999994,0.8180000000000003
2020-01-31,0.847,1.076,0.846,1.063,0.9073999999999993,0.8529000000000003
2020-02-03,0.679,0.814,0.676,0.786,0.8627999999999993,0.8671000000000003
2020-02-04,0.606,0.726,0.606,0.726,0.8509999999999993,0.8609000000000003
2020-02-05,0.636,0.786,0.611,0.785,0.8453999999999992,0.8619000000000003
2020-02-06,0.647,0.681,0.63,0.676,0.8071999999999993,0.8526000000000005
2020-02-07,0.724,0.898,0.724,0.898,0.7741999999999992,0.8408000000000004
2020-02-10,0.635,0.758,0.633,0.751,0.7671999999999992,0.8150000000000006
2020-02-11,0.466,0.65,0.46,0.65,0.7519999999999992,0.8015000000000004
2020-02-12,0.475,0.67,0.471,0.668,0.7285999999999991,0.7870000000000005
2020-02-13,0.696,0.727,0.654,0.727,0.7387999999999991,0.7730000000000005
2020-02-14,0.623,0.783,0.623,0.783,0.7157999999999992,0.7450000000000006
2020-02-18,0.591,0.696,0.537,0.696,0.7047999999999992,0.7360000000000004
2020-02-19,0.57,0.665,0.551,0.665,0.7077999999999991,0.7299000000000004
2020-02-20,0.486,0.732,0.484,0.732,0.7205999999999992,0.7246000000000006
2020-02-21,0.694,0.931,0.694,0.931,0.7613999999999992,0.7501000000000004
2020-02-24,1.178,1.294,1.062,1.07,0.8187999999999992,0.7673000000000002
2020-02-25,0.693,1.117,0.693,1.117,0.902999999999999,0.8039000000000002
2020-02-26,0.82,1.062,0.82,1.059,0.9817999999999991,0.8448
2020-02-27,1.158,1.299,1.158,1.209,1.077199999999999,0.8989
2020-02-28,1.463,1.57,1.261,1.263,1.143599999999999,0.9525
2020-03-02,0.89,1.079,0.89,1.036,1.136799999999999,0.9778
2020-03-03,0.795,0.947,0.785,0.922,1.097799999999999,1.0004000000000002
2020-03-04,0.985,1.21,0.941,0.983,1.082599999999999,1.0322
2020-03-05,0.93,1.073,0.894,1.071,1.0550000000000002,1.0661
2020-03-06,1.128,1.25,1.114,1.231,1.0486,1.0961000000000003
2020-03-09,0.891,1.525,0.89,1.441,1.1296000000000004,1.1332
2020-03-10,0.877,1.153,0.876,1.153,1.1758000000000002,1.1368000000000003
2020-03-11,1.187,1.44,1.18,1.391,1.2574,1.1700000000000002
2020-03-12,1.46,1.667,1.426,1.428,1.3288000000000002,1.1919000000000002
2020-03-13,1.082,1.235,1.073,1.171,1.3168000000000002,1.1827
2020-03-16,1.025,1.526,1.025,1.342,1.2970000000000002,1.2133
2020-03-17,1.01,1.181,1.01,1.086,1.2836,1.2297
2020-03-18,1.361,1.7,1.281,1.281,1.2616,1.2595000000000003
2020-03-19,0.996,1.044,0.922,1.005,1.177,1.2529000000000001
2020-03-20,0.927,1.126,0.881,1.126,1.168,1.2424000000000002
2020-03-23,1.095,1.115,0.954,0.988,1.0972000000000002,1.1971000000000003
2020-03-24,0.84,0.909,0.828,0.9,1.06,1.1718000000000002
2020-03-25,0.72,0.89,0.72,0.884,0.9806000000000001,1.1211000000000002
2020-03-26,0.93,0.967,0.885,0.967,0.9730000000000002,1.075
2020-03-27,1.175,1.179,0.958,0.993,0.9464000000000002,1.0572000000000001
2020-03-30,0.827,1.009,0.788,0.991,0.9470000000000003,1.0221000000000002
2020-03-31,0.908,1.118,0.891,1.086,0.9842000000000002,1.0221000000000002
2020-04-01,1.201,1.274,1.125,1.188,1.045,1.0128000000000001
2020-04-02,1.019,1.187,1.008,1.082,1.068,1.0205000000000002
2020-04-03,0.847,1.07,0.826,1.043,1.078,1.0122000000000002
2020-04-06,0.866,0.919,0.866,0.905,1.0608,1.0039000000000002
2020-04-07,0.687,0.949,0.648,0.949,1.0333999999999999,1.0088000000000001
2020-04-08,0.944,1.003,0.927,0.982,0.9921999999999999,1.0186000000000002
2020-04-09,0.697,0.933,0.673,0.933,0.9623999999999999,1.0152000000000003
2020-04-13,0.832,0.872,0.802,0.855,0.9248,1.0014
2020-04-14,0.703,0.846,0.671,0.846,0.9129999999999999,0.9869000000000001
2020-04-15,0.903,0.93,0.87,0.906,0.9043999999999999,0.9689000000000002
2020-04-16,0.679,0.838,0.679,0.817,0.8713999999999998,0.9318000000000002
2020-04-17,0.762,0.843,0.729,0.843,0.8533999999999999,0.9079
2020-04-20,0.704,0.811,0.686,0.811,0.8446,0.8847000000000002
2020-04-21,0.872,1.017,0.835,0.976,0.8705999999999999,0.8918000000000001
2020-04-22,0.631,0.779,0.631,0.779,0.8452,0.8747999999999999
2020-04-23,0.684,0.758,0.664,0.758,0.8333999999999999,0.8523999999999999
2020-04-24,0.717,0.902,0.717,0.887,0.8422000000000001,0.8478
2020-04-27,0.659,0.857,0.659,0.857,0.8513999999999999,0.8480000000000001
2020-04-28,0.635,0.797,0.635,0.797,0.8156000000000001,0.8431000000000001
2020-04-29,0.641,0.8,0.641,0.8,0.8198000000000001,0.8324999999999999
2020-04-30,0.728,0.842,0.707,0.842,0.8366,0.835
2020-05-01,0.957,1.077,0.955,1.077,0.8746,0.8584000000000002
2020-05-04,0.918,0.941,0.85,0.9,0.8832000000000001,0.8673000000000002
2020-05-05,0.624,0.789,0.624,0.789,0.8816,0.8486
2020-05-06,0.631,0.858,0.631,0.858,0.8932,0.8565000000000002
2020-05-07,0.57,0.742,0.568,0.742,0.8732000000000001,0.8549000000000001
2020-05-08,0.667,0.775,0.661,0.775,0.8128000000000002,0.8437000000000001
2020-05-11,0.696,0.74,0.664,0.737,0.7802000000000001,0.8317000000000002
2020-05-12,0.577,0.787,0.577,0.787,0.7798000000000002,0.8307000000000002
2020-05-13,0.78,1.038,0.775,1.038,0.8158000000000001,0.8545000000000001
2020-05-14,1.003,1.097,0.913,0.916,0.8506000000000002,0.8619000000000001
2020-05-15,0.704,0.757,0.632,0.752,0.8460000000000003,0.8294000000000002
2020-05-18,0.514,0.634,0.509,0.634,0.8254000000000001,0.8028000000000002
2020-05-19,0.463,0.644,0.463,0.643,0.7966000000000003,0.7882000000000002
2020-05-20,0.514,0.714,0.503,0.712,0.7314000000000003,0.7736000000000003
2020-05-21,0.488,0.799,0.488,0.789,0.7060000000000002,0.7783000000000003
2020-05-22,0.661,0.752,0.661,0.751,0.7058000000000002,0.7759000000000003
2020-05-26,0.506,0.712,0.493,0.712,0.7214000000000003,0.7734000000000003
2020-05-27,0.512,0.73,0.511,0.703,0.7334000000000003,0.7650000000000002
2020-05-28,0.63,0.779,0.619,0.779,0.7468000000000002,0.7391000000000003
2020-05-29,0.763,0.859,0.723,0.831,0.7552000000000003,0.7306000000000002
2020-06-01,0.633,0.668,0.607,0.668,0.7386000000000003,0.7222000000000002
2020-06-02,0.505,0.667,0.487,0.667,0.7296000000000002,0.7255000000000003
2020-06-03,0.563,0.641,0.539,0.641,0.7172000000000003,0.7253000000000003
2020-06-04,0.478,0.645,0.478,0.644,0.6902000000000003,0.7185000000000004
2020-06-05,0.43,0.599,0.429,0.599,0.6438000000000003,0.6995000000000003
2020-06-08,0.36,0.486,0.36,0.486,0.6074000000000002,0.6730000000000003
2020-06-09,0.642,0.642,0.581,0.601,0.5942000000000002,0.6619000000000004
2020-06-10,0.48,0.606,0.478,0.604,0.5868000000000002,0.6520000000000004
2020-06-11,0.805,0.948,0.753,0.945,0.6470000000000001,0.6686000000000003
2020-06-12,0.625,0.964,0.624,0.885,0.7042000000000002,0.6740000000000005
2020-06-15,0.792,0.81,0.753,0.773,0.7616000000000003,0.6845000000000004
2020-06-16,0.473,0.66,0.47,0.66,0.7734000000000003,0.6838000000000004
2020-06-17,0.594,0.692,0.562,0.69,0.7906000000000003,0.6887000000000005
2020-06-18,0.592,0.677,0.573,0.666,0.7348000000000003,0.6909000000000004
2020-06-19,0.616,0.802,0.592,0.802,0.7182000000000004,0.7112000000000005
2020-06-22,0.534,0.671,0.534,0.671,0.6978000000000003,0.7297000000000005
2020-06-23,0.563,0.627,0.547,0.627,0.6912000000000004,0.7323000000000006
2020-06-24,0.588,0.864,0.569,0.864,0.7260000000000004,0.7583000000000005
2020-06-25,0.734,0.786,0.734,0.753,0.7434000000000005,0.7391000000000005
2020-06-26,0.671,0.913,0.671,0.913,0.7656000000000004,0.7419000000000004
2020-06-29,0.735,0.753,0.712,0.724,0.7762000000000003,0.7370000000000005
2020-06-30,0.575,0.708,0.575,0.708,0.7924000000000003,0.7418000000000006
2020-07-01,0.507,0.671,0.507,0.667,0.7530000000000003,0.7395000000000006
2020-07-02,0.532,0.738,0.532,0.738,0.7500000000000003,0.7467000000000006
2020-07-06,0.456,0.607,0.454,0.604,0.6882000000000004,0.7269000000000005
2020-07-07,0.507,0.664,0.502,0.664,0.6762000000000004,0.7262000000000006
2020-07-08,0.403,0.586,0.403,0.583,0.6512000000000003,0.7218000000000006
2020-07-09,0.427,0.641,0.427,0.641,0.6460000000000004,0.6995000000000006
2020-07-10,0.602,0.641,0.574,0.636,0.6256000000000003,0.6878000000000005
2020-07-13,0.374,0.598,0.374,0.598,0.6244000000000003,0.6563000000000005
2020-07-14,0.676,0.778,0.668,0.716,0.6348000000000003,0.6555000000000006
2020-07-15,0.462,0.578,0.455,0.57,0.6322000000000003,0.6417000000000006
2020-07-16,0.516,0.588,0.509,0.588,0.6216000000000003,0.6338000000000006
2020-07-17,0.536,0.635,0.536,0.635,0.6214000000000003,0.6235000000000006
2020-07-20,0.478,0.612,0.478,0.612,0.6242000000000003,0.6243000000000005
2020-07-21,0.415,0.577,0.411,0.577,0.5964000000000004,0.6156000000000005
2020-07-22,0.442,0.576,0.437,0.572,0.5968000000000003,0.6145000000000005
2020-07-23,0.476,0.674,0.471,0.674,0.6140000000000004,0.6178000000000005
2020-07-24,0.702,0.797,0.702,0.797,0.6464000000000004,0.6339000000000004
2020-07-27,0.404,0.646,0.404,0.639,0.6518000000000004,0.6380000000000005
2020-07-28,0.475,0.665,0.471,0.665,0.6694000000000003,0.6329000000000004
2020-07-29,0.483,0.639,0.483,0.639,0.6828000000000004,0.6398000000000004
2020-07-30,0.603,0.713,0.603,0.712,0.6904000000000003,0.6522000000000003
2020-07-31,0.598,0.758,0.571,0.729,0.6768000000000003,0.6616000000000003
2020-08-03,0.477,0.553,0.473,0.553,0.6596000000000004,0.6557000000000004
2020-08-04,0.412,0.561,0.412,0.558,0.6382000000000003,0.6538000000000004
2020-08-05,0.438,0.577,0.426,0.558,0.6220000000000003,0.6524000000000004
2020-08-06,0.405,0.503,0.379,0.503,0.5802000000000003,0.6353000000000004
2020-08-07,0.518,0.646,0.499,0.646,0.5636000000000003,0.6202000000000004
2020-08-10,0.384,0.531,0.384,0.531,0.5592000000000004,0.6094000000000005
2020-08-11,0.363,0.594,0.363,0.594,0.5664000000000003,0.6023000000000004
2020-08-12,0.541,0.672,0.541,0.671,0.5890000000000003,0.6055000000000004
2020-08-13,0.488,0.618,0.459,0.618,0.6120000000000003,0.5961000000000004
2020-08-14,0.638,0.732,0.638,0.732,0.6292000000000002,0.5964000000000004
2020-08-17,0.47,0.576,0.455,0.576,0.6382000000000002,0.5987000000000003
2020-08-18,0.475,0.678,0.449,0.678,0.6550000000000002,0.6107000000000004
2020-08-19,0.523,0.655,0.497,0.655,0.6518000000000003,0.6204000000000004
2020-08-20,0.67,0.676,0.634,0.643,0.6568000000000003,0.6344000000000004
2020-08-21,0.537,0.661,0.524,0.661,0.6426000000000003,0.6359000000000004
2020-08-24,0.415,0.561,0.413,0.56,0.6394000000000003,0.6388000000000004
2020-08-25,0.394,0.552,0.386,0.551,0.6140000000000003,0.6345000000000003
2020-08-26,0.365,0.553,0.365,0.553,0.5936000000000003,0.6227000000000003
2020-08-27,0.385,0.522,0.382,0.521,0.5692000000000004,0.6130000000000003
2020-08-28,0.401,0.547,0.397,0.547,0.5464000000000003,0.5945000000000003
2020-08-31,0.507,0.564,0.486,0.563,0.5470000000000004,0.5932000000000003
2020-09-01,0.417,0.5,0.408,0.497,0.5362000000000002,0.5751000000000003
2020-09-02,0.366,0.521,0.365,0.521,0.5298000000000003,0.5617000000000003
2020-09-03,0.458,0.726,0.458,0.724,0.5704000000000002,0.5698000000000004
2020-09-04,0.568,0.869,0.568,0.813,0.6236000000000003,0.5850000000000003
2020-09-08,0.654,0.696,0.64,0.695,0.6500000000000001,0.5985000000000004
2020-09-09,0.479,0.655,0.479,0.655,0.6816000000000002,0.6089000000000004
2020-09-10,0.475,0.713,0.475,0.713,0.7200000000000002,0.6249000000000005
2020-09-11,0.701,0.84,0.67,0.83,0.7412000000000003,0.6558000000000004
2020-09-14,0.504,0.64,0.504,0.64,0.7066000000000002,0.6651000000000004
2020-09-15,0.43,0.605,0.427,0.6,0.6876000000000003,0.6688000000000004
2020-09-16,0.604,0.639,0.571,0.639,0.6844000000000003,0.6830000000000005
2020-09-17,0.72,0.742,0.689,0.724,0.6866000000000002,0.7033000000000005
2020-09-18,0.544,0.76,0.544,0.751,0.6708000000000003,0.7060000000000005
2020-09-21,0.719,0.798,0.702,0.777,0.6982000000000003,0.7024000000000005
2020-09-22,0.418,0.663,0.418,0.663,0.7108000000000003,0.6992000000000005
2020-09-23,0.456,0.749,0.456,0.749,0.7328000000000003,0.7086000000000003
2020-09-24,0.85,0.861,0.791,0.83,0.7540000000000003,0.7203000000000004
2020-09-25,0.624,0.776,0.624,0.757,0.7552000000000004,0.7130000000000004
2020-09-28,0.49,0.63,0.49,0.63,0.7258000000000003,0.7120000000000004
2020-09-29,0.532,0.671,0.53,0.67,0.7272000000000004,0.7190000000000005
2020-09-30,0.524,0.681,0.521,0.681,0.7136000000000003,0.7232000000000005
2020-10-01,0.527,0.608,0.527,0.606,0.6688000000000003,0.7114000000000005
2020-10-02,0.63,0.73,0.626,0.725,0.6624000000000003,0.7088000000000004
2020-10-05,0.59,0.638,0.558,0.637,0.6638000000000004,0.6948000000000005
2020-10-06,0.484,0.672,0.483,0.672,0.6642000000000003,0.6957000000000004
2020-10-07,0.512,0.628,0.508,0.628,0.6536000000000004,0.6836000000000004
2020-10-08,0.483,0.604,0.475,0.604,0.6532000000000003,0.6610000000000005
2020-10-09,0.539,0.62,0.539,0.617,0.6316000000000004,0.6470000000000005
2020-10-12,0.457,0.568,0.456,0.568,0.6178000000000003,0.6408000000000005
2020-10-13,0.411,0.591,0.411,0.591,0.6016000000000004,0.6329000000000005
2020-10-14,0.381,0.58,0.381,0.579,0.5918000000000003,0.6227000000000006
2020-10-15,0.583,0.653,0.582,0.653,0.6016000000000004,0.6274000000000004
2020-10-16,0.465,0.64,0.465,0.64,0.6062000000000003,0.6189000000000006
2020-10-19,0.417,0.647,0.411,0.647,0.6220000000000002,0.6199000000000006
2020-10-20,0.464,0.654,0.455,0.654,0.6346000000000003,0.6181000000000005
2020-10-21,0.542,0.682,0.517,0.682,0.6552000000000003,0.6235000000000005
2020-10-22,0.644,0.699,0.637,0.665,0.6576000000000003,0.6296000000000005
2020-10-23,0.525,0.686,0.521,0.686,0.6668000000000003,0.6365000000000005
2020-10-26,0.589,0.842,0.589,0.842,0.7058000000000003,0.6639000000000005
2020-10-27,0.521,0.702,0.505,0.696,0.7142000000000003,0.6744000000000006
2020-10-28,0.837,0.955,0.809,0.9,0.7578000000000003,0.7065000000000005
2020-10-29,0.667,0.727,0.643,0.727,0.7702000000000002,0.7139000000000004
2020-10-30,0.7,0.927,0.698,0.926,0.8182000000000003,0.7425000000000005
2020-11-02,0.521,0.741,0.521,0.741,0.7980000000000003,0.7519000000000005
2020-11-03,0.606,0.74,0.566,0.74,0.8068000000000003,0.7605000000000004
2020-11-04,0.572,0.777,0.572,0.776,0.7820000000000003,0.7699000000000005
2020-11-05,0.509,0.641,0.509,0.624,0.7614000000000003,0.7658000000000004
2020-11-06,0.488,0.648,0.477,0.647,0.7056000000000002,0.7619000000000005
2020-11-09,0.357,0.589,0.355,0.589,0.6752000000000002,0.7366000000000004
2020-11-10,0.601,0.676,0.601,0.676,0.6624000000000002,0.7346000000000005
2020-11-11,0.53,0.7,0.53,0.7,0.6472000000000003,0.7146000000000005
2020-11-12,0.622,0.77,0.617,0.77,0.6764000000000003,0.7189000000000004
2020-11-13,0.562,0.666,0.549,0.666,0.6802000000000004,0.6929000000000005
2020-11-16,0.444,0.587,0.438,0.586,0.6796000000000003,0.6774000000000006
2020-11-17,0.506,0.622,0.506,0.622,0.6688000000000003,0.6656000000000005
2020-11-18,0.496,0.584,0.47,0.583,0.6454000000000003,0.6463000000000005
2020-11-19,0.57,0.603,0.523,0.603,0.6120000000000003,0.6442000000000005
2020-11-20,0.498,0.601,0.497,0.601,0.5990000000000004,0.6396000000000005
2020-11-23,0.411,0.522,0.411,0.522,0.5862000000000004,0.6329000000000006
2020-11-24,0.4,0.507,0.337,0.507,0.5632000000000004,0.6160000000000005
2020-11-25,0.429,0.541,0.417,0.541,0.5548000000000004,0.6001000000000006
2020-11-27,0.394,0.515,0.394,0.515,0.5372000000000003,0.5746000000000007
2020-11-30,0.374,0.571,0.374,0.571,0.5312000000000003,0.5651000000000007
2020-12-01,0.356,0.497,0.356,0.496,0.5260000000000004,0.5561000000000006
2020-12-02,0.45,0.518,0.437,0.518,0.5282000000000003,0.5457000000000006
2020-12-03,0.376,0.495,0.373,0.495,0.5190000000000003,0.5369000000000007
2020-12-04,0.409,0.524,0.408,0.524,0.5208000000000004,0.5290000000000006
2020-12-07,0.391,0.508,0.391,0.508,0.5082000000000004,0.5197000000000006
2020-12-08,0.445,0.459,0.4,0.459,0.5008000000000004,0.5134000000000006
2020-12-09,0.4,0.58,0.396,0.58,0.5132000000000003,0.5206999999999999
2020-12-10,0.492,0.548,0.482,0.548,0.5238000000000003,0.5214
2020-12-11,0.457,0.555,0.457,0.524,0.5238000000000003,0.5223
2020-12-14,0.367,0.589,0.362,0.589,0.5400000000000004,0.5241
2020-12-15,0.358,0.553,0.351,0.553,0.5588000000000003,0.5298
2020-12-16,0.446,0.541,0.431,0.535,0.5498000000000003,0.5315
2020-12-17,0.378,0.49,0.378,0.478,0.5358000000000003,0.5298
2020-12-18,0.487,0.558,0.485,0.558,0.5426000000000003,0.5332
2020-12-21,0.549,0.624,0.531,0.607,0.5462000000000002,0.5431
2020-12-22,0.367,0.498,0.362,0.498,0.5352000000000002,0.5469999999999999
2020-12-23,0.417,0.555,0.415,0.554,0.5390000000000003,0.5444
2020-12-24,0.499,0.602,0.486,0.602,0.5638000000000003,0.5498
2020-12-28,0.412,0.556,0.405,0.556,0.5634000000000002,0.5529999999999999
2020-12-29,0.41,0.642,0.41,0.64,0.5700000000000003,0.5580999999999999
2020-12-30,0.483,0.58,0.477,0.58,0.5864000000000001,0.5607999999999999
2020-12-31,0.521,0.647,0.499,0.647,0.6050000000000002,0.5719999999999998
2021-01-04,0.452,0.654,0.438,0.644,0.6134000000000002,0.5885999999999999
2021-01-05,0.452,0.577,0.442,0.577,0.6176000000000001,0.5904999999999999
2021-01-06,0.435,0.6,0.435,0.599,0.6094000000000002,0.5896999999999999
2021-01-07,0.409,0.513,0.409,0.513,0.5960000000000003,0.5912
2021-01-08,0.433,0.603,0.431,0.599,0.5864000000000003,0.5956999999999999
2021-01-11,0.509,0.592,0.506,0.591,0.5758000000000003,0.5945999999999999
2021-01-12,0.363,0.49,0.361,0.49,0.5584000000000002,0.5879999999999999
2021-01-13,0.415,0.534,0.396,0.534,0.5454000000000002,0.5773999999999998
2021-01-14,0.323,0.477,0.322,0.477,0.5382000000000003,0.5670999999999997
2021-01-15,0.385,0.616,0.385,0.616,0.5416000000000003,0.5639999999999998
2021-01-19,0.451,0.562,0.441,0.562,0.5358000000000003,0.5557999999999997
2021-01-20,0.425,0.534,0.424,0.533,0.5444000000000003,0.5513999999999998
2021-01-21,0.386,0.54,0.386,0.54,0.5456000000000003,0.5454999999999998
2021-01-22,0.437,0.518,0.437,0.518,0.5538000000000003,0.5459999999999997
2021-01-25,0.352,0.506,0.352,0.506,0.5318000000000003,0.5366999999999997
2021-01-26,0.289,0.465,0.289,0.465,0.5124000000000003,0.5240999999999997
2021-01-27,0.494,0.517,0.447,0.517,0.5092000000000001,0.5267999999999997
2021-01-28,0.372,0.498,0.372,0.497,0.5006,0.5230999999999997
2021-01-29,0.441,0.672,0.441,0.672,0.5314,0.5425999999999997
2021-02-01,0.35,0.532,0.35,0.532,0.5366,0.5341999999999997
2021-02-02,0.419,0.535,0.418,0.535,0.5506,0.5314999999999996
2021-02-03,0.446,0.538,0.428,0.537,0.5546,0.5318999999999996
2021-02-04,0.379,0.531,0.378,0.531,0.5614000000000001,0.5309999999999997
2021-02-05,0.463,0.544,0.452,0.544,0.5358,0.5335999999999996
2021-02-08,0.385,0.471,0.37,0.471,0.5236,0.5300999999999998
2021-02-09,0.365,0.45,0.36,0.45,0.5065999999999999,0.5285999999999997
2021-02-10,0.299,0.493,0.299,0.491,0.4974,0.5259999999999996
2021-02-11,0.311,0.477,0.311,0.477,0.4866,0.5239999999999997
2021-02-12,0.419,0.552,0.417,0.551,0.4880000000000001,0.5118999999999997
2021-02-16,0.405,0.536,0.395,0.536,0.5010000000000001,0.5122999999999996
2021-02-17,0.452,0.515,0.445,0.515,0.514,0.5102999999999996
2021-02-18,0.474,0.596,0.468,0.592,0.5342,0.5157999999999996
2021-02-19,0.453,0.563,0.447,0.563,0.5514000000000001,0.5189999999999996
2021-02-22,0.469,0.571,0.439,0.567,0.5546000000000001,0.5212999999999995
2021-02-23,0.615,0.639,0.603,0.615,0.5704,0.5356999999999996
2021-02-24,0.407,0.51,0.399,0.494,0.5662,0.5400999999999996
2021-02-25,0.351,0.634,0.35,0.634,0.5746,0.5543999999999996
2021-02-26,0.54,0.71,0.54,0.707,0.6034,0.5773999999999996
2021-03-01,0.426,0.584,0.426,0.584,0.6068000000000001,0.5806999999999995
2021-03-02,0.431,0.556,0.431,0.556,0.5950000000000001,0.5826999999999996
2021-03-03,0.444,0.62,0.444,0.619,0.6200000000000001,0.5930999999999995
2021-03-04,0.508,0.706,0.507,0.697,0.6326,0.6035999999999996
2021-03-05,0.659,0.763,0.647,0.738,0.6388,0.6210999999999995
2021-03-08,0.469,0.617,0.453,0.617,0.6454000000000001,0.6260999999999995
2021-03-09,0.487,0.598,0.461,0.597,0.6536000000000001,0.6242999999999995
2021-03-10,0.454,0.571,0.439,0.57,0.6438,0.6318999999999995
2021-03-11,0.472,0.541,0.462,0.541,0.6126000000000001,0.6225999999999995
2021-03-12,0.536,0.562,0.505,0.562,0.5774000000000001,0.6080999999999995
2021-03-15,0.359,0.535,0.359,0.535,0.5610000000000002,0.6031999999999995
2021-03-16,0.476,0.624,0.476,0.624,0.5664000000000001,0.6099999999999995
2021-03-17,0.612,0.622,0.555,0.601,0.5726000000000002,0.6081999999999995
2021-03-18,0.428,0.572,0.428,0.572,0.5788000000000001,0.5956999999999995
2021-03-19,0.67,0.677,0.643,0.664,0.5992000000000001,0.5882999999999995
2021-03-22,0.429,0.581,0.414,0.581,0.6084,0.5846999999999994
2021-03-23,0.457,0.683,0.445,0.683,0.6202000000000001,0.5932999999999995
2021-03-24,0.524,0.74,0.524,0.74,0.648,0.6102999999999994
2021-03-25,0.738,0.779,0.734,0.751,0.6838000000000001,0.6312999999999995
2021-03-26,0.611,0.767,0.598,0.764,0.7038000000000001,0.6514999999999995
2021-03-29,0.508,0.687,0.508,0.687,0.7250000000000002,0.6666999999999994
2021-03-30,0.579,0.634,0.575,0.626,0.7136000000000001,0.6668999999999995
2021-03-31,0.503,0.593,0.481,0.593,0.6842,0.6660999999999995
2021-04-01,0.462,0.598,0.439,0.597,0.6534000000000001,0.6685999999999994
2021-04-05,0.44,0.553,0.431,0.553,0.6112000000000001,0.6574999999999994
2021-04-06,0.424,0.546,0.411,0.546,0.5830000000000001,0.6539999999999994
2021-04-07,0.424,0.581,0.424,0.571,0.5720000000000001,0.6427999999999994
2021-04-08,0.495,0.573,0.495,0.573,0.5680000000000001,0.6260999999999994
2021-04-09,0.51,0.601,0.508,0.6,0.5686000000000001,0.6109999999999994
2021-04-12,0.411,0.574,0.411,0.574,0.5728000000000001,0.5919999999999994
2021-04-13,0.436,0.52,0.436,0.52,0.5676000000000001,0.5752999999999994
2021-04-14,0.391,0.56,0.382,0.559,0.5652000000000001,0.5685999999999993
2021-04-15,0.429,0.589,0.427,0.589,0.5684000000000001,0.5681999999999994
2021-04-16,0.47,0.595,0.47,0.595,0.5674000000000001,0.5679999999999994
2021-04-19,0.457,0.683,0.441,0.681,0.5888000000000002,0.5807999999999993
2021-04-20,0.504,0.68,0.492,0.678,0.6204000000000002,0.5939999999999993
2021-04-21,0.597,0.597,0.542,0.59,0.6266000000000002,0.5958999999999993
2021-04-22,0.391,0.63,0.387,0.63,0.6348000000000001,0.6015999999999994
2021-04-23,0.593,0.627,0.574,0.627,0.6412000000000002,0.6042999999999994
2021-04-26,0.4,0.535,0.4,0.535,0.6120000000000003,0.6003999999999994
2021-04-27,0.392,0.601,0.392,0.595,0.5954000000000003,0.6078999999999994
2021-04-28,0.477,0.559,0.467,0.556,0.5886000000000002,0.6075999999999995
2021-04-29,0.467,0.604,0.467,0.582,0.5790000000000002,0.6068999999999993
2021-04-30,0.582,0.719,0.574,0.719,0.5974000000000002,0.6192999999999993
2021-05-03,0.489,0.595,0.489,0.595,0.6094000000000002,0.6106999999999994
2021-05-04,0.6,0.739,0.6,0.696,0.6296000000000002,0.6124999999999993
2021-05-05,0.475,0.625,0.471,0.625,0.6434000000000001,0.6159999999999993
2021-05-06,0.592,0.692,0.586,0.675,0.6620000000000001,0.6204999999999992
2021-05-07,0.567,0.647,0.551,0.646,0.6474000000000002,0.6223999999999992
2021-05-10,0.493,0.677,0.478,0.677,0.6638000000000002,0.6365999999999993
2021-05-11,0.744,0.807,0.689,0.718,0.6682000000000002,0.6488999999999993
2021-05-12,0.644,0.843,0.639,0.843,0.7118000000000002,0.6775999999999993
2021-05-13,0.654,0.776,0.652,0.776,0.7320000000000002,0.6969999999999993
2021-05-14,0.572,0.702,0.572,0.702,0.7432000000000001,0.6952999999999993
2021-05-17,0.529,0.651,0.52,0.628,0.7334000000000002,0.6985999999999992
2021-05-18,0.539,0.598,0.535,0.598,0.7094000000000001,0.6887999999999993
2021-05-19,0.924,0.924,0.793,0.797,0.7002000000000002,0.7059999999999993
2021-05-20,0.529,0.622,0.512,0.622,0.6694000000000001,0.7006999999999993
2021-05-21,0.534,0.648,0.529,0.648,0.6586000000000001,0.7008999999999993
2021-05-24,0.511,0.621,0.507,0.621,0.6572000000000002,0.6952999999999994
2021-05-25,0.503,0.633,0.503,0.633,0.6642000000000002,0.6867999999999993
2021-05-26,0.45,0.516,0.45,0.516,0.6080000000000002,0.6540999999999993
2021-05-27,0.415,0.515,0.415,0.515,0.5866000000000001,0.6279999999999993
2021-05-28,0.412,0.564,0.412,0.564,0.5698000000000001,0.6141999999999992
2021-06-01,0.36,0.522,0.36,0.522,0.5500000000000002,0.6035999999999992
2021-06-02,0.427,0.484,0.421,0.457,0.5148000000000001,0.5894999999999992
2021-06-03,0.424,0.504,0.423,0.504,0.5124000000000001,0.5601999999999993
2021-06-04,0.458,0.577,0.446,0.566,0.5226000000000001,0.5545999999999992
2021-06-07,0.42,0.497,0.406,0.497,0.5092000000000001,0.5394999999999992
2021-06-08,0.332,0.459,0.331,0.459,0.49660000000000004,0.5232999999999992
2021-06-09,0.318,0.393,0.318,0.393,0.4838000000000001,0.49929999999999924
2021-06-10,0.48,0.568,0.455,0.568,0.49660000000000004,0.5044999999999993
2021-06-11,0.492,0.537,0.491,0.537,0.4908000000000001,0.5066999999999993
2021-06-14,0.426,0.531,0.42,0.531,0.4976000000000001,0.5033999999999993
2021-06-15,0.399,0.545,0.399,0.544,0.5146000000000001,0.5055999999999993
2021-06-16,0.511,0.619,0.497,0.619,0.5598000000000001,0.5217999999999992
2021-06-17,0.442,0.604,0.442,0.577,0.5616000000000001,0.5290999999999991
2021-06-18,0.581,0.701,0.575,0.701,0.5944,0.5425999999999992
2021-06-21,0.52,0.581,0.514,0.581,0.6044000000000002,0.5509999999999993
2021-06-22,0.436,0.592,0.431,0.592,0.6140000000000001,0.5642999999999992
2021-06-23,0.379,0.496,0.378,0.496,0.5894,0.5745999999999992
2021-06-24,0.366,0.504,0.366,0.504,0.5748000000000001,0.5681999999999993
2021-06-25,0.375,0.548,0.374,0.548,0.5442000000000002,0.5692999999999993
2021-06-28,0.399,0.508,0.399,0.508,0.5296000000000002,0.5669999999999993
2021-06-29,0.361,0.505,0.361,0.505,0.5122000000000002,0.5630999999999993
2021-06-30,0.47,0.531,0.43,0.531,0.5192000000000002,0.5542999999999993
2021-07-01,0.347,0.515,0.345,0.515,0.5214000000000002,0.5480999999999993
2021-07-02,0.511,0.618,0.511,0.618,0.5354000000000003,0.5397999999999993
2021-07-06,0.466,0.652,0.464,0.648,0.5634000000000003,0.5464999999999993
2021-07-07,0.461,0.603,0.44,0.589,0.5802000000000003,0.5461999999999992
2021-07-08,0.782,0.792,0.679,0.692,0.6124000000000003,0.5657999999999992
2021-07-09,0.497,0.601,0.483,0.601,0.6296000000000004,0.5754999999999992
2021-07-12,0.436,0.585,0.436,0.584,0.6228000000000005,0.5790999999999993
2021-07-13,0.458,0.615,0.434,0.615,0.6162000000000003,0.5897999999999992
2021-07-14,0.492,0.633,0.492,0.633,0.6250000000000003,0.6025999999999991
2021-07-15,0.671,0.729,0.623,0.729,0.6324000000000004,0.6223999999999992
2021-07-16,0.604,0.782,0.603,0.782,0.6686000000000004,0.6490999999999991
2021-07-19,0.875,0.884,0.801,0.838,0.7194000000000005,0.6710999999999991
2021-07-20,0.60574,0.630637,0.55585,0.618795,0.7201590000000004,0.6681794999999991
2021-07-21,0.484059,0.589303,0.470909,0.589303,0.7114196000000004,0.6682097999999991
2021-07-22,0.466604,1.514286,0.466604,1.514286,0.8684768000000005,0.7504384
2021-07-23,0.562027,0.647492,0.562027,0.647492,0.8415752000000005,0.7550876000000001
2021-07-26,0.577245,0.638473,0.537185,0.638473,0.8016698000000005,0.7605349
2021-07-27,0.688673,0.781738,0.668171,0.761915,0.8302938000000004,0.7752264
2021-07-28,0.507559,0.521932,0.485817,0.521932,0.8168196000000003,0.7641196
2021-07-29,0.466522,0.578126,0.462232,0.577944,0.6295512000000003,0.7490140000000001
2021-07-30,0.693323,0.723662,0.638479,0.723662,0.6447852000000003,0.7431802000000001
2021-08-02,0.442561,0.614693,0.434355,0.61469,0.6400286000000003,0.7208492000000001
2021-08-03,0.499703,0.635417,0.499248,0.635412,0.6147280000000003,0.7225109000000001
2021-08-04,0.481412,0.55116,0.46689,0.55116,0.6205736000000004,0.7186966000000001
2021-08-05,0.472722,0.572528,0.453303,0.572525,0.6194898000000004,0.6245205
2021-08-06,0.51155,0.640333,0.51155,0.64024,0.6028054000000004,0.6237953
2021-08-09,0.506802,0.589485,0.506802,0.589485,0.5977644000000003,0.6188965000000002
2021-08-10,0.361578,0.55205,0.361578,0.551875,0.5810570000000003,0.5978925000000002
2021-08-11,0.451031,0.579371,0.449044,0.578791,0.5865832000000003,0.6035784000000002
2021-08-12,0.522988,0.61002,0.511764,0.61002,0.5940822000000003,0.6067860000000003
2021-08-13,0.487738,0.628612,0.485299,0.628612,0.5917566000000003,0.5972810000000002
2021-08-16,0.577376,0.687336,0.577376,0.641598,0.6021792000000004,0.5999718000000002
2021-08-17,0.693923,0.746008,0.629526,0.708214,0.6334470000000003,0.6072520000000001
2021-08-18,0.569645,0.673968,0.555447,0.673968,0.6524824000000004,0.6195328000000002
2021-08-19,0.815349,0.864569,0.770852,0.793765,0.6892314000000004,0.6416568000000001
2021-08-20,0.619632,0.727239,0.602473,0.727064,0.7089218000000004,0.6503392000000001
2021-08-23,0.418818,0.594385,0.41533,0.594381,0.6994784000000005,0.6508288000000001
2021-08-24,0.379214,0.510096,0.379214,0.485123,0.6548602000000004,0.6441536000000001
2021-08-25,0.429009,0.553466,0.421897,0.553458,0.6307582,0.6416203000000001
2021-08-26,0.51978,0.666304,0.512379,0.663856,0.6047763999999999,0.6470039000000001
2021-08-27,0.552361,0.653854,0.542122,0.608704,0.5811043999999999,0.6450131000000001
2021-08-30,0.457082,0.531374,0.447034,0.531323,0.5684927999999998,0.6339856000000001
2021-08-31,0.452863,0.591576,0.449982,0.591576,0.5897833999999997,0.6223218000000001
2021-09-01,0.446073,0.554856,0.427692,0.554856,0.5900629999999998,0.6104106
2021-09-02,0.439434,0.529575,0.439434,0.529575,0.5632067999999998,0.5839916
2021-09-03,0.527363,0.611944,0.516859,0.611942,0.5638543999999998,0.5724794000000001
2021-09-07,0.415129,0.53921,0.415129,0.53921,0.5654317999999998,0.5669623
2021-09-08,0.475462,0.647063,0.474501,0.62743,0.5726025999999997,0.5811930000000001
2021-09-09,0.479241,0.579483,0.468827,0.57946,0.5775233999999998,0.5837932
2021-09-10,0.519846,0.726674,0.513762,0.726673,0.6169429999999997,0.5900749000000001
2021-09-13,0.610803,0.666175,0.60503,0.655106,0.6255757999999997,0.5947151
2021-09-14,0.493116,0.672852,0.488773,0.672723,0.6522783999999997,0.6088551000000001
2021-09-15,0.609611,0.668704,0.6025,0.668648,0.6605219999999996,0.6165623
2021-09-16,0.498473,0.614922,0.498473,0.608222,0.6662743999999997,0.6218989
2021-09-17,0.524106,0.708474,0.524106,0.708474,0.6626345999999997,0.6397888
2021-09-20,0.746661,0.884676,0.733852,0.87187,0.7059873999999997,0.6657816000000001
2021-09-21,0.577236,0.685984,0.561263,0.666662,0.7047751999999997,0.6785268000000001
2021-09-22,0.601839,0.663348,0.583527,0.663348,0.7037151999999998,0.6821186000000001
2021-09-23,0.506356,0.634005,0.502483,0.633108,0.7086923999999998,0.6874834000000002
2021-09-24,0.580136,0.739198,0.57805,0.738762,0.7147499999999998,0.6886923000000003
2021-09-27,0.553558,0.575385,0.512696,0.575385,0.6554529999999997,0.6807202000000002
2021-09-28,0.622955,0.81144,0.62065,0.798487,0.6818179999999997,0.6932966000000003
2021-09-29,0.594156,0.715796,0.594156,0.715776,0.6923035999999996,0.6980094000000001
2021-09-30,0.551621,0.789589,0.551621,0.777623,0.7212065999999997,0.7149495000000001
2021-10-01,0.586757,0.75827,0.586757,0.756769,0.7248079999999997,0.7197790000000002
2021-10-04,0.563893,0.713793,0.539318,0.713695,0.7524699999999995,0.7039615000000001
2021-10-05,0.539343,0.663142,0.517584,0.662791,0.7253307999999996,0.7035744000000002
2021-10-06,0.604288,0.786476,0.602769,0.73918,0.7300115999999995,0.7111576000000002
2021-10-07,0.543115,0.685197,0.541736,0.685197,0.7115263999999996,0.7163665000000001
2021-10-08,0.655884,0.718538,0.612148,0.718535,0.7038795999999995,0.7143438000000001
2021-10-11,0.573715,0.714159,0.55016,0.714159,0.7039723999999995,0.7282212000000001
2021-10-12,0.601308,0.695897,0.601308,0.69588,0.7105901999999996,0.7179605
2021-10-13,0.478039,0.634983,0.478039,0.634871,0.6897283999999996,0.7098700000000001
2021-10-14,0.532532,0.65503,0.527676,0.655026,0.6836941999999995,0.6976103000000001
2021-10-15,0.518309,0.638264,0.518309,0.638264,0.6676399999999996,0.6857598000000001
2021-10-18,0.532243,0.568821,0.522286,0.568821,0.6385723999999996,0.6712724000000001
2021-10-19,0.400415,0.520447,0.399195,0.520447,0.6034857999999995,0.6570380000000001
2021-10-20,0.399135,0.547878,0.398771,0.547878,0.5860871999999996,0.6379078000000001
2021-10-21,0.365746,0.54978,0.365746,0.54978,0.5650379999999996,0.6243661000000001
2021-10-22,0.461317,0.629867,0.461244,0.629843,0.5633537999999996,0.6154969
2021-10-25,0.496239,0.514292,0.469431,0.514231,0.5524357999999996,0.5955041000000001
2021-10-26,0.360183,0.552984,0.360183,0.552984,0.5589431999999996,0.5812145
2021-10-27,0.461071,0.617422,0.461071,0.617417,0.5728509999999996,0.5794691000000001
2021-10-28,0.459594,0.514146,0.454981,0.487844,0.5604637999999996,0.5627508999999999
2021-10-29,0.425807,0.595374,0.425807,0.595206,0.5535364,0.5584450999999999
2021-11-01,0.432109,0.512802,0.428346,0.509658,0.5526218,0.5525287999999999
2021-11-02,0.375159,0.484434,0.365811,0.483978,0.5388206000000001,0.5488818999999999
2021-11-03,0.35298,0.468498,0.350495,0.468498,0.5090368000000001,0.5409439
2021-11-04,0.368655,0.509323,0.368655,0.504254,0.5123188000000002,0.5363912999999999
2021-11-05,0.344213,0.520631,0.344213,0.520631,0.4974038000000001,0.5254700999999999
2021-11-08,0.362271,0.453397,0.361829,0.453397,0.4861516000000001,0.5193866999999999
2021-11-09,0.331815,0.513776,0.331815,0.493093,0.4879746000000001,0.5133976
2021-11-10,0.494695,0.618687,0.472369,0.618687,0.5180124000000002,0.5135246
2021-11-11,0.486803,0.551149,0.461386,0.520487,0.5212590000000001,0.5167889
2021-11-12,0.41742,0.516051,0.417088,0.516051,0.5203430000000002,0.5088733999999999
2021-11-15,0.382989,0.529992,0.379136,0.529992,0.5356620000000001,0.5109068000000001
2021-11-16,0.389806,0.502606,0.38925,0.498803,0.5368040000000002,0.5123892999999999
2021-11-17,0.44395,0.540573,0.432747,0.527777,0.518622,0.5183172
2021-11-18,0.436068,0.544644,0.420775,0.544644,0.5234534,0.5223562
2021-11-19,0.46565,0.612022,0.46565,0.612022,0.5426476,0.5314953000000001
2021-11-22,0.433977,0.612084,0.415528,0.612084,0.5590660000000001,0.5473640000000001
2021-11-23,0.587063,0.710102,0.535962,0.69099,0.5975034000000001,0.5671537000000001
2021-11-24,0.670659,0.707787,0.666411,0.685985,0.6291450000000001,0.5738835000000001
2021-11-26,0.767724,0.851555,0.763516,0.838218,0.6878598,0.6056566
2021-11-29,0.559093,0.695634,0.559093,0.692635,0.7039824,0.6233150000000001
2021-11-30,0.51927,0.71492,0.509601,0.710848,0.7237352,0.6414006000000001
2021-12-01,0.485281,0.732496,0.480161,0.732469,0.7320310000000001,0.6647672
2021-12-02,0.675835,0.842662,0.652284,0.842216,0.7632772000000001,0.6962111
2021-12-03,0.781965,1.010087,0.768934,1.009815,0.7975966000000001,0.7427282
2021-12-06,0.745245,0.767412,0.667579,0.767412,0.8125520000000002,0.7582671999999999
2021-12-07,0.562014,0.674242,0.558051,0.674177,0.8052178000000001,0.7644765
2021-12-08,0.559459,0.587792,0.528049,0.58779,0.776282,0.7541565
2021-12-09,0.456493,0.732584,0.456493,0.732584,0.7543556,0.7588164
2021-12-10,0.611067,0.775815,0.611067,0.709419,0.6942764000000001,0.7459365
2021-12-13,0.599734,0.74299,0.597365,0.731747,0.6871434000000002,0.7498477
2021-12-14,0.647734,0.804953,0.644101,0.789271,0.7101622000000002,0.75769
2021-12-15,0.706139,0.808122,0.706139,0.722175,0.7370392000000001,0.7566605999999999
2021-12-16,0.440045,0.639305,0.43961,0.631311,0.7167846000000001,0.7355701
2021-12-17,0.797753,0.849319,0.715939,0.723319,0.7195646000000002,0.7069205
2021-12-20,0.677034,0.752751,0.676217,0.752551,0.7237254000000001,0.7054343999999999
2021-12-21,0.578937,0.612079,0.559443,0.612079,0.6882870000000001,0.6992246
2021-12-22,0.533368,0.616637,0.511287,0.616547,0.6671614000000001,0.7021003
2021-12-23,0.448428,0.570536,0.448428,0.569093,0.6547178,0.6857512
2021-12-27,0.408032,0.588401,0.407049,0.588401,0.6277342000000001,0.6736494
2021-12-28,0.445587,0.592851,0.439002,0.592414,0.5957068000000001,0.6597160999999999
2021-12-29,0.562188,0.676122,0.562188,0.647179,0.6027268000000001,0.6455068999999999
2021-12-30,0.522898,0.607068,0.509901,0.607068,0.6008310000000001,0.6339961999999999
2021-12-31,0.515425,0.660538,0.515425,0.660538,0.6191200000000002,0.6369189
2022-01-03,0.446889,0.597338,0.446889,0.564504,0.6143406000000001,0.6210373999999999
2022-01-04,0.395667,0.591799,0.394609,0.585393,0.6129364000000002,0.6043215999999999
2022-01-05,0.51458,0.742646,0.509705,0.742642,0.6320290000000002,0.6173778999999999
2022-01-06,0.670077,0.874661,0.670077,0.700857,0.6507868000000002,0.6258088999999998
2022-01-07,0.580184,0.745149,0.558284,0.744527,0.6675846000000002,0.6433522999999999
2022-01-10,0.829496,0.882868,0.778118,0.790097,0.7127032000000002,0.6635218999999999
2022-01-11,0.560441,0.605435,0.560441,0.601166,0.7158578000000002,0.6643970999999999
2022-01-12,0.551326,0.638017,0.54242,0.608246,0.6889786000000001,0.6605037999999999
2022-01-13,0.493739,0.720639,0.475608,0.720588,0.6929248000000001,0.6718557999999999
2022-01-14,0.918933,0.919647,0.82252,0.88078,0.7201754000000001,0.6938799999999999
2022-01-18,0.752849,0.845509,0.736312,0.831325,0.7284210000000001,0.7205620999999999
2022-01-19,0.611551,0.736175,0.606444,0.736175,0.7554228000000001,0.7356402999999998
2022-01-20,0.685262,0.875202,0.618069,0.875185,0.8088106000000002,0.7488945999999999
2022-01-21,1.079329,1.153087,1.050656,1.091377,0.8829684,0.7879466
2022-01-24,1.075066,1.159524,1.038835,1.050761,0.9169646,0.81857
2022-01-25,0.737052,0.935883,0.737052,0.808998,0.9124992000000001,0.8204601
2022-01-26,0.684796,0.803133,0.628038,0.802838,0.9258318000000001,0.8406273000000001
2022-01-27,0.782152,0.93307,0.761227,0.931766,0.9371480000000002,0.8729793000000001
2022-01-28,0.951682,1.058844,0.938606,0.958861,0.9106448000000003,0.8968066
2022-01-31,0.612645,0.827069,0.612645,0.825629,0.8656184000000001,0.8912915
2022-02-01,0.716201,0.738948,0.691592,0.731954,0.8502096000000001,0.8813544
2022-02-02,0.647325,0.804894,0.647325,0.794198,0.8484816000000002,0.8871567
2022-02-03,0.903,0.977945,0.895654,0.927042,0.8475368000000003,0.8923424000000001
2022-02-04,0.833687,0.853818,0.782141,0.79047,0.8138586000000003,0.8622517000000001
2022-02-07,0.556369,0.722968,0.556369,0.722968,0.7933264000000003,0.8294724
2022-02-08,0.672124,0.754666,0.657119,0.750389,0.7970134000000003,0.8236115000000002
2022-02-09,0.623048,0.728633,0.623048,0.726919,0.7835576000000003,0.8160196000000001
2022-02-10,0.668215,0.784812,0.657689,0.784807,0.7551106000000003,0.8013237
2022-02-11,0.726909,0.970632,0.723244,0.97048,0.7911126000000004,0.8024856000000001
2022-02-14,0.762092,0.946181,0.738275,0.943704,0.8352598000000004,0.8142931000000002
2022-02-15,0.698689,0.795116,0.698689,0.776352,0.8404524000000004,0.8187329000000002
2022-02-16,0.657478,0.81324,0.646719,0.803708,0.8558102000000005,0.8196839000000002
2022-02-17,0.686871,0.886486,0.686871,0.886319,0.8761126000000005,0.8156116000000002
2022-02-18,0.944987,1.042189,0.934882,1.042172,0.8904510000000005,0.8407818
2022-02-22,0.819356,0.939056,0.79907,0.92937,0.8875842000000006,0.8614220000000001
2022-02-23,0.599337,0.916658,0.599337,0.916407,0.9155952000000005,0.8780238
2022-02-24,1.100281,1.100281,0.976043,0.987185,0.9522906000000004,0.9040504
2022-02-25,0.737331,0.828547,0.737192,0.828547,0.9407362000000005,0.9084244000000001
2022-02-28,0.768338,0.839559,0.718968,0.839559,0.9002136000000005,0.8953323000000001
2022-03-01,0.647663,0.839811,0.630835,0.825581,0.8794558000000006,0.8835200000000002
2022-03-02,0.669273,0.829099,0.6474,0.813678,0.8589100000000005,0.8872526000000001
2022-03-03,0.735172,0.827869,0.693915,0.825275,0.8265280000000004,0.8894093000000002
2022-03-04,0.917785,0.976874,0.890822,0.9197,0.8447586000000005,0.8927474000000002
2022-03-07,0.654284,0.80849,0.654284,0.80848,0.8385428000000005,0.8693782000000002
2022-03-08,0.751967,0.863219,0.744991,0.776714,0.8287694000000005,0.8541126000000002
2022-03-09,0.698801,0.866104,0.69737,0.864954,0.8390246000000005,0.8489673000000002
2022-03-10,0.852731,0.882775,0.815956,0.872626,0.8484948000000004,0.8375114000000004
2022-03-11,0.835481,0.920866,0.821393,0.920862,0.8487272000000005,0.8467429000000003
2022-03-14,0.883364,1.00047,0.858082,1.00047,0.8871252000000005,0.8628340000000003
2022-03-15,0.775626,0.926465,0.775626,0.921211,0.9160246000000004,0.8723970000000001
2022-03-16,0.755339,0.845573,0.711093,0.844875,0.9120088000000004,0.8755167000000001
2022-03-17,0.694641,0.797489,0.68605,0.786772,0.8948380000000006,0.8716664000000002
2022-03-18,0.649596,0.681362,0.592415,0.678104,0.8462864000000005,0.8475068000000002
2022-03-21,0.528883,0.690803,0.528883,0.690803,0.7843530000000005,0.8357391000000002
2022-03-22,0.598533,0.701295,0.598533,0.701295,0.7403698000000005,0.8281972000000002
2022-03-23,0.68437,0.688485,0.608251,0.683005,0.7079958000000005,0.8100023000000002
2022-03-24,0.571676,0.649634,0.561593,0.637272,0.6780958000000006,0.7864669000000003
2022-03-25,0.477728,0.703128,0.474191,0.703128,0.6831006000000004,0.7646935000000002
2022-03-28,0.523217,0.724374,0.519154,0.715536,0.6880472000000004,0.7362001000000002
2022-03-29,0.545326,0.633072,0.525931,0.633072,0.6744026000000005,0.7073862000000002
2022-03-30,0.572292,0.722699,0.571363,0.722699,0.6823414000000005,0.6951686000000002
2022-03-31,0.683394,0.782965,0.656361,0.782964,0.7114798000000004,0.6947878000000002
2022-04-01,0.650239,0.777832,0.650239,0.775517,0.7259576000000005,0.7045291000000002
2022-04-04,0.423123,0.643026,0.416929,0.643026,0.7114556000000005,0.6997514000000002
2022-04-05,0.459899,0.798654,0.447196,0.798654,0.7445720000000005,0.7094873000000003
2022-04-06,1.004298,1.026332,0.857054,0.86004,0.7720402000000005,0.7271908000000002
2022-04-07,0.593505,0.803911,0.593505,0.766349,0.7687172000000004,0.7400985000000002
2022-04-08,0.630013,0.752455,0.60718,0.752455,0.7641048000000004,0.7450312000000002
2022-04-11,0.795726,0.91839,0.77394,0.896535,0.8148066000000004,0.7631311000000002
2022-04-12,0.690962,0.755769,0.649265,0.746706,0.8044170000000005,0.7744945000000002
2022-04-13,0.680736,0.768285,0.635802,0.662946,0.7649982000000004,0.7685192000000003
2022-04-14,0.585552,0.808334,0.584163,0.808254,0.7733792000000005,0.7710482000000002
2022-04-18,0.62247,0.761471,0.600826,0.761471,0.7751824000000005,0.7696436000000001
2022-04-19,0.588544,0.735056,0.585027,0.735043,0.7428840000000004,0.7788453000000002
2022-04-20,0.717593,0.79725,0.717593,0.79725,0.7529928000000004,0.7787049000000003
2022-04-21,0.575726,0.871783,0.568558,0.871756,0.7947548000000004,0.7798765000000001
2022-04-22,0.889999,1.07784,0.867271,1.077839,0.8486718,0.8110255000000002
2022-04-25,0.88814,0.983274,0.874406,0.936241,0.8836257999999999,0.8294041000000002
2022-04-26,0.709199,0.960504,0.709199,0.960479,0.9287129999999999,0.8357985000000001
2022-04-27,0.745666,0.953136,0.720499,0.953136,0.9598901999999999,0.8564415000000002
2022-04-28,0.905962,0.986481,0.905962,0.917117,0.9689623999999999,0.8818586000000002
2022-04-29,0.740526,1.021115,0.722924,1.020703,0.9575352,0.9031035000000001
2022-05-02,0.886472,1.022541,0.836113,0.987347,0.9677564000000001,0.9256911000000001
2022-05-03,0.690358,0.858012,0.690358,0.82737,0.9411346000000002,0.9349238000000002
2022-05-04,0.66001,0.832526,0.66001,0.827512,0.9160098000000001,0.9379500000000002
2022-05-05,0.699955,0.916861,0.699955,0.90503,0.9135924000000001,0.9412774
2022-05-06,0.967645,1.070657,0.967645,0.99342,0.9081358000000002,0.9328355000000002
2022-05-09,0.902162,1.115748,0.902162,1.077707,0.9262078000000002,0.9469821000000002
2022-05-10,0.748901,0.982501,0.748901,0.947585,0.9502508000000001,0.9456927000000002
2022-05-11,0.97522,1.006732,0.88705,1.006732,0.9860948,0.9510523000000003
2022-05-12,1.127774,1.127774,0.937391,0.988662,1.0028212,0.9582068000000004
2022-05-13,0.712166,0.860977,0.697933,0.858603,0.9758578000000002,0.9419968000000003
2022-05-16,0.705175,0.840176,0.705175,0.834579,0.9272322000000003,0.9267200000000002
2022-05-17,0.701566,0.835667,0.69815,0.83566,0.9048472000000002,0.9275490000000003
2022-05-18,0.962579,1.040427,0.922159,1.040427,0.9115862000000001,0.9488405000000004
2022-05-19,0.859257,1.040592,0.859257,0.990638,0.9119814000000002,0.9574013000000002
2022-05-20,0.791255,1.111277,0.758881,1.079752,0.9562112,0.9660344999999999
2022-05-23,0.773762,0.830786,0.735426,0.813853,0.9520660000000001,0.9396490999999999
2022-05-24,1.030445,1.088021,0.957453,0.963892,0.9777124,0.9412797999999999
2022-05-25,0.806992,0.868002,0.806992,0.832268,0.9360806,0.9238333999999998
2022-05-26,0.696148,0.839051,0.696148,0.818241,0.9016012,0.9067912999999999
2022-05-27,0.677825,0.78874,0.672864,0.783544,0.8423596,0.8992853999999999
2022-05-31,0.741838,0.824687,0.710007,0.824687,0.8445264,0.8982961999999999
2022-06-01,0.641877,0.962564,0.640018,0.902664,0.8322808,0.9049965999999999
2022-06-02,0.778432,0.79873,0.727957,0.798723,0.8255718,0.8808262000000001
2022-06-03,1.032676,1.035726,0.918879,0.921775,0.8462786,0.8739399000000001
2022-06-06,0.543907,0.791943,0.543907,0.791943,0.8479583999999999,0.8451590000000001
2022-06-07,0.870004,0.870004,0.803921,0.818438,0.8467086,0.8456175000000001
2022-06-08,0.663551,0.739326,0.619144,0.738897,0.8139552,0.823118
2022-06-09,0.732068,0.877616,0.722458,0.877616,0.8297338,0.8276528000000001
2022-06-10,1.199047,1.274166,1.175727,1.208305,0.8870397999999999,0.8666592000000002
2022-06-13,1.133206,1.316054,1.133206,1.2818,0.9850112,0.9164847999999999
2022-06-14,0.892478,1.045035,0.840507,1.045034,1.0303304,0.9385195000000002
2022-06-15,0.736953,0.883333,0.736953,0.883254,1.0592017999999999,0.9365785000000001
2022-06-16,1.172346,1.312243,1.165601,1.196946,1.1230678,0.9764008000000001
2022-06-17,0.776928,0.984599,0.767119,0.984513,1.0783094,0.9826746
2022-06-21,0.632253,0.771209,0.618621,0.771208,0.976191,0.9806011000000001
2022-06-22,0.87575,0.973483,0.791491,0.973483,0.9618808000000001,0.9961056000000001
2022-06-23,0.810423,0.898039,0.808555,0.866559,0.9585418000000001,1.0088718
2022-06-24,0.654986,0.764131,0.634289,0.761982,0.8715489999999999,0.9973084
2022-06-27,0.736465,0.817244,0.724287,0.817244,0.8380952,0.9582023
2022-06-28,0.684448,0.892018,0.662251,0.892018,0.8622572000000002,0.9192241000000001
2022-06-29,1.012719,1.04118,0.935838,1.00494,0.8685486000000001,0.9152146999999999
2022-06-30,1.155657,1.168065,0.930991,0.956504,0.8865376000000001,0.9225397000000001
2022-07-01,0.812402,0.866679,0.797245,0.864893,0.9071198,0.8893344000000001
2022-07-05,1.079149,1.079149,0.847953,0.851851,0.9140412000000001,0.8760682000000001
2022-07-06,0.684421,0.836682,0.656393,0.835431,0.9027238000000001,0.8824905
2022-07-07,0.615042,0.74865,0.588101,0.748591,0.8514540000000002,0.8600013000000001
2022-07-08,0.804652,0.862175,0.779093,0.847168,0.8295868000000002,0.8580622000000002
2022-07-11,0.95215,0.977679,0.852039,0.970781,0.8507644000000001,0.8789421000000001
2022-07-12,0.734671,0.926795,0.734671,0.926165,0.8656272000000002,0.8898342000000001
2022-07-13,1.238446,1.238446,1.025835,1.075973,0.9137356000000001,0.9082297
2022-07-14,1.130231,1.130231,0.928908,0.944709,0.9529592000000001,0.9022066000000001
2022-07-15,0.755277,0.885547,0.755277,0.821679,0.9478614000000001,0.8887240999999999
2022-07-18,0.583342,0.805466,0.578607,0.805466,0.9147984000000001,0.8827814
2022-07-19,0.700638,0.835222,0.68302,0.835209,0.8966072,0.8811171999999999
2022-07-20,0.80771,0.867871,0.776234,0.867871,0.8549868,0.8843612000000001
2022-07-21,0.731185,0.845867,0.691085,0.804482,0.8269414000000002,0.8899503
2022-07-22,0.828299,0.970125,0.817116,0.969531,0.8565118000000002,0.9021866
2022-07-25,0.87654,0.971365,0.843876,0.96765,0.8889486000000002,0.9018735
2022-07-26,0.970049,1.005625,0.956367,0.973889,0.9166846000000002,0.9066459
2022-07-27,0.715997,0.912443,0.715997,0.912437,0.9255978,0.8902923000000001
2022-07-28,0.780753,0.881263,0.780753,0.881263,0.9409540000000002,0.8839477
2022-07-29,0.791875,0.823612,0.701391,0.794677,0.9059832000000002,0.8812475000000001
2022-08-01,0.832387,0.871315,0.741053,0.871314,0.8867160000000002,0.8878323000000001
2022-08-02,0.713233,0.828107,0.699329,0.828099,0.857558,0.8871213000000001
2022-08-03,0.532825,0.795735,0.532825,0.795691,0.8342088000000001,0.8799033000000002
2022-08-04,0.576022,0.737333,0.569888,0.737327,0.8054216000000001,0.8731878
2022-08-05,0.794135,0.841684,0.764693,0.80953,0.8083922000000001,0.8571876999999999
2022-08-08,0.566646,0.76698,0.566646,0.76698,0.7875254000000002,0.8371207
2022-08-09,0.7852,0.864769,0.730326,0.863264,0.7945584000000001,0.8260582
2022-08-10,0.79802,0.879253,0.780229,0.856502,0.8067206,0.8204646999999999
2022-08-11,0.57055,0.721534,0.555785,0.717152,0.8026856,0.8040535999999999
2022-08-12,0.725464,0.803876,0.714861,0.770171,0.7948138000000001,0.8016030000000001
2022-08-15,0.660274,0.772664,0.652564,0.772663,0.7959504000000001,0.7917379
2022-08-16,0.685991,0.808806,0.680185,0.717246,0.7667468000000001,0.7806526
2022-08-17,0.797682,0.856428,0.768353,0.856428,0.766732,0.7867263
2022-08-18,0.662367,0.845135,0.662367,0.845135,0.7923286,0.7975071
2022-08-19,1.013575,1.081348,0.943959,0.954378,0.8291700000000001,0.8119919
2022-08-22,1.066444,1.072692,0.958388,1.015365,0.8777104000000001,0.8368304
2022-08-23,0.900306,0.905184,0.792353,0.832693,0.9007998,0.8337733
2022-08-24,0.642425,0.875395,0.642425,0.875386,0.9045914000000002,0.8356617
2022-08-25,0.57956,0.770282,0.57956,0.764809,0.8885262,0.8404274
2022-08-26,0.592849,0.950905,0.589142,0.950887,0.8878280000000001,0.8584989999999999
2022-08-29,0.890918,1.011528,0.890918,0.989851,0.8827252000000001,0.8802177999999999
2022-08-30,0.728323,1.015594,0.728323,1.015594,0.9193054000000002,0.9100526
2022-08-31,0.785166,1.060253,0.745577,1.060253,0.9562788000000001,0.9304351000000001
2022-09-01,0.954249,1.122209,0.93966,1.004616,1.0042402000000004,0.9463832
2022-09-02,0.785174,0.970225,0.784385,0.96976,1.0080148000000002,0.9479214
2022-09-06,0.898075,1.127224,0.898075,1.077683,1.0255812,0.9541532
2022-09-07,0.732477,0.994079,0.729449,0.99115,1.0206924,0.9699989
2022-09-08,0.848164,0.940925,0.753425,0.940834,0.9968085999999999,0.9765437
2022-09-09,0.759221,0.83622,0.731094,0.825453,0.9609759999999999,0.9826081000000002
2022-09-12,0.643307,0.836036,0.643307,0.836021,0.9342282,0.9711215000000001
2022-09-13,1.054437,1.134986,1.026537,1.122826,0.9432568,0.9844190000000002
2022-09-14,1.051873,1.079498,0.941672,1.072656,0.9595579999999998,0.9901252000000001
2022-09-15,0.795673,0.978732,0.777883,0.978732,0.9671375999999998,0.9819731000000003
2022-09-16,1.389354,1.398079,1.143113,1.148308,1.0317086,0.9963423
2022-09-19,0.851191,0.941683,0.819399,0.932167,1.0509378,0.9925830000000001
2022-09-20,1.024747,1.024747,0.854429,0.941284,1.0146294,0.9789431000000001
2022-09-21,0.78479,0.997771,0.751408,0.997678,0.9996338,0.9795959
2022-09-22,0.986189,1.077421,0.93792,1.077421,1.0193716,0.9932546
2022-09-23,1.246485,1.275695,1.209779,1.275665,1.044843,1.0382757999999999
2022-09-26,0.715243,1.06586,0.711496,1.037901,1.0659897999999999,1.0584637999999997
2022-09-27,0.712627,1.091877,0.712533,1.081544,1.0940417999999998,1.0543356
2022-09-28,0.885838,1.14223,0.885838,1.142219,1.12295,1.0612919
2022-09-29,1.158127,1.267731,1.009132,1.015283,1.1105224,1.0649469999999999
2022-09-30,1.017207,1.050023,0.898081,1.050023,1.065394,1.0551184999999998
2022-10-03,0.753597,0.885458,0.721825,0.883903,1.0345944,1.0502920999999998
2022-10-04,0.736428,0.853044,0.72302,0.853014,0.9888883999999999,1.0414650999999997
2022-10-05,0.891701,1.045508,0.869916,1.041464,0.9687373999999999,1.0458436999999996
2022-10-06,0.629491,0.88808,0.629491,0.88808,0.9432967999999999,1.0269095999999998
2022-10-07,0.956186,0.983386,0.903646,0.983386,0.9299693999999998,0.9976816999999996
2022-10-10,0.895931,1.042716,0.873068,1.033681,0.9599249999999999,0.9972596999999995
2022-10-11,1.04144,1.049133,0.876619,0.944096,0.9781413999999998,0.9835148999999996
2022-10-12,0.851665,1.134316,0.801428,1.134316,0.9967117999999999,0.9827245999999995
2022-10-13,1.368147,1.368147,0.981061,0.986184,1.0163326,0.9798146999999995
2022-10-14,0.782328,0.954997,0.768642,0.954949,1.0106452,0.9703072999999994
2022-10-17,0.77286,0.918355,0.77286,0.918354,0.9875798,0.9737523999999995
2022-10-18,0.806523,0.94602,0.806523,0.924701,0.9837007999999999,0.9809210999999995
2022-10-19,0.882274,1.11257,0.852861,1.11257,0.9793515999999999,0.9880316999999994
2022-10-20,0.771016,0.930669,0.755929,0.930669,0.9682485999999997,0.9922905999999996
2022-10-21,0.887664,0.933221,0.858547,0.890726,0.9554039999999999,0.9830245999999996
2022-10-24,0.821276,0.88399,0.782553,0.857743,0.9432817999999997,0.9654307999999995
2022-10-25,0.575757,0.798016,0.575757,0.798016,0.9179447999999997,0.9508227999999995
2022-10-26,0.855434,0.963025,0.741497,0.963025,0.8880357999999997,0.9336936999999995
2022-10-27,0.723133,0.974239,0.715448,0.974239,0.8967497999999997,0.9324991999999994
2022-10-28,0.721935,0.91836,0.721935,0.909338,0.9004721999999997,0.9279380999999995
2022-10-31,0.692018,0.782798,0.692018,0.782798,0.8854831999999997,0.9143824999999997
2022-11-01,0.570463,0.802672,0.567277,0.802668,0.8864135999999997,0.9021791999999996
2022-11-02,0.843875,1.092833,0.810604,1.092833,0.9123751999999996,0.9002054999999995
2022-11-03,1.160644,1.200547,0.953902,0.984999,0.9145271999999997,0.9056384999999996
2022-11-04,0.809726,0.910602,0.809726,0.909738,0.9146071999999996,0.9075396999999995
2022-11-07,0.710546,0.776423,0.698796,0.763067,0.9106609999999998,0.8980720999999996
2022-11-08,0.827546,1.138127,0.725211,1.137215,0.9775703999999997,0.9319919999999999
2022-11-09,0.919762,1.054251,0.833228,1.052972,0.9695981999999997,0.9409867000000001
2022-11-10,0.8468,0.8468,0.77054,0.801211,0.9328405999999998,0.9236839000000001
2022-11-11,0.820467,0.820467,0.685867,0.692646,0.8894221999999997,0.9020147000000002
2022-11-14,0.839695,0.851931,0.757885,0.841772,0.9051631999999998,0.9079121000000001
2022-11-15,0.687535,0.791274,0.614188,0.791274,0.8359749999999997,0.9067727000000001
2022-11-16,0.958507,1.080168,0.919256,1.079778,0.8413361999999998,0.9054672
2022-11-17,0.985194,1.032699,0.889422,0.916193,0.8643325999999997,0.8985866
2022-11-18,0.846843,0.846843,0.765304,0.823675,0.8905383999999998,0.8899803000000001
2022-11-21,0.81993,0.873379,0.782774,0.787213,0.8796265999999997,0.8923949
2022-11-22,0.862662,1.11026,0.796936,1.091062,0.9395841999999999,0.8877796
2022-11-23,0.799832,0.921345,0.730875,0.921234,0.9078753999999998,0.8746058
2022-11-25,0.825134,0.846096,0.777988,0.816808,0.8879983999999996,0.8761655000000002
2022-11-28,0.813306,0.939067,0.813306,0.939066,0.9110765999999997,0.9008075
2022-11-29,0.844996,0.895017,0.767049,0.89331,0.9322959999999997,0.9059613000000001
2022-11-30,0.717343,1.000664,0.666818,0.977791,0.9096417999999996,0.9246130000000001
2022-12-01,0.720056,0.833735,0.676279,0.833729,0.8921407999999997,0.9000081
2022-12-02,0.842877,0.869539,0.775404,0.809745,0.8907281999999996,0.8893633
2022-12-05,0.685601,0.852809,0.685601,0.852749,0.8734647999999998,0.8922707000000001
2022-12-06,0.912675,0.980598,0.912675,0.968251,0.8884529999999998,0.9103745
2022-12-07,0.760511,1.198357,0.760511,1.171796,0.9272540000000001,0.9184479
2022-12-08,0.75014,0.89601,0.703164,0.894284,0.9393650000000001,0.9157529
2022-12-09,0.708757,1.002868,0.708757,1.002868,0.9779896000000001,0.9343589000000001
2022-12-12,0.889098,0.889098,0.773255,0.781536,0.9637470000000002,0.9186059000000002
2022-12-13,0.804506,0.848419,0.730727,0.824311,0.9349590000000003,0.9117060000000002
2022-12-14,0.816006,1.073529,0.816006,1.072714,0.9151426,0.9211983000000001
2022-12-15,0.979505,1.072598,0.972689,1.053341,0.9469540000000002,0.9431595000000002
2022-12-16,0.992734,1.15375,0.947159,1.146815,0.9757434000000001,0.9768665000000002
2022-12-19,0.812951,0.988132,0.810887,0.985577,1.0165516,0.9901493000000002
2022-12-20,0.915036,0.963258,0.867107,0.914041,1.0344976000000001,0.9847283000000001
2022-12-21,0.797665,1.419199,0.757055,1.336815,1.0873178000000003,1.0012302000000002
2022-12-22,1.009093,1.173549,0.978658,1.159425,1.1085346,1.0277443000000002
2022-12-23,1.017489,1.032264,0.915082,0.958253,1.0708222000000003,1.0232828
2022-12-27,1.041196,1.041196,0.907173,0.946003,1.0629074,1.0397295000000002
2022-12-28,0.826251,1.685688,0.826251,1.61842,1.2037832000000002,1.1191404
2022-12-29,0.733685,1.000402,0.733685,0.984382,1.1332966,1.1103072
2022-12-30,1.160392,1.18267,1.01866,1.034324,1.1082764,1.1084055000000002
2023-01-03,0.698085,0.958003,0.698085,0.956948,1.1080154,1.0894188000000002
2023-01-04,0.898869,1.194574,0.840303,1.164398,1.1516943999999998,1.1073009
2023-01-05,1.295047,1.303683,0.945399,1.050358,1.0380819999999997,1.1209326000000002
2023-01-06,0.941244,0.972698,0.825818,0.921149,1.0254353999999999,1.0793659999999998
2023-01-09,0.66658,0.951706,0.660541,0.951356,1.0088418,1.0585590999999999
2023-01-10,0.814438,0.978567,0.814438,0.955079,1.008468,1.0582417
2023-01-11,0.73646,1.0838,0.707691,1.045575,0.9847033999999999,1.0681989
2023-01-12,0.892817,0.920465,0.835207,0.916884,0.9580085999999998,0.9980453000000002
2023-01-13,0.813211,0.89543,0.813211,0.888154,0.9514095999999999,0.9884225000000002
2023-01-17,0.744184,0.885528,0.725156,0.885528,0.9382439999999997,0.9735429000000002
2023-01-18,0.928824,1.177634,0.903601,1.177632,0.9827545999999998,0.9956113000000002
2023-01-19,1.011315,1.095894,0.996242,1.028185,0.9792765999999998,0.9819900000000003
2023-01-20,0.777091,0.845425,0.745244,0.831693,0.9622383999999998,0.9601235000000002
2023-01-23,0.595169,0.834357,0.589777,0.826571,0.9499217999999999,0.9506657000000003
2023-01-24,0.919792,0.924773,0.807477,0.922969,0.9574099999999998,0.9478270000000004
2023-01-25,1.061852,1.129792,0.972403,0.98324,0.9185315999999999,0.9506431000000003
2023-01-26,0.743092,0.866309,0.738883,0.866309,0.8861563999999997,0.9327165000000003
2023-01-27,0.743232,0.816188,0.708021,0.722754,0.8643685999999999,0.9133035000000003
2023-01-30,0.761164,0.867438,0.697137,0.867438,0.8725419999999998,0.9112319000000004
2023-01-31,0.779664,0.878857,0.774267,0.878857,0.8637195999999998,0.9105648000000004
2023-02-01,0.735111,0.854383,0.655858,0.854383,0.8379481999999998,0.8782399000000005
2023-02-02,0.612913,0.696117,0.590301,0.696117,0.8039097999999998,0.8450331000000004
2023-02-03,0.801755,0.817735,0.722983,0.817735,0.8229059999999999,0.8436373000000004
2023-02-06,0.733716,0.810252,0.675111,0.800513,0.8095209999999998,0.8410315000000004
2023-02-07,0.652397,0.844079,0.652397,0.841186,0.8019867999999997,0.8328532000000004
2023-02-08,0.586415,0.811564,0.58391,0.811564,0.7934229999999998,0.8156856000000005
2023-02-09,0.643783,0.830537,0.640416,0.830537,0.8203069999999999,0.8121084000000005
2023-02-10,0.938618,0.989212,0.920453,0.988316,0.8544231999999997,0.8386646000000004
2023-02-13,0.818008,0.919533,0.800218,0.906896,0.8756997999999998,0.8426104000000004
2023-02-14,0.90956,0.92292,0.854805,0.886581,0.8847787999999998,0.8433828000000003
2023-02-15,0.728575,0.807248,0.68919,0.803401,0.8831461999999999,0.8382846000000004
2023-02-16,0.862903,0.88614,0.77016,0.88608,0.8942547999999999,0.8572809000000005
2023-02-17,0.916465,1.002376,0.916465,0.939178,0.8844271999999999,0.8694252000000005
2023-02-21,0.802367,0.963286,0.792872,0.963286,0.8957051999999998,0.8857025000000005
2023-02-22,0.729633,0.957675,0.714381,0.957675,0.9099239999999998,0.8973514000000005
2023-02-23,0.867774,0.97202,0.807449,0.956097,0.9404631999999997,0.9118047000000005
2023-02-24,1.11728,1.180312,1.013435,1.026361,0.9685193999999999,0.9313871000000005
2023-02-27,0.784127,0.97935,0.784127,0.978792,0.9764421999999998,0.9304347000000005
2023-02-28,0.685865,0.883629,0.679178,0.883601,0.9605051999999998,0.9281052000000004
2023-03-01,0.845075,1.050794,0.812485,1.040817,0.9771335999999999,0.9435288000000005
2023-03-02,0.868375,1.048672,0.868375,1.04379,0.9946722000000001,0.9675677000000004
2023-03-03,0.721894,0.908359,0.705328,0.908359,0.9710718,0.9697956000000005
2023-03-06,0.715077,0.965643,0.715077,0.965629,0.9684392,0.9724407000000005
2023-03-07,0.852379,0.997647,0.806187,0.997642,0.9912474,0.9758763000000006
2023-03-08,0.953279,1.167278,0.923169,1.154656,1.0140152,0.9955744000000001
2023-03-09,0.813046,1.122575,0.794659,1.122575,1.0297722,1.0122222
2023-03-10,1.299828,1.350883,1.149536,1.299352,1.1079708,1.0395213
2023-03-13,1.344413,1.344413,1.065043,1.08158,1.131161,1.0498001000000001
2023-03-14,0.899235,1.033642,0.829452,1.033642,1.1383610000000002,1.0648042
2023-03-15,1.1875,1.262905,1.111869,1.233011,1.1540320000000002,1.0840236
2023-03-16,0.874443,0.95808,0.834545,0.951902,1.1198974,1.0748348
2023-03-17,0.715077,1.355552,0.715077,0.93697,1.0474210000000002,1.0776959
2023-03-20,0.715077,1.355552,0.715077,0.882586,1.0076222000000001,1.0693915999999999
2023-03-21,0.715077,1.355552,0.715077,0.870366,0.974967,1.056664
2023-03-22,0.715077,1.355552,0.715077,0.945762,0.9175172,1.0357746
2023-03-23,0.715077,1.355552,0.715077,1.152336,0.9576040000000001,1.0387507
2023-03-24,1.017788,1.112712,1.017788,1.056293,0.9814686000000001,1.0144448000000001
2023-03-27,1.017788,1.112712,0.849801,0.875396,0.9800306000000003,0.9938264
2023-03-28,1.017788,1.112712,0.692881,0.856551,0.9772676000000002,0.9761173
2023-03-29,0.844849,0.99098,0.838382,0.981871,0.9844894000000002,0.9510033
2023-03-30,0.734996,0.876146,0.689737,0.876146,0.9292514000000003,0.9434276999999998
2023-03-31,0.857084,0.884201,0.768037,0.883168,0.8946264000000003,0.9380474999999997
2023-04-03,0.754995,0.88383,0.754995,0.865004,0.8925480000000003,0.9362892999999998
2023-04-04,0.856225,1.075108,0.854954,1.069666,0.9351710000000001,0.9562192999999997
2023-04-05,0.959871,0.977741,0.879773,0.883082,0.9154132,0.9499512999999997
2023-04-06,1.031514,1.032918,0.882609,0.923233,0.9248306,0.9270409999999997
2023-04-10,0.839585,0.879263,0.782387,0.879263,0.9240496,0.9093379999999998
2023-04-11,0.70832,0.80381,0.673034,0.803786,0.911806,0.9021769999999997
2023-04-12,0.732094,0.911214,0.704158,0.911214,0.8801156000000001,0.9076432999999998
2023-04-13,0.730327,0.846769,0.701962,0.846769,0.8728529999999999,0.8941330999999997
2023-04-14,0.719533,0.906262,0.697205,0.902482,0.8687028,0.8967666999999995
2023-04-17,0.73116,0.891447,0.73116,0.891222,0.8710945999999999,0.8975720999999994
2023-04-18,0.772074,0.86504,0.756676,0.865012,0.8833397999999999,0.8975728999999995
2023-04-19,0.853386,0.966429,0.828707,0.966429,0.8943828,0.8872491999999994
2023-04-20,0.813068,0.979854,0.813068,0.979837,0.9209963999999999,0.8969246999999994
2023-04-21,0.803754,0.900089,0.792765,0.876222,0.9157444,0.8922235999999995
2023-04-24,0.759274,0.889434,0.747677,0.849506,0.9074012,0.8892478999999994
2023-04-25,0.894148,1.034556,0.894148,1.033103,0.9410193999999998,0.9121795999999996
2023-04-26,0.832703,1.12454,0.812735,1.124448,0.9726231999999999,0.9335029999999996
2023-04-27,0.893675,0.921548,0.835111,0.840405,0.9447367999999999,0.9328665999999994
2023-04-28,0.852847,0.931696,0.80032,0.931537,0.9557998,0.9357720999999997
2023-05-01,0.664028,0.914871,0.663308,0.914686,0.9688357999999999,0.9381184999999996
2023-05-02,0.956137,1.109511,0.912331,1.015324,0.9652799999999999,0.9531496999999997
2023-05-03,0.783781,1.064735,0.776742,1.064723,0.9533349999999998,0.9629790999999995
2023-05-04,1.145033,1.148732,0.972995,0.98384,0.982022,0.9633793999999997
2023-05-05,0.774873,0.888892,0.756316,0.888892,0.9734929999999998,0.9646463999999997
2023-05-08,0.789854,0.907997,0.789854,0.904779,0.9715115999999998,0.9701736999999996
2023-05-09,0.792121,0.888299,0.766814,0.888167,0.9460801999999999,0.9556800999999997
2023-05-10,0.747586,0.942145,0.727343,0.942145,0.9215646,0.9374497999999996
2023-05-11,0.80721,0.864004,0.80721,0.864003,0.8975971999999999,0.9398095999999997
2023-05-12,0.659495,0.846005,0.659495,0.846005,0.8890197999999998,0.9312563999999997
2023-05-15,0.785623,0.894623,0.773145,0.894609,0.8869857999999999,0.9292486999999998
2023-05-16,0.781518,0.949867,0.775786,0.949788,0.8993099999999998,0.9226950999999998
2023-05-17,0.841307,0.959635,0.804653,0.959634,0.9028077999999999,0.9121861999999996
2023-05-18,0.650188,0.804449,0.630979,0.804416,0.8908903999999997,0.8942437999999997
2023-05-19,0.70064,0.85897,0.70064,0.858608,0.8934109999999998,0.8912153999999998
2023-05-22,0.764469,0.829593,0.745554,0.82029,0.8785471999999999,0.8827664999999998
2023-05-23,0.671263,0.868632,0.636167,0.868632,0.8623159999999999,0.8808129999999996
2023-05-24,0.930734,1.02989,0.914917,1.02989,0.8763671999999998,0.8895874999999996
2023-05-25,0.595511,0.80687,0.595511,0.806854,0.8768547999999997,0.8838725999999996
2023-05-26,0.662558,0.774479,0.662558,0.774479,0.8600289999999997,0.8767199999999997
2023-05-30,0.595825,0.768301,0.595825,0.768301,0.8496311999999998,0.8640891999999998
2023-05-31,0.772425,0.918151,0.759509,0.913785,0.8586617999999998,0.8604888999999997
2023-06-01,0.651352,0.758258,0.641951,0.75808,0.8042997999999997,0.8403334999999998
2023-06-02,0.605727,0.703099,0.602138,0.703099,0.7835487999999998,0.8302017999999997
2023-06-05,0.543185,0.844042,0.543185,0.844042,0.7974613999999998,0.8287451999999996
2023-06-06,0.843547,0.843547,0.669534,0.675619,0.7789249999999998,0.8142780999999998
2023-06-07,0.546517,0.812456,0.546517,0.812439,0.7586557999999999,0.8086587999999997
2023-06-08,0.604061,0.775084,0.583031,0.775083,0.7620563999999999,0.7831780999999998
2023-06-09,0.506723,0.730176,0.506723,0.730176,0.7674717999999998,0.7755102999999998
2023-06-12,0.656795,0.76557,0.643278,0.723285,0.7433203999999998,0.7703908999999998
2023-06-13,0.560852,0.68885,0.558281,0.685648,0.7453261999999998,0.7621255999999997
2023-06-14,0.53943,0.821911,0.521221,0.821909,0.7472201999999999,0.7529379999999998
2023-06-15,0.618575,0.704993,0.618575,0.703155,0.7328345999999999,0.7474454999999998
2023-06-16,0.63499,0.703528,0.607591,0.703528,0.7275049999999998,0.7474883999999997
2023-06-20,0.646314,0.8059,0.626763,0.805143,0.7438765999999999,0.7435984999999998
2023-06-21,0.709466,0.808792,0.690597,0.808792,0.7685053999999999,0.7569157999999998
2023-06-22,0.752043,0.795159,0.678944,0.795126,0.7631488,0.7551844999999998
2023-06-23,0.902369,0.918091,0.802714,0.826063,0.7877303999999998,0.7602824999999998
2023-06-26,0.580919,0.789997,0.580919,0.789902,0.8050051999999999,0.7662550999999997
2023-06-27,0.593335,0.797859,0.593335,0.797808,0.8035381999999999,0.7737073999999998
2023-06-28,0.648715,0.771608,0.648715,0.771608,0.7961013999999997,0.7823033999999998
2023-06-29,0.508556,0.758745,0.508556,0.758745,0.7888251999999998,0.7759869999999998
2023-06-30,0.621566,0.77912,0.603261,0.77912,0.7794365999999998,0.7835834999999999
2023-07-03,0.501803,0.675786,0.501803,0.67424,0.7563041999999998,0.7806546999999998
2023-07-05,0.636468,0.886699,0.633352,0.886666,0.7740757999999998,0.7888069999999998
2023-07-06,0.822259,0.826713,0.795146,0.826713,0.7850967999999998,0.7905990999999999
2023-07-07,0.517356,0.722943,0.515019,0.722897,0.7779271999999998,0.7833762
2023-07-10,0.620075,0.724685,0.6021,0.724685,0.7670401999999998,0.7732383999999999
2023-07-11,0.533697,0.635928,0.530294,0.635928,0.7593777999999999,0.7578409999999999
2023-07-12,0.621016,0.726204,0.593741,0.725962,0.7272369999999999,0.7506563999999999
2023-07-13,0.505562,0.675754,0.504683,0.675754,0.6970451999999998,0.7410709999999999
2023-07-14,0.528352,0.705489,0.51976,0.705489,0.6935635999999998,0.7357454
2023-07-17,0.557254,0.713981,0.548778,0.713981,0.6914227999999998,0.7292315
2023-07-18,0.553455,0.684159,0.525846,0.684159,0.7010689999999998,0.7302234
2023-07-19,0.52504,0.653723,0.511289,0.653723,0.6866211999999998,0.7069291
2023-07-20,0.577544,0.761916,0.57614,0.761916,0.7038535999999999,0.7004493999999999
2023-07-21,0.621178,0.794428,0.616441,0.794428,0.7216414,0.7076024999999999
2023-07-24,0.662216,0.788056,0.662216,0.785089,0.7358629999999999,0.7136428999999999
2023-07-25,0.705935,0.837663,0.688965,0.83766,0.7665632,0.7338160999999999
2023-07-26,0.573745,0.783011,0.570735,0.782515,0.7923216,0.7394713999999999
2023-07-27,0.60648,0.832772,0.60648,0.832755,0.8064894,0.7551714999999999
2023-07-28,0.711982,0.808459,0.698919,0.808417,0.8092872,0.7654642999999999
2023-07-31,0.586868,0.759808,0.570529,0.754831,0.8032356,0.7695492999999999
2023-08-01,0.658672,0.809245,0.658672,0.809243,0.7975521999999999,0.7820577
2023-08-02,0.926179,0.926179,0.83642,0.892395,0.8195281999999999,0.8059248999999999
2023-08-03,0.863537,0.865583,0.811815,0.865434,0.8260639999999999,0.8162766999999999
2023-08-04,0.685889,0.874089,0.679772,0.874086,0.8391977999999998,0.8242424999999999
2023-08-07,0.774858,0.911182,0.759851,0.911179,0.8704673999999999,0.8368514999999999
2023-08-08,0.990922,1.003019,0.878036,0.887285,0.8860757999999999,0.841814
2023-08-09,0.741573,0.868562,0.736031,0.867646,0.8811259999999997,0.8503271
2023-08-10,0.781103,0.920866,0.760733,0.908583,0.8897557999999999,0.8579098999999999
2023-08-11,0.958814,0.958814,0.851216,0.947295,0.9043975999999997,0.8717976999999999
2023-08-14,0.698367,0.898158,0.698367,0.880714,0.8983045999999998,0.8843859999999999
2023-08-15,0.894712,1.001138,0.894712,1.000473,0.9209422,0.903509
2023-08-16,0.85141,1.099894,0.85141,1.099845,0.967382,0.9242539999999998
2023-08-17,0.890085,1.033775,0.885274,1.032984,0.9922621999999999,0.9410089999999999
2023-08-18,1.013736,1.078586,0.977317,1.068278,1.0164587999999999,0.9604281999999997
2023-08-21,0.701429,0.875633,0.699494,0.875633,1.0154425999999999,0.9568736
2023-08-22,0.758293,0.867762,0.758293,0.863393,0.9880265999999999,0.9544843999999999
2023-08-23,0.73092,1.014358,0.72411,1.014358,0.9709291999999999,0.9691555999999999
2023-08-24,0.946739,0.98636,0.856442,0.98636,0.9616043999999999,0.9769333
2023-08-25,0.861276,1.00667,0.836462,1.006663,0.9492813999999999,0.9828700999999999
2023-08-28,0.820378,1.007124,0.819806,0.99905,0.9739648000000001,0.9947037
2023-08-29,0.697316,0.898601,0.69437,0.898601,0.9810064000000001,0.9845165
2023-08-30,0.702543,0.955072,0.691389,0.955001,0.969135,0.9700321000000001
2023-08-31,0.661703,0.840599,0.659716,0.840599,0.9399827999999999,0.9507936000000001
2023-09-01,0.816149,0.884516,0.763562,0.884516,0.9155534,0.9324174000000001
2023-09-05,0.82833,0.911938,0.7975,0.911938,0.898131,0.9360478999999999
2023-09-06,0.91082,1.075954,0.887872,1.072971,0.933005,0.9570056999999998
2023-09-07,0.945446,1.064463,0.945446,0.999609,0.9419266000000001,0.9555307999999998
2023-09-08,0.715524,0.90434,0.715524,0.903369,0.9544805999999999,0.9472316999999997
2023-09-11,0.74243,0.854446,0.728079,0.849348,0.947447,0.9315001999999997
2023-09-12,0.751528,0.915741,0.724576,0.915572,0.9481738,0.9231523999999997
2023-09-13,0.766404,1.138922,0.766404,1.138922,0.961364,0.9471844999999994
2023-09-14,0.902798,0.983632,0.8517,0.94555,0.9505522000000001,0.9462393999999994
2023-09-15,0.848402,0.905399,0.827004,0.898958,0.94967,0.9520752999999994
2023-09-18,0.745866,0.928526,0.745866,0.928124,0.9654252,0.9564360999999995
2023-09-19,0.805256,0.905861,0.799095,0.896764,0.9616636,0.9549186999999995
2023-09-20,0.703899,0.930352,0.596445,0.930215,0.9199221999999999,0.9406430999999994
2023-09-21,1.082464,1.098218,0.963976,1.087561,0.9483244,0.9494382999999994
2023-09-22,0.89135,1.023182,0.862111,1.022956,0.973124,0.9613969999999995
2023-09-25,0.972601,1.072037,0.920748,1.071624,1.0018239999999998,0.9836245999999995
2023-09-26,1.020539,1.132188,1.010608,1.132188,1.0489088,1.0052861999999994
2023-09-27,0.885855,1.18562,0.86941,1.185582,1.0999822,1.0099521999999994
2023-09-28,0.870654,0.96401,0.818673,0.963643,1.0751985999999998,1.0117614999999995
2023-09-29,0.744393,0.960149,0.728046,0.960035,1.0626143999999997,1.0178691999999994
2023-10-02,0.681644,0.998604,0.681644,0.993358,1.0469611999999997,1.0243925999999994
2023-10-03,0.858167,1.094723,0.851616,1.087704,1.0380643999999999,1.0434865999999996
2023-10-04,0.753174,1.319537,0.753174,1.319364,1.0648207999999997,1.0824014999999996
2023-10-05,0.930739,1.050962,0.917093,1.047163,1.0815247999999997,1.0783616999999996
2023-10-06,0.915504,0.976497,0.888109,0.927539,1.0750255999999996,1.0688199999999997
2023-10-09,0.740814,0.917773,0.734762,0.917773,1.0599085999999995,1.0534348999999998
2023-10-10,0.70116,0.91608,0.687594,0.915608,1.0254893999999994,1.0317768999999999
2023-10-11,0.692911,1.018549,0.692911,1.018512,0.9653189999999995,1.0150698999999999
2023-10-12,0.818947,0.962364,0.818947,0.962364,0.9483591999999994,1.014942
2023-10-13,0.762806,0.988994,0.72997,0.988994,0.9606501999999993,1.0178378999999997
2023-10-16,0.723118,1.043199,0.723118,1.043199,0.9857353999999994,1.0228219999999997
2023-10-17,0.89748,0.980424,0.844037,0.980067,0.9986271999999994,1.0120582999999999
2023-10-18,0.950871,1.197774,0.893,1.19729,1.0343827999999993,0.9998508999999997
2023-10-19,0.854703,1.060756,0.842203,1.060489,1.0540077999999995,1.0011834999999996
2023-10-20,0.853756,1.056666,0.844822,1.056651,1.0675391999999992,1.0140946999999998
2023-10-23,0.912953,0.958117,0.849266,0.958097,1.0505187999999994,1.0181270999999996
2023-10-24,0.642279,0.822215,0.642279,0.822215,1.0189483999999995,1.0087877999999997
2023-10-25,0.890943,1.07183,0.767417,1.071709,0.9938321999999999,1.0141075000000002
2023-10-26,0.822346,0.978169,0.822346,0.964797,0.9746937999999998,1.0143508
2023-10-27,0.72737,1.047883,0.72737,1.044627,0.972289,1.0199141
2023-10-30,0.691844,1.022557,0.678772,1.022555,0.9851806,1.0178497
2023-10-31,1.027904,1.085449,0.936455,0.96769,1.0142756,1.016612
2023-11-01,0.8346,1.162615,0.808075,1.154513,1.0308363999999999,1.0123343
2023-11-02,0.742963,0.890725,0.701867,0.890662,1.0160094,0.9953516
2023-11-03,0.612532,0.778059,0.612532,0.778043,0.9626925999999999,0.9674908
2023-11-06,0.80216,0.968068,0.80216,0.968068,0.9517952,0.9684879000000001
2023-11-07,0.792236,0.920356,0.792236,0.91977,0.9422111999999998,0.9782434
2023-11-08,0.734535,1.031643,0.721104,1.031642,0.917637,0.9742367
2023-11-09,0.732655,0.939342,0.732655,0.939268,0.9273582000000001,0.9716837999999999
2023-11-10,0.89211,0.973085,0.884076,0.967235,0.9651966000000002,0.9639445999999999
2023-11-13,0.926207,0.946213,0.858893,0.940443,0.9596716000000001,0.9557334
2023-11-14,0.697776,0.774981,0.658504,0.774916,0.9307008000000001,0.936456
2023-11-15,0.574219,0.789606,0.574219,0.789563,0.8822850000000001,0.899961
2023-11-16,0.723023,0.902063,0.723023,0.901926,0.8748166000000002,0.9010874000000001
2023-11-17,0.844928,0.844928,0.746538,0.788225,0.8390145999999999,0.9021056000000002
2023-11-20,0.594298,0.807012,0.594298,0.806675,0.812261,0.8859663000000001
2023-11-21,0.753435,0.878125,0.740056,0.835124,0.8243026,0.8775017000000002
2023-11-22,0.615684,0.823056,0.615684,0.823056,0.8310012,0.8566431000000001
2023-11-24,0.773083,0.836181,0.753403,0.836181,0.8178522000000001,0.8463343999999999
2023-11-27,0.739163,0.893681,0.739163,0.893612,0.8389295999999999,0.8389721
2023-11-28,0.795333,0.817357,0.747674,0.791911,0.8359767999999999,0.8241189
2023-11-29,0.454079,0.758216,0.454079,0.758216,0.8205952,0.8224489
2023-11-30,0.738572,0.836556,0.705121,0.820751,0.8201342,0.8255677
2023-12-01,0.756082,0.756082,0.6898,0.722409,0.7973798000000001,0.8076159999999998
2023-12-04,0.680377,0.755986,0.644094,0.755986,0.7698546000000001,0.8043920999999997
2023-12-05,0.598357,0.788734,0.596516,0.788734,0.7692192,0.8025979999999999
2023-12-06,0.614483,0.807405,0.597325,0.807405,0.779057,0.7998261
2023-12-07,0.666037,0.878743,0.666037,0.878743,0.7906554,0.8053947999999999
2023-12-08,0.610829,0.792702,0.610829,0.790335,0.8042406,0.8008101999999999
2023-12-11,0.641004,0.809597,0.641004,0.809552,0.8149538,0.7924041999999999
2023-12-12,0.816049,0.816049,0.715449,0.801227,0.8174524,0.7933357999999999
2023-12-13,0.589747,0.721299,0.586703,0.715845,0.7991404000000001,0.7890986999999999
2023-12-14,0.454426,0.608835,0.447201,0.598052,0.7430022000000001,0.7668288
2023-12-15,0.580589,0.709423,0.576397,0.687055,0.7223462000000002,0.7632934
2023-12-18,0.492,0.716551,0.491279,0.716551,0.7037460000000001,0.7593498999999999
2023-12-19,0.587056,0.678346,0.586413,0.616032,0.666707,0.7420797
2023-12-20,0.550052,0.911565,0.547423,0.911564,0.7058508000000001,0.7524956
2023-12-21,0.608339,0.837812,0.605291,0.83736,0.7537124000000002,0.7483573
2023-12-22,0.578316,0.774994,0.564936,0.774912,0.7712838000000002,0.746815
2023-12-26,0.530974,0.771511,0.530974,0.771511,0.7822758000000002,0.7430109
2023-12-27,0.479643,0.809586,0.479643,0.809238,0.8209170000000002,0.7438119999999999
2023-12-28,0.655591,0.78039,0.631859,0.774027,0.7934096000000002,0.7496302
2023-12-29,0.577231,0.78085,0.577231,0.78085,0.7821076000000001,0.76791
2024-01-02,0.72893,0.75831,0.688863,0.758223,0.7787698000000003,0.7750268
2024-01-03,0.853854,0.926318,0.767688,0.92626,0.8097196000000002,0.7959977
2024-01-04,0.715107,0.830368,0.710143,0.830309,0.8139338000000003,0.8174254
2024-01-05,0.769446,0.926818,0.718454,0.926818,0.8444920000000001,0.8189508
2024-01-08,0.602794,0.809192,0.598353,0.763542,0.8410304000000002,0.8115689999999999
2024-01-09,0.763697,0.811249,0.701831,0.768094,0.8430046000000002,0.8108871999999998
2024-01-10,0.552935,0.933277,0.548725,0.932671,0.8442868000000002,0.8270031999999998
2024-01-11,0.67151,0.827016,0.67151,0.813697,0.8409644000000002,0.8274490999999999
2024-01-12,0.72714,0.87538,0.708864,0.875175,0.8306358000000003,0.8375638999999999
2024-01-16,0.892396,0.906514,0.788119,0.888656,0.8556586000000003,0.8483444999999998
2024-01-17,1.050495,1.197206,0.858233,1.197064,0.9414526000000002,0.8922285999999998
2024-01-18,0.599047,0.854167,0.594339,0.854167,0.9257518000000001,0.8850192999999997
2024-01-19,0.679859,0.782758,0.665198,0.765381,0.9160886000000001,0.8785264999999999
2024-01-22,0.663277,0.699351,0.601772,0.699351,0.8809238,0.8557797999999999
2024-01-23,0.49383,0.719998,0.49383,0.719998,0.8471922000000001,0.8514253999999998
2024-01-24,0.632532,0.769256,0.606303,0.769248,0.7616290000000002,0.8515407999999998
2024-01-25,0.726532,0.786326,0.693053,0.786326,0.7480608000000002,0.8369062999999997
2024-01-26,0.609181,0.806918,0.609181,0.806918,0.7563682000000002,0.8362283999999998
2024-01-29,0.636784,0.777304,0.636784,0.777252,0.7719484000000002,0.8264360999999998
2024-01-30,0.64404,0.766777,0.630243,0.766759,0.7813006000000002,0.8142463999999997
2024-01-31,0.735352,0.818491,0.727624,0.818491,0.7911492000000002,0.7763890999999997
2024-02-01,0.785613,0.888944,0.785613,0.84297,0.8024780000000004,0.7752693999999997
2024-02-02,0.722929,0.802437,0.702144,0.802437,0.8015818000000003,0.7789749999999996
2024-02-05,0.689613,0.794738,0.670193,0.759361,0.7980036000000004,0.7849759999999997
2024-02-06,0.563396,0.673664,0.563396,0.673664,0.7793846000000003,0.7803425999999997
2024-02-07,0.672673,0.811998,0.672673,0.811998,0.7780860000000004,0.7846175999999996
2024-02-08,0.575728,0.693415,0.573969,0.693336,0.7481592000000004,0.7753185999999996
2024-02-09,0.580336,0.676691,0.571297,0.676682,0.7230082000000004,0.7622949999999996
2024-02-12,0.563509,0.684159,0.547229,0.684159,0.7079678000000004,0.7529856999999996
2024-02-13,0.765994,0.857909,0.746957,0.847166,0.7426682000000003,0.7610263999999997
2024-02-14,0.691078,0.81048,0.661056,0.807155,0.7416996000000003,0.7598927999999996
2024-02-15,0.550632,0.699076,0.541144,0.699022,0.7428368000000004,0.7454979999999997
2024-02-16,0.614506,0.731986,0.60132,0.731808,0.7538620000000005,0.7384350999999997
2024-02-20,0.756762,0.801755,0.738184,0.762438,0.7695178000000004,0.7387427999999997
2024-02-21,0.770588,0.853037,0.741457,0.853037,0.7706920000000005,0.7566800999999999
2024-02-22,0.639934,0.766111,0.617968,0.766106,0.7624822000000004,0.7520908999999998
2024-02-23,0.600443,0.754074,0.600443,0.754074,0.7734926000000005,0.7581646999999998
2024-02-26,0.627499,0.758255,0.627499,0.758255,0.7787820000000005,0.7663219999999998
2024-02-27,0.632032,0.72359,0.632032,0.708017,0.7678978000000005,0.7687077999999998
2024-02-28,0.621423,0.75696,0.605317,0.75696,0.7486824000000005,0.7596871999999999
2024-02-29,0.633368,0.730342,0.624035,0.696151,0.7346914000000005,0.7485867999999998
2024-03-01,0.651507,0.756275,0.647752,0.756275,0.7351316000000006,0.7543120999999998
2024-03-04,0.577706,0.679111,0.573964,0.679111,0.7193028000000006,0.7490423999999998
2024-03-05,0.796981,0.837831,0.754252,0.809898,0.7396790000000005,0.7537883999999999
2024-03-06,0.576143,0.770988,0.566178,0.770988,0.7424846000000006,0.7455834999999998
2024-03-07,0.661777,0.738973,0.63426,0.73897,0.7510484000000005,0.7428698999999999
2024-03-08,0.569874,0.753869,0.542998,0.753869,0.7505672000000005,0.7428493999999999
2024-03-11,0.642017,0.804614,0.641142,0.804614,0.7756678000000006,0.7474852999999999
2024-03-12,0.812288,0.87214,0.800138,0.860248,0.7857378000000005,0.7627084
2024-03-13,0.743143,0.773332,0.64026,0.773332,0.7862066000000005,0.7643455999999998
2024-03-14,0.657679,0.815029,0.657679,0.802137,0.7988400000000005,0.7749442
2024-03-15,0.78809,0.80622,0.746089,0.772272,0.8025206000000006,0.7765438999999998
2024-03-18,0.61886,0.783412,0.617688,0.783412,0.7982802000000004,0.7869739999999998
2024-03-19,0.843102,0.898646,0.803953,0.898646,0.8059598000000004,0.7958487999999999
2024-03-20,0.73236,0.805731,0.670522,0.805728,0.8124390000000006,0.7993227999999999
2024-03-21,0.640287,0.760523,0.640287,0.760517,0.8041150000000006,0.8014774999999998
2024-03-22,0.775328,0.928204,0.775328,0.885993,0.8268592000000006,0.8146899
2024-03-25,0.671154,0.785583,0.647726,0.785583,0.8272934000000005,0.8127867999999999
2024-03-26,0.572945,0.770282,0.572945,0.769982,0.8015606000000005,0.8037601999999998
2024-03-27,0.614894,0.755547,0.611465,0.755438,0.7915026000000006,0.8019708
2024-03-28,0.69123,0.78463,0.657158,0.739353,0.7872698000000006,0.7956923999999999
2024-04-01,0.592365,0.748797,0.59144,0.741666,0.7584044000000005,0.7926317999999999
2024-04-02,0.979879,1.000842,0.803779,0.810517,0.7633912000000005,0.7953423
2024-04-03,0.691799,0.805735,0.683442,0.801961,0.7697870000000006,0.7856737999999999
2024-04-04,0.656389,0.871728,0.656389,0.871643,0.7930280000000005,0.7922652999999998
2024-04-05,0.785018,0.94838,0.77455,0.946574,0.8344722000000004,0.8108709999999999
2024-04-08,0.577809,0.781773,0.567211,0.781773,0.8424936000000004,0.8004489999999999
2024-04-09,0.636712,0.816458,0.636712,0.816322,0.8436546000000005,0.8035228999999999
2024-04-10,0.872795,1.009453,0.827464,1.009453,0.8851530000000004,0.8274700000000001
2024-04-11,0.725852,0.894164,0.724489,0.893699,0.8895642000000006,0.8412961000000001
2024-04-12,0.67757,0.800354,0.657881,0.796767,0.8596028000000006,0.8470375000000001
2024-04-15,0.674148,0.908794,0.674148,0.908794,0.8850070000000005,0.8637503000000002
2024-04-16,0.760551,0.943908,0.760551,0.943679,0.9104784000000004,0.8770665000000001
2024-04-17,0.794263,1.192015,0.788384,1.191987,0.9469852,0.9160691000000002
2024-04-18,0.880636,0.96868,0.848463,0.968669,0.9619792,0.9257717000000001
2024-04-19,0.938079,0.979893,0.91245,0.979848,0.9985953999999999,0.9290991000000002
2024-04-22,0.813285,0.855354,0.766597,0.855354,0.9879073999999999,0.9364572000000001
2024-04-23,0.718486,0.883885,0.681169,0.883843,0.9759402000000001,0.9432093000000001
2024-04-24,0.782887,0.920268,0.774227,0.920268,0.9215964000000001,0.9342908000000001
2024-04-25,1.01156,1.01156,0.823051,0.847641,0.8973908000000002,0.9296850000000001
2024-04-26,0.725577,0.772929,0.69864,0.772923,0.8560058000000001,0.9273006000000003
2024-04-29,0.610967,0.76419,0.593674,0.764171,0.8377692000000001,0.9128383000000001
2024-04-30,0.694699,0.833748,0.694699,0.802631,0.8215268000000002,0.8987335000000002
2024-05-01,0.768517,0.93228,0.717346,0.93228,0.8239292000000003,0.8727628000000001
2024-05-02,0.650086,0.768521,0.649099,0.751207,0.8046424000000002,0.8510166000000001
2024-05-03,0.728249,0.797579,0.668749,0.797551,0.8095680000000002,0.8327869000000001
2024-05-06,0.591939,0.878281,0.591939,0.871619,0.8310576000000001,0.8344134000000001
2024-05-07,0.665931,0.888417,0.665931,0.880562,0.8466438000000002,0.8340853000000001
2024-05-08,0.870233,0.870233,0.791558,0.835039,0.8271956000000003,0.8255623999999999
2024-05-09,0.748074,0.796519,0.695134,0.707693,0.8184928000000002,0.8115676000000001
2024-05-10,0.576533,0.778679,0.574055,0.778679,0.8147184000000003,0.8121432000000001
2024-05-13,0.595573,0.686632,0.538344,0.67766,0.7759266000000002,0.8034921
2024-05-14,0.439561,0.691634,0.439561,0.691634,0.7381410000000003,0.7923924
2024-05-15,0.666312,0.786772,0.666312,0.764235,0.7239802000000003,0.7755879
2024-05-16,0.58995,0.707944,0.58325,0.707944,0.7240304000000003,0.7712616
2024-05-17,0.614012,0.72653,0.614012,0.72653,0.7136006000000003,0.7641595
2024-05-20,0.589505,0.791968,0.589505,0.791968,0.7364622000000003,0.7561943999999999
2024-05-21,0.554215,0.719734,0.554215,0.719734,0.7420822000000002,0.7401116
2024-05-22,0.631332,0.794395,0.612349,0.794395,0.7481142000000002,0.7360472
2024-05-23,0.712223,0.799466,0.680574,0.794565,0.7654384000000002,0.7447344
2024-05-24,0.711349,0.8699,0.706585,0.869864,0.7941052000000003,0.7538529
2024-05-28,0.595243,0.725519,0.595243,0.725517,0.7808150000000003,0.7586386
2024-05-29,0.976341,0.976341,0.822195,0.908878,0.8186438000000003,0.780363
2024-05-30,0.635488,0.798505,0.610285,0.798505,0.8194658000000002,0.78379
2024-05-31,0.659356,0.757082,0.659356,0.686835,0.7979198000000003,0.7816791000000001
2024-06-03,0.544713,0.763018,0.544713,0.741791,0.7723052000000002,0.7832052
2024-06-04,0.738531,0.898077,0.731883,0.882747,0.8037512000000003,0.7922831
2024-06-05,0.683091,0.79312,0.673822,0.793105,0.7805966000000002,0.7996202
2024-06-06,0.909544,0.909544,0.706804,0.714831,0.7638618000000003,0.7916638
2024-06-07,0.715245,0.778924,0.705104,0.778924,0.7822796000000003,0.7900997000000001
2024-06-10,0.723247,0.745145,0.684516,0.693378,0.7725970000000002,0.7724511000000001
2024-06-11,0.759441,0.78633,0.710892,0.737606,0.7435688000000003,0.7736600000000001
2024-06-12,0.588682,0.674366,0.584424,0.674366,0.7198210000000003,0.7502088
2024-06-13,0.60124,0.778996,0.60124,0.768783,0.7306114000000001,0.7472366000000001
2024-06-14,0.676244,0.816402,0.645745,0.788304,0.7324874000000002,0.7573835000000001
2024-06-17,0.676244,0.816402,0.645745,0.74808,0.7434278000000002,0.7580124
2024-06-18,0.601513,0.685406,0.601513,0.672461,0.7303988000000001,0.7369838000000001
2024-06-20,0.564361,0.799354,0.554366,0.798476,0.7552208000000001,0.7375209
2024-06-21,0.681542,0.762473,0.681542,0.747396,0.7509434000000001,0.7407774
2024-06-24,0.610483,0.724133,0.610153,0.724003,0.7380832,0.7352852999999999
2024-06-25,0.670052,0.743761,0.632326,0.743751,0.7372174000000001,0.7403226
2024-06-26,0.524242,0.645828,0.511913,0.645828,0.7318908000000001,0.7311448
2024-06-27,0.532678,0.703564,0.532405,0.703564,0.7129084000000001,0.7340646000000001
2024-06-28,0.529727,0.736345,0.51373,0.731275,0.7096842000000001,0.7303138
2024-07-01,0.612215,0.733031,0.608657,0.733031,0.7114898000000001,0.7247865
2024-07-02,0.618074,0.756994,0.605928,0.753078,0.7133552,0.7252863
2024-07-03,0.491228,0.643287,0.491228,0.643287,0.712847,0.7223689
2024-07-05,0.570892,0.661804,0.570892,0.661723,0.7044788000000001,0.7086935999999999
2024-07-08,0.466929,0.622777,0.466929,0.622777,0.6827791999999999,0.6962317
2024-07-09,0.466397,0.622593,0.466397,0.615508,0.6592746,0.6853821999999999
2024-07-10,0.529859,0.672066,0.528818,0.672066,0.6430722,0.6782137
2024-07-11,0.545584,0.677027,0.530076,0.677026,0.64982,0.6813335
2024-07-12,0.554967,0.670689,0.554967,0.670685,0.6516124,0.6780456000000001
2024-07-15,0.503452,0.651599,0.503452,0.651599,0.6573768,0.6700780000000001
2024-07-16,0.495269,0.640649,0.495269,0.630247,0.6603245999999999,0.6597996000000002
2024-07-17,0.645389,0.685758,0.614465,0.683795,0.6626704,0.6528713000000002
2024-07-18,0.549098,0.812641,0.542066,0.812629,0.6897909999999999,0.6698055
2024-07-19,0.697888,0.770533,0.686987,0.770533,0.7097606,0.6806865000000002
2024-07-22,0.506906,0.718981,0.504518,0.717932,0.7230272,0.6902020000000002
2024-07-23,0.601884,0.753136,0.599759,0.753136,0.747605,0.7039648000000002
2024-07-24,0.788732,0.830187,0.780962,0.830106,0.7768672000000001,0.7197688000000001
2024-07-25,0.742003,0.832388,0.7398,0.803976,0.7751366,0.7324638000000002
2024-07-26,0.647794,0.819229,0.643011,0.819204,0.7848708,0.7473157000000001
2024-07-29,0.518696,0.771971,0.518696,0.771971,0.7956786,0.7593529000000002
2024-07-30,0.641163,0.839116,0.641163,0.811244,0.8073001999999999,0.7774526000000002
2024-07-31,0.556168,0.732204,0.556168,0.715386,0.7843562000000001,0.7806117000000001
2024-08-01,0.629804,0.862489,0.627982,0.853212,0.7942034,0.7846700000000001
2024-08-02,0.882412,1.073416,0.870815,0.964712,0.8233050000000001,0.8040879000000001
2024-08-05,1.08581,1.109774,1.028165,1.109378,0.8907864,0.8432325
2024-08-06,0.767917,0.904033,0.76395,0.904033,0.9093441999999999,0.8583222000000001
2024-08-07,0.706356,0.951944,0.706356,0.951944,0.9566558000000001,0.8705060000000001
2024-08-08,0.712125,0.897411,0.712125,0.897364,0.9654862,0.8798448000000001
2024-08-09,0.712386,0.874262,0.712386,0.873982,0.9473402,0.8853226000000001
2024-08-12,0.683207,0.89394,0.683207,0.893922,0.9042489999999999,0.8975177000000001
2024-08-13,0.688016,0.833796,0.68353,0.83015,0.8894723999999998,0.8994082999999999
2024-08-14,0.659575,0.768207,0.644596,0.761138,0.8513111999999999,0.9039835
2024-08-15,0.658404,0.78324,0.647684,0.783216,0.8284815999999999,0.8969839000000001
2024-08-16,0.601768,0.731751,0.595722,0.729323,0.7995498,0.873445
2024-08-19,0.545015,0.683087,0.544728,0.683087,0.7573827999999999,0.8308159000000002
2024-08-20,0.489693,0.71644,0.488538,0.71638,0.7346288,0.8120506000000001
2024-08-21,0.565535,0.692491,0.556999,0.692463,0.7208938,0.7861025000000001
2024-08-22,0.560889,0.765072,0.560889,0.765072,0.717265,0.7728733000000002
2024-08-23,0.578567,0.727807,0.57584,0.718754,0.7151512,0.7573505000000001
2024-08-26,0.564704,0.747912,0.564704,0.747912,0.7281162,0.7427495000000002
2024-08-27,0.771992,0.800991,0.753703,0.772981,0.7394364000000001,0.7370326000000001
2024-08-28,0.683039,0.773939,0.654502,0.768049,0.7545536,0.7377237000000002
2024-08-29,0.579592,0.75399,0.568784,0.75399,0.7523372000000002,0.7348011000000001
2024-08-30,0.558939,0.755864,0.558939,0.722273,0.7530410000000002,0.7340961000000003
2024-09-03,0.712786,0.777635,0.695406,0.772084,0.7578754000000001,0.7429958000000003
2024-09-04,0.801204,0.86468,0.784019,0.861487,0.7755766000000002,0.7575065000000003
2024-09-05,0.672726,0.869669,0.672649,0.869513,0.7958694000000002,0.7752115000000003
2024-09-06,0.809817,0.933941,0.801343,0.894102,0.8238918000000002,0.7881145000000003
2024-09-09,0.647421,0.870707,0.647421,0.868558,0.8531488000000002,0.8030949000000003
2024-09-10,0.780303,0.930937,0.779716,0.886949,0.8761218000000002,0.8169986000000004
2024-09-11,0.721711,0.902355,0.721711,0.812764,0.8663772000000002,0.8209769000000003
2024-09-12,0.684469,0.826956,0.67991,0.826956,0.8578658000000001,0.8268676000000003
2024-09-13,0.569512,0.708017,0.566634,0.692637,0.8175728000000001,0.8207323000000002
2024-09-16,0.747897,0.776604,0.71471,0.748918,0.7936448,0.8233968000000003
2024-09-17,0.694317,0.743411,0.683474,0.739287,0.7641124,0.8201171000000003
2024-09-18,0.716175,0.797996,0.71163,0.75999,0.7535575999999999,0.8099674000000002
2024-09-19,0.782448,0.819766,0.729456,0.817069,0.7515802,0.8047230000000003
2024-09-20,0.713877,0.787541,0.713877,0.74877,0.7628068,0.7901898000000002
2024-09-23,0.594389,0.747143,0.594389,0.747143,0.7624518,0.7780483000000002
2024-09-24,0.512477,0.643797,0.506048,0.642442,0.7430828,0.7535976000000002
2024-09-25,0.646353,0.744128,0.634359,0.735607,0.7382062,0.7458819000000002
2024-09-26,0.527312,0.612189,0.525443,0.602977,0.6953878,0.7234840000000002
2024-09-27,0.623248,0.676594,0.591434,0.676573,0.6809483999999999,0.7218776000000002
2024-09-30,0.582195,0.717747,0.577425,0.699126,0.671345,0.7168984000000003
2024-10-01,0.836664,0.843569,0.683439,0.710888,0.6850341999999999,0.7140585000000003
2024-10-02,0.728298,0.728298,0.630853,0.705271,0.6789669999999999,0.7085866000000002
2024-10-03,0.688071,0.765155,0.663068,0.765154,0.7114024,0.7033951000000002
2024-10-04,0.762364,0.789203,0.733317,0.768298,0.7297473999999999,0.7053479000000001
2024-10-07,0.610201,0.682432,0.585153,0.677126,0.7253474,0.6983462000000001
2024-10-08,0.611975,0.72207,0.610918,0.72207,0.7275838,0.7063090000000002
2024-10-09,0.696746,0.766355,0.64306,0.756543,0.7378382,0.7084026000000001
2024-10-10,0.730729,0.774525,0.67756,0.774525,0.7397124,0.7255574000000001
2024-10-11,0.655862,0.711259,0.63276,0.711105,0.7282738,0.7290106000000002
2024-10-14,0.546733,0.668182,0.532845,0.66792,0.7264326000000001,0.7258900000000001
2024-10-15,0.545317,0.728957,0.535034,0.728934,0.7278054,0.7276946000000002
2024-10-16,0.628608,0.681656,0.609169,0.681656,0.712828,0.7253331000000002
2024-10-17,0.547865,0.758928,0.541468,0.758928,0.7097086000000001,0.7247105000000003
2024-10-18,0.540786,0.654046,0.540786,0.654045,0.6982966,0.7132852000000002
2024-10-21,0.573978,0.776737,0.548316,0.776737,0.72006,0.7232463000000002
2024-10-22,0.726687,0.752938,0.694426,0.746722,0.7236176000000001,0.7257115000000003
2024-10-23,0.643236,0.752583,0.627954,0.74999,0.7372844000000001,0.7250562000000003
2024-10-24,0.526771,0.726407,0.526771,0.72636,0.7307708,0.7202397000000003
2024-10-25,0.591015,0.757702,0.583103,0.757694,0.7515006000000001,0.7248986000000003
2024-10-28,0.574046,0.988376,0.574046,0.786209,0.753395,0.7367275000000003
2024-10-29,0.657743,0.725592,0.648637,0.72553,0.7491566,0.7363871000000003
2024-10-30,0.69972,0.737816,0.64952,0.737816,0.7467218,0.7420031000000004
2024-10-31,0.683937,0.771398,0.683937,0.76049,0.7535478,0.7421593000000003
2024-11-01,0.599821,0.83163,0.598553,0.83163,0.768335,0.7599178000000003
2024-11-04,0.76519,0.906071,0.740382,0.903982,0.7918896,0.7726423000000002
2024-11-05,0.683432,0.820785,0.668977,0.803444,0.8074724,0.7783145000000002
2024-11-06,0.57784,0.675314,0.573569,0.675302,0.7949695999999999,0.7708457000000003
2024-11-07,0.532812,0.638286,0.532812,0.638172,0.7705059999999999,0.7620269000000003
2024-11-08,0.544284,0.67666,0.544284,0.67666,0.7395119999999998,0.7539235000000003
2024-11-11,0.512491,0.585539,0.512491,0.585441,0.6758038,0.7338467000000003
2024-11-12,0.478629,0.656476,0.478629,0.656422,0.6463993999999998,0.7269359000000003
2024-11-13,0.494357,0.660641,0.494357,0.660616,0.6434621999999999,0.7192159000000002
2024-11-14,0.636407,0.886546,0.636407,0.886406,0.6931089999999998,0.7318075000000003
2024-11-15,0.808874,0.850479,0.780448,0.788136,0.7154041999999998,0.7274581000000003
2024-11-18,0.58153,0.660174,0.58153,0.660174,0.7303507999999997,0.7030773000000003
2024-11-19,0.70018,0.73912,0.688067,0.72342,0.7437503999999997,0.6950749000000004
2024-11-20,0.643917,0.685823,0.620574,0.66796,0.7452191999999997,0.6943407000000004
2024-11-21,0.626965,0.65374,0.584939,0.65374,0.6986859999999997,0.6958975000000004
2024-11-22,0.533196,0.637124,0.525352,0.637116,0.6684819999999997,0.6919431000000005
2024-11-25,0.519229,0.581413,0.516953,0.580222,0.6524915999999996,0.6914212000000004
2024-11-26,0.564566,0.731926,0.564566,0.731923,0.6541921999999996,0.6989713000000004
2024-11-27,0.587993,0.720569,0.584478,0.720569,0.6647139999999997,0.7049666000000004
2024-11-29,0.544548,0.631635,0.52739,0.545133,0.6429925999999996,0.6708393000000005
2024-12-02,0.523695,0.666908,0.521176,0.666908,0.6489509999999996,0.6587165000000004
2024-12-03,0.608153,0.692106,0.599955,0.692106,0.6713277999999996,0.6619097000000005
2024-12-04,0.585834,0.64442,0.579772,0.643941,0.6537313999999996,0.6539618000000005
2024-12-05,0.477896,0.6513,0.477896,0.6513,0.6398775999999996,0.6522958000000004
2024-12-06,0.555014,0.653056,0.536233,0.653056,0.6614621999999997,0.6522274000000005
2024-12-09,0.442532,0.637164,0.442532,0.637164,0.6555133999999996,0.6522322000000005
2024-12-10,0.5091,0.657613,0.50726,0.657586,0.6486093999999996,0.6599686000000003
2024-12-11,0.534782,0.664231,0.532934,0.664231,0.6526673999999997,0.6531994000000003
2024-12-12,0.555806,0.697666,0.554065,0.697666,0.6619405999999997,0.6509091000000004
2024-12-13,0.515583,0.684984,0.509894,0.683312,0.6679917999999997,0.6647270000000003
2024-12-16,0.543511,0.619283,0.531148,0.539439,0.6484467999999997,0.6519801000000004
2024-12-17,0.63105,0.704194,0.621343,0.703331,0.6575957999999996,0.6531026000000004
2024-12-18,0.513943,0.729924,0.494602,0.729918,0.6707331999999997,0.6617003000000005
2024-12-19,0.697701,0.933704,0.697701,0.933704,0.7179407999999997,0.6899407000000004
2024-12-20,0.817624,0.858891,0.71187,0.722164,0.7257111999999997,0.6968515000000004
2024-12-23,0.498132,0.671698,0.498132,0.665532,0.7509297999999996,0.6996883000000004
2024-12-24,0.659334,0.659334,0.58843,0.610339,0.7323313999999996,0.6949636000000005
2024-12-26,0.472207,0.698401,0.472207,0.698381,0.7260239999999997,0.6983786000000005
2024-12-27,0.681583,0.733615,0.640646,0.707398,0.6807627999999997,0.6993518000000004
2024-12-30,0.816859,0.823505,0.678426,0.744463,0.6852225999999997,0.7054669000000005
2024-12-31,0.571766,0.655897,0.565949,0.65588,0.6832921999999997,0.7171110000000004
2025-01-02,0.651663,0.760887,0.622034,0.747487,0.7107217999999997,0.7215266000000004
2025-01-03,0.514945,0.681628,0.510336,0.673986,0.7058427999999998,0.7159334000000003
2025-01-06,0.441507,0.646089,0.436911,0.646033,0.6935697999999997,0.6871663000000003
2025-01-07,0.509853,0.697348,0.506365,0.68625,0.6819271999999997,0.6835749000000003
2025-01-08,0.769073,0.839345,0.758091,0.823734,0.7154979999999996,0.6993951000000004
2025-01-10,0.796415,0.838645,0.772739,0.835203,0.7330411999999997,0.7218815000000003
2025-01-13,0.879004,0.879004,0.781961,0.828674,0.7639787999999997,0.7349108000000003
2025-01-14,0.582043,0.68144,0.578117,0.67817,0.7704061999999997,0.7319880000000002
2025-01-15,0.670721,0.704205,0.613087,0.7042,0.7739961999999997,0.7279617000000003
2025-01-16,0.641277,0.871133,0.641277,0.871122,0.7834737999999997,0.7494859000000004
2025-01-17,0.59806,0.62724,0.562301,0.62724,0.7418811999999997,0.7374612000000004
2025-01-21,0.541213,0.67093,0.541213,0.67093,0.7103323999999996,0.7371556000000004
2025-01-22,0.557967,0.642558,0.527827,0.642558,0.7032099999999997,0.7368081000000004
2025-01-23,0.611821,0.675756,0.585515,0.67194,0.6967579999999997,0.7353771000000003
2025-01-24,0.512024,0.641107,0.511339,0.641107,0.6507549999999996,0.7171144000000004
2025-01-27,0.78961,0.78961,0.732699,0.751967,0.6757003999999996,0.7087908000000004
2025-01-28,0.689969,0.689969,0.628403,0.631491,0.6678125999999996,0.6890725000000003
2025-01-29,0.664163,0.683437,0.61124,0.672779,0.6738567999999997,0.6885334000000004
2025-01-30,0.642471,0.646302,0.585772,0.644863,0.6684413999999996,0.6825997000000003
2025-01-31,0.619199,0.700861,0.585499,0.70086,0.6803919999999997,0.6655735000000003
2025-02-03,0.82877,0.881272,0.813467,0.845602,0.6991189999999997,0.6874097000000002
2025-02-04,0.55456,0.682898,0.55456,0.682898,0.7094003999999996,0.6886065000000002
2025-02-05,0.520032,0.654761,0.515362,0.654711,0.7057867999999996,0.6898218000000002
2025-02-06,0.569195,0.660287,0.563927,0.653832,0.7075805999999997,0.6880110000000002
2025-02-07,0.580433,0.691977,0.568703,0.691977,0.7058039999999995,0.6930980000000002
2025-02-10,0.586371,0.681926,0.57942,0.681926,0.6730687999999996,0.6860939000000001
2025-02-11,0.665195,0.715585,0.627266,0.715514,0.6795919999999998,0.6944962000000002
2025-02-12,0.698497,0.726972,0.698405,0.726963,0.6940423999999996,0.6999146000000003
2025-02-13,0.539762,0.681205,0.537278,0.681202,0.6995163999999996,0.7035485000000002
2025-02-14,0.487463,0.587566,0.478375,0.586366,0.6783941999999996,0.6920991000000003
2025-02-18,0.470792,0.604536,0.470792,0.603738,0.6627565999999996,0.6679127000000002
2025-02-19,0.615443,0.6906,0.608186,0.6906,0.6577737999999995,0.6686829000000003
2025-02-20,0.584789,0.684381,0.584789,0.678552,0.6480915999999995,0.6710670000000002
2025-02-21,0.563083,0.773219,0.55525,0.772621,0.6663753999999995,0.6829459000000002
2025-02-24,0.716203,0.845566,0.708245,0.816681,0.7124383999999996,0.6954163000000002
2025-02-25,0.778185,0.900073,0.778185,0.821395,0.7559697999999996,0.7093632000000002
2025-02-26,0.618302,0.736987,0.578818,0.736894,0.7652285999999996,0.7115012000000002
2025-02-27,0.680386,0.871936,0.677464,0.871934,0.8039049999999996,0.7259983000000002
2025-02-28,0.908258,0.908601,0.738773,0.842626,0.8179059999999996,0.7421407000000002
2025-03-03,0.6103,0.84101,0.600186,0.841008,0.8227713999999995,0.7676049000000001
2025-03-04,1.047059,1.090546,0.873557,0.882494,0.8349911999999996,0.7954805000000003
2025-03-05,0.773775,0.808229,0.690589,0.745201,0.8366525999999996,0.8009406000000002
2025-03-06,0.88279,0.88279,0.747606,0.846596,0.8315849999999996,0.8177450000000002
2025-03-07,0.759482,0.847002,0.724899,0.820394,0.8271385999999996,0.8225223000000002
2025-03-10,0.802687,0.842358,0.772487,0.839627,0.8268623999999996,0.8248169000000001
2025-03-11,0.664878,0.881554,0.659474,0.856603,0.8216841999999996,0.8283377000000002
2025-03-12,0.610432,0.823401,0.60647,0.821641,0.8369721999999996,0.8368124000000001
2025-03-13,0.734815,0.92517,0.734232,0.924819,0.8526167999999995,0.8421009000000002
2025-03-14,0.646211,0.810992,0.623813,0.805509,0.8496397999999996,0.8383892000000002
2025-03-17,0.626389,0.788519,0.626389,0.785855,0.8388853999999994,0.8328739000000001
2025-03-18,0.938706,0.938706,0.737814,0.7403,0.8156247999999995,0.8186545000000001
2025-03-19,0.722718,0.777527,0.677301,0.77746,0.8067885999999994,0.8218804000000002
2025-03-20,0.757156,0.937571,0.712115,0.937571,0.8093389999999996,0.8309779
2025-03-21,0.784219,0.807384,0.748688,0.75608,0.7994531999999996,0.8245465000000001
2025-03-24,0.653349,0.725056,0.608959,0.709434,0.7841689999999996,0.8115272000000001
2025-03-25,0.675508,0.772045,0.674666,0.766942,0.7894973999999996,0.8025611000000001
2025-03-26,0.728745,0.85626,0.728745,0.841272,0.8022597999999996,0.8045242000000001
2025-03-27,0.926474,0.930144,0.787249,0.834326,0.7816107999999996,0.7954749000000001
2025-03-28,0.816988,1.000717,0.813091,0.911549,0.8127045999999997,0.8060789000000002
2025-03-31,1.07209,1.07209,0.909845,0.935837,0.8579851999999996,0.8210771000000001
2025-04-01,0.743439,0.893375,0.739876,0.86744,0.8780847999999996,0.8337911
2025-04-02,0.950065,0.950065,0.779243,0.843833,0.8785969999999995,0.8404284000000001
2025-04-03,0.997385,1.068613,0.962689,1.068529,0.9254375999999997,0.8535242000000001
2025-04-04,1.290258,1.339369,1.093341,1.102006,0.9635289999999996,0.8881168
2025-04-07,1.14207,1.198783,0.963777,1.002675,0.9768965999999996,0.9174409000000001
2025-04-08,0.795326,1.065574,0.772363,1.06529,1.0164665999999998,0.9472756999999999
2025-04-09,0.948482,1.036708,0.877081,0.881586,1.0240171999999996,0.9513071
2025-04-10,0.868849,1.060651,0.868849,1.051535,1.0206183999999996,0.973028
2025-04-11,0.757559,0.78549,0.689379,0.726617,0.9455405999999995,0.9545348
2025-04-14,0.708723,0.856808,0.708723,0.856808,0.9163671999999995,0.9466319000000001
2025-04-15,0.718613,0.920319,0.695255,0.920272,0.8873635999999994,0.9519151000000001
2025-04-16,0.885116,1.050706,0.846416,1.050444,0.9211351999999995,0.9725762
2025-04-17,0.824314,0.933301,0.817465,0.845098,0.8798477999999994,0.9502330999999999
2025-04-21,0.832308,0.944389,0.832308,0.905564,0.9156371999999994,0.9305889
2025-04-22,0.672539,0.776914,0.672539,0.776913,0.8996581999999993,0.9080127000000001
2025-04-23,0.613398,0.841787,0.609986,0.841558,0.8839153999999994,0.8856395000000001
2025-04-24,0.702627,0.862028,0.690721,0.861861,0.8461987999999995,0.883667
2025-04-25,0.656832,0.730374,0.656832,0.730374,0.8232539999999993,0.8515509
2025-04-28,0.653368,0.836645,0.634755,0.810201,0.8041813999999994,0.8599092999999998
2025-04-29,0.663936,0.819985,0.652182,0.819985,0.8127957999999994,0.8562269999999998
2025-04-30,1.033644,1.076591,0.86623,0.877509,0.8199859999999994,0.8519506999999997
2025-05-01,0.647981,0.762373,0.643206,0.762373,0.8000883999999994,0.8231435999999999
2025-05-02,0.772294,0.782891,0.687638,0.727694,0.7995523999999994,0.8114031999999998
2025-05-05,0.814381,0.836613,0.771045,0.836613,0.8048347999999995,0.8045080999999998
2025-05-06,0.841252,0.919882,0.819126,0.83022,0.8068817999999995,0.8098387999999999
2025-05-07,0.617606,0.746,0.608791,0.735508,0.7784815999999996,0.7992337999999997
2025-05-08,0.538509,0.685598,0.537234,0.681602,0.7623273999999995,0.7812078999999997
2025-05-09,0.565624,0.677761,0.564153,0.672834,0.7513553999999996,0.7754538999999998
2025-05-12,0.606087,0.714344,0.589612,0.714344,0.7269015999999995,0.7658681999999997
2025-05-13,0.564576,0.665134,0.562661,0.665134,0.6938843999999996,0.7503830999999999
2025-05-14,0.454945,0.633789,0.454945,0.633789,0.6735405999999996,0.7260110999999998
2025-05-15,0.640545,0.778389,0.640195,0.778389,0.6928979999999996,0.7276126999999998
2025-05-16,0.512981,0.603821,0.512711,0.603821,0.6790953999999996,0.7152253999999998
2025-05-19,0.788421,0.788421,0.716401,0.769215,0.6900695999999995,0.7084855999999998
2025-05-20,0.578655,0.66416,0.578655,0.66416,0.6898747999999996,0.6918795999999998
2025-05-21,0.746909,0.784224,0.647169,0.78422,0.7199609999999995,0.6967507999999999
2025-05-22,0.696957,0.735502,0.609605,0.735502,0.7113835999999996,0.7021407999999998
2025-05-23,0.775872,0.781791,0.689498,0.767626,0.7441445999999996,0.7116199999999998
2025-05-27,0.624694,0.699523,0.561779,0.699523,0.7302061999999996,0.7101378999999999
2025-05-28,0.509191,0.691239,0.509191,0.691239,0.7356219999999996,0.7127484
2025-05-29,0.561647,0.728755,0.552705,0.728755,0.7245289999999996,0.7222449999999999
2025-05-30,0.797473,0.842739,0.749074,0.765647,0.7305579999999996,0.7209707999999999
2025-06-02,0.541601,0.755485,0.541601,0.755338,0.7281003999999995,0.7361224999999999
2025-06-03,0.55668,0.717627,0.554852,0.717602,0.7317161999999995,0.7309612
2025-06-04,0.539982,0.686806,0.539982,0.686806,0.7308295999999995,0.7332257999999999
2025-06-05,0.562152,0.789512,0.562152,0.787666,0.7426117999999995,0.7335704
2025-06-06,0.687855,0.799917,0.667094,0.744056,0.7382935999999996,0.7344258
2025-06-09,0.528398,0.649576,0.520695,0.649576,0.7171411999999996,0.7226208
2025-06-10,0.543726,0.663654,0.536621,0.663653,0.7063513999999996,0.7190338
2025-06-11,0.55193,0.631122,0.523308,0.620843,0.6931587999999996,0.7119942
2025-06-12,0.662477,0.780953,0.647969,0.77719,0.6910635999999997,0.7168376999999999
2025-06-13,0.676706,0.716702,0.629172,0.663052,0.6748627999999997,0.7065781999999999
2025-06-16,0.603045,0.744374,0.597074,0.744367,0.6938209999999996,0.7054810999999999
2025-06-17,0.681272,0.867263,0.640331,0.866168,0.7343239999999996,0.7203377
2025-06-18,0.688027,0.793162,0.626272,0.746703,0.7594959999999997,0.7263274
2025-06-20,0.567991,0.715931,0.567991,0.715926,0.7472431999999997,0.7191533999999999
2025-06-23,0.672063,0.814134,0.664359,0.813388,0.7773103999999997,0.7260866
2025-06-24,0.562008,0.729849,0.560645,0.729844,0.7744057999999997,0.7341134
2025-06-25,0.449757,0.65814,0.449757,0.65814,0.7328001999999996,0.7335621
2025-06-26,0.552194,0.656976,0.552194,0.656976,0.7148547999999997,0.7371753999999999
2025-06-27,0.55168,0.68131,0.541799,0.671849,0.7060393999999997,0.7266412999999999
2025-06-30,0.544576,0.64735,0.54339,0.613801,0.6661219999999997,0.7217161999999999
2025-07-01,0.625568,0.659497,0.567718,0.659443,0.6520417999999997,0.7132238
2025-07-02,0.565833,0.621139,0.545297,0.621139,0.6446415999999997,0.6887209
2025-07-03,0.508037,0.610606,0.508037,0.610096,0.6352655999999997,0.6750602
2025-07-07,0.655238,0.755651,0.626885,0.751732,0.6512421999999998,0.6786407999999999
2025-07-08,0.520662,0.666601,0.494724,0.666601,0.6618021999999997,0.6639621
2025-07-09,0.600074,0.665538,0.579643,0.63938,0.6577895999999998,0.6549157
2025-07-10,0.530146,0.629572,0.529609,0.629572,0.6594761999999996,0.6520589
2025-07-11,0.66309,0.667711,0.595776,0.667711,0.6709991999999997,0.6531324
2025-07-14,0.633087,0.687073,0.580055,0.687048,0.6580623999999997,0.6546523
2025-07-15,0.54856,0.669417,0.545218,0.669417,0.6586255999999997,0.6602139
2025-07-16,0.562348,0.705225,0.56211,0.692769,0.6693033999999998,0.6635465
2025-07-17,0.449603,0.653884,0.433311,0.653884,0.6741657999999997,0.6668210000000001
2025-07-18,0.520487,0.640368,0.510269,0.632205,0.6670645999999997,0.6690319
2025-07-21,0.465229,0.668634,0.465229,0.668634,0.6633817999999997,0.6607221
2025-07-22,0.583726,0.702694,0.583726,0.660401,0.6615785999999997,0.6601021
2025-07-23,0.564523,0.6524,0.564523,0.652399,0.6535045999999998,0.661404
2025-07-24,0.617807,0.703968,0.589813,0.703968,0.6635213999999998,0.6688436
2025-07-25,0.619376,0.706369,0.594785,0.706369,0.6783541999999997,0.6727094
2025-07-28,0.560978,0.65751,0.552314,0.656413,0.6759099999999998,0.6696459
2025-07-29,0.553729,0.712499,0.553729,0.712499,0.6863295999999998,0.6739541
2025-07-30,0.552486,0.71563,0.552486,0.71563,0.6989757999999998,0.6762402
2025-07-31,0.744725,0.758789,0.698469,0.754671,0.7091163999999999,0.6863189000000001
2025-08-01,0.900498,0.936201,0.822807,0.842929,0.7364283999999998,0.7073913000000001
2025-08-04,0.555365,0.765212,0.555365,0.765018,0.7581493999999998,0.7170297
2025-08-05,0.773283,0.774828,0.71027,0.772779,0.7702053999999998,0.7282675
2025-08-06,0.573599,0.703846,0.562344,0.703846,0.7678485999999998,0.7334121999999998
2025-08-07,0.49208,0.701086,0.49208,0.693317,0.7555777999999999,0.7323470999999999
2025-08-08,0.528926,0.69358,0.518856,0.693556,0.7257031999999999,0.7310657999999999
2025-08-11,0.578301,0.68046,0.551647,0.68046,0.7087915999999999,0.7334704999999999
2025-08-12,0.596237,0.696441,0.596237,0.689132,0.6920621999999998,0.7311338
2025-08-13,0.497922,0.631942,0.497922,0.631942,0.6776813999999999,0.7227649999999999
2025-08-14,0.631761,0.725551,0.629382,0.722275,0.683473,0.7195254
2025-08-15,0.548179,0.614217,0.548179,0.614161,0.667594,0.6966486
2025-08-18,0.52934,0.62744,0.527073,0.62744,0.6569900000000001,0.6828907999999999
2025-08-19,0.657084,0.711728,0.63136,0.711728,0.6615092,0.6767856999999999
2025-08-20,0.835037,0.871711,0.795289,0.803555,0.6958317999999999,0.6867566
2025-08-21,0.846702,0.897285,0.786604,0.855198,0.7224164,0.7029447
2025-08-22,0.618436,0.702042,0.612852,0.662396,0.7320634,0.6998287000000001
2025-08-25,0.607128,0.677218,0.603014,0.677148,0.742005,0.6994975000000001
2025-08-26,0.537422,0.669992,0.537422,0.669992,0.7336578,0.6975835
2025-08-27,0.591255,0.679289,0.554858,0.643217,0.7015902,0.6987110000000001
2025-08-28,0.627753,0.699599,0.622061,0.699599,0.6704704,0.6964433999999999
2025-08-29,0.645726,0.683561,0.639794,0.646745,0.6673402,0.6997017999999999
2025-09-02,0.767396,0.767396,0.693067,0.744048,0.6807202,0.7113626
2025-09-03,0.583431,0.662674,0.583431,0.658971,0.678516,0.7060869
2025-09-04,0.598563,0.74443,0.596072,0.74443,0.6987586,0.7001744
2025-09-05,0.622608,0.715908,0.622608,0.679137,0.6946662,0.6825682999999999
2025-09-08,0.516932,0.687454,0.516932,0.685487,0.7024146,0.6848773999999999
2025-09-09,0.598786,0.721806,0.598786,0.694008,0.6924066,0.6865633999999999
2025-09-10,0.54049,0.638316,0.52085,0.638315,0.6882754,0.6833956999999999
2025-09-11,0.700254,0.700254,0.633381,0.682668,0.675923,0.6873407999999999
2025-09-12,0.547742,0.617306,0.541129,0.586364,0.6573684,0.6760172999999999
2025-09-15,0.516756,0.597894,0.510408,0.558502,0.6319714,0.6671929999999999
2025-09-16,0.540148,0.630345,0.539653,0.60079,0.6133278,0.6528671999999999
2025-09-17,0.578126,0.676969,0.550437,0.673983,0.6204613999999999,0.6543683999999999
2025-09-18,0.575683,0.597322,0.537198,0.583416,0.600611,0.6382669999999998
2025-09-19,0.512118,0.588055,0.498271,0.588055,0.6009491999999999,0.6291587999999998
2025-09-22,0.555796,0.607788,0.530972,0.607788,0.6108063999999999,0.6213888999999998
2025-09-23,0.544936,0.651538,0.539637,0.651538,0.6209559999999998,0.6171418999999998
2025-09-24,0.541043,0.656813,0.539817,0.656813,0.6175219999999999,0.6189916999999998
2025-09-25,0.818411,0.818411,0.69496,0.720363,0.6449114,0.6227611999999999
2025-09-26,0.496002,0.650693,0.496002,0.650487,0.6573977999999999,0.6291734999999998
2025-09-29,0.495589,0.605458,0.491524,0.605458,0.6569318,0.6338690999999999
2025-09-30,0.598027,0.677001,0.588489,0.677001,0.6620244,0.6414901999999999
2025-10-01,0.504169,0.598234,0.498935,0.598231,0.650308,0.6339149999999998
2025-10-02,0.600661,0.656091,0.588023,0.604992,0.6272338,0.6360725999999998
2025-10-03,0.494582,0.64759,0.48777,0.647424,0.6266212,0.6420094999999998
2025-10-06,0.491521,0.565589,0.487515,0.565589,0.6186473999999998,0.6377895999999998
2025-10-07,0.47326,0.65702,0.466008,0.647854,0.612818,0.6374211999999998
2025-10-08,0.53976,0.585082,0.525919,0.585064,0.6101846,0.6302462999999998
2025-10-09,0.661858,0.665477,0.618065,0.646595,0.6185052,0.6228694999999997
2025-10-10,0.432915,0.776664,0.432915,0.776598,0.64434,0.6354805999999997
2025-10-13,0.516183,0.630573,0.507868,0.630573,0.6573368,0.6379920999999997
2025-10-14,0.725295,0.725295,0.625211,0.644544,0.6566748,0.6347463999999997
2025-10-15,0.485922,0.621088,0.484128,0.621088,0.6638796,0.6370320999999997
2025-10-16,0.538563,0.751894,0.531134,0.751893,0.6849392,0.6517221999999997
2025-10-17,0.679492,0.810015,0.645836,0.810015,0.6916226,0.6679812999999998
2025-10-20,0.528143,0.696994,0.514251,0.696994,0.7049068000000001,0.6811217999999997
2025-10-21,0.612392,0.706885,0.612392,0.706881,0.7173742000000001,0.6870244999999996
2025-10-22,0.642026,0.720146,0.60258,0.707927,0.734742,0.6993107999999996
2025-10-23,0.53536,0.69818,0.528024,0.69818,0.7239994000000001,0.7044692999999996
2025-10-24,0.541683,0.700847,0.541207,0.700767,0.7021498,0.6968861999999996
2025-10-27,0.542638,0.621173,0.525443,0.621173,0.6869856000000001,0.6959461999999996
2025-10-28,0.479577,0.617151,0.479577,0.61147,0.6679033999999999,0.6926387999999996
2025-10-29,0.450961,0.64295,0.450961,0.642941,0.6549061999999999,0.6948240999999996
2025-10-30,0.598129,0.711427,0.576703,0.711427,0.6575555999999999,0.6907774999999996
2025-10-31,0.620116,0.702268,0.605582,0.698019,0.657006,0.6795778999999996
2025-11-03,0.618163,0.721317,0.597034,0.721317,0.6770347999999999,0.6820101999999995
2025-11-04,0.736684,0.749218,0.697609,0.749203,0.7045813999999999,0.6862423999999996
2025-11-05,0.639371,0.684445,0.578398,0.684445,0.7128821999999999,0.6838941999999995
2025-11-06,0.597174,0.748829,0.586996,0.748828,0.7203624000000001,0.6889589999999994
2025-11-07,0.853572,0.853572,0.780905,0.791022,0.738963,0.6979844999999993
2025-11-10,0.522059,0.651242,0.522059,0.651173,0.7249342000000001,0.7009844999999995
2025-11-11,0.6904,0.712252,0.632704,0.688985,0.7128905999999999,0.7087359999999994
2025-11-12,0.555504,0.642293,0.555504,0.615489,0.6990993999999999,0.7059907999999995
2025-11-13,0.743761,0.743761,0.688995,0.742081,0.69775,0.7090561999999994
2025-11-14,0.77911,0.783009,0.730978,0.782778,0.6961012,0.7175320999999995
2025-11-17,0.597478,0.83133,0.578783,0.831219,0.7321104,0.7285222999999994
2025-11-18,0.73382,0.927474,0.73382,0.827115,0.7597364,0.7363134999999994
2025-11-19,0.604466,0.789537,0.604466,0.777791,0.7921968,0.7456480999999994
2025-11-20,0.682906,0.952483,0.649351,0.952349,0.8342504,0.7660001999999994
2025-11-21,0.838799,0.914872,0.816109,0.843366,0.846368,0.7712345999999993
2025-11-24,0.524311,0.72353,0.524311,0.723443,0.8248127999999999,0.7784615999999993
2025-11-25,0.823384,0.882991,0.759568,0.800167,0.8194231999999999,0.7895797999999993
2025-11-26,0.549177,0.705255,0.54531,0.705255,0.8049159999999999,0.7985563999999993
2025-11-28,0.482015,0.578925,0.480395,0.578925,0.7302311999999999,0.7822407999999993
2025-12-01,0.741269,0.742651,0.675496,0.742649,0.7100877999999999,0.7782278999999993
2025-12-02,0.535483,0.677494,0.535483,0.677416,0.7008823999999999,0.7628475999999993
2025-12-03,0.598353,0.717736,0.593122,0.717722,0.6843933999999999,0.7519082999999993
2025-12-04,0.597499,0.664729,0.597499,0.655083,0.6743589999999998,0.7396374999999993
2025-12-05,0.580201,0.685422,0.574805,0.669436,0.6924611999999998,0.7113461999999993
2025-12-08,0.591311,0.681782,0.588976,0.673746,0.6786805999999999,0.6943841999999993
2025-12-09,0.628701,0.687866,0.617224,0.687866,0.6807705999999998,0.6908264999999993
2025-12-10,0.645048,0.700829,0.627527,0.690286,0.6752833999999999,0.6798383999999993
2025-12-11,0.612707,0.70293,0.612707,0.628931,0.6700529999999998,0.6722059999999994
2025-12-12,0.544571,0.689351,0.544571,0.647414,0.6656485999999998,0.6790548999999995
2025-12-15,0.653807,0.737833,0.489872,0.493281,0.6295555999999999,0.6541180999999994
2025-12-16,0.845449,0.859842,0.754419,0.790027,0.6499877999999999,0.6653792000000001
2025-12-17,0.718717,0.745406,0.653011,0.696946,0.6513197999999999,0.6633016
2025-12-18,0.654886,0.869738,0.637693,0.768891,0.6793117999999998,0.6746824
2025-12-19,0.618367,0.795323,0.618367,0.737959,0.6974207999999998,0.6815347
2025-12-22,0.536352,0.68878,0.536352,0.684551,0.7356747999999999,0.6826152000000001
2025-12-23,0.641438,0.768297,0.628979,0.768297,0.7313287999999998,0.6906583000000001
2025-12-24,0.598692,0.764759,0.592804,0.752756,0.7424907999999999,0.6969053000000001
2025-12-26,0.535908,0.705794,0.535908,0.673047,0.7233219999999998,0.7013169
2025-12-29,0.653883,0.775172,0.648973,0.716049,0.7189399999999998,0.7081804
2025-12-30,0.67188,0.706177,0.647713,0.694452,0.7209201999999999,0.7282975000000002
2025-12-31,0.748332,0.753834,0.658369,0.731309,0.7135225999999999,0.7224257000000002
2026-01-02,0.612789,0.674747,0.587013,0.674746,0.6979205999999999,0.7202057000000001
2026-01-05,0.548144,0.682415,0.548144,0.676,0.6985111999999999,0.7109166000000001
2026-01-06,0.54783,0.77163,0.53198,0.771626,0.7096265999999999,0.7142833000000002
2026-01-07,0.561082,0.734682,0.551225,0.734682,0.7176725999999999,0.7192964000000001
2026-01-08,0.683779,0.769433,0.641374,0.763191,0.7240489999999997,0.7187858000000001
2026-01-09,0.502057,0.695121,0.502057,0.694787,0.7280571999999998,0.7129889000000003
2026-01-12,0.569022,0.722933,0.566378,0.72293,0.7374431999999997,0.7179772000000002
2026-01-13,0.59294,0.710751,0.58942,0.70879,0.7248759999999999,0.7172513000000003
2026-01-14,0.649793,0.719844,0.629189,0.698791,0.7176977999999999,0.7176852000000002
2026-01-15,0.576519,0.883203,0.576519,0.88029,0.7411175999999998,0.7325833000000002
2026-01-16,0.581795,0.727362,0.572996,0.727362,0.7476325999999999,0.7378449000000002
2026-01-20,0.683732,0.743889,0.683732,0.743794,0.7518053999999998,0.7446243000000002
2026-01-21,0.605439,0.710123,0.580306,0.704033,0.7508539999999998,0.7378650000000002
2026-01-22,0.567952,0.70972,0.567952,0.70972,0.7530397999999997,0.7353688000000003
2026-01-23,0.647958,0.761269,0.641538,0.761199,0.7292215999999997,0.7351696000000002
2026-01-26,0.565515,0.783893,0.560103,0.783858,0.7405207999999996,0.7440767000000001
2026-01-27,0.624678,0.706282,0.621255,0.706282,0.7330183999999997,0.7424119000000002
2026-01-28,0.57075,0.690642,0.564776,0.690475,0.7303067999999997,0.7405804000000001
2026-01-29,0.642821,0.780114,0.642821,0.767487,0.7418601999999997,0.7474500000000002
2026-01-30,0.663699,0.792205,0.663699,0.783625,0.7463453999999997,0.7377835000000001
2026-02-02,0.714682,0.80605,0.689719,0.80605,0.7507837999999998,0.7456523000000002
2026-02-03,0.711746,0.801851,0.686113,0.795383,0.7686039999999997,0.7508112000000001
2026-02-04,0.603953,0.821186,0.603196,0.792628,0.7890345999999997,0.7596707000000003
2026-02-05,0.719293,0.948802,0.704862,0.948802,0.8252975999999999,0.7835789000000003
2026-02-06,0.640884,0.75355,0.623977,0.752941,0.8191607999999999,0.7827531000000003
2026-02-09,0.652284,0.730435,0.630063,0.730435,0.8040377999999997,0.7774108000000004
2026-02-10,0.745863,0.784556,0.694763,0.779649,0.8008909999999998,0.7847475000000004
2026-02-11,0.669512,0.812108,0.657978,0.763396,0.7950445999999998,0.7920396000000004
2026-02-12,0.703425,1.030922,0.703425,1.030889,0.8114619999999999,0.8183798
2026-02-13,0.859683,0.859683,0.74483,0.76175,0.8132237999999997,0.8161923
2026-02-17,0.685995,0.911038,0.685995,0.907722,0.8486811999999997,0.8263594999999999
2026-02-18,0.634696,0.849022,0.626176,0.835393,0.8598299999999999,0.8303605
2026-02-19,0.877334,1.002718,0.767532,0.992489,0.9056485999999998,0.8503466
2026-02-20,0.722362,0.832991,0.665855,0.828366,0.8651439999999997,0.838303
2026-02-23,0.730591,0.837005,0.730591,0.794964,0.8717867999999998,0.8425053
2026-02-24,0.645546,0.822355,0.643801,0.817812,0.8538047999999996,0.851243
2026-02-25,0.609691,0.734928,0.590008,0.734769,0.8336799999999996,0.8467550000000001
2026-02-26,0.79067,0.865235,0.767335,0.83831,0.8028441999999998,0.8542464000000001
2026-02-27,0.785384,0.80025,0.724954,0.790037,0.7951783999999997,0.8301612
2026-03-02,0.693575,0.863567,0.66896,0.863564,0.8088983999999997,0.8403425999999999
2026-03-03,0.876901,0.928775,0.852237,0.886343,0.8226045999999997,0.8382047
2026-03-04,0.642874,0.795758,0.614007,0.795758,0.8348023999999997,0.8342411999999999
2026-03-05,0.725655,0.867912,0.618541,0.850424,0.8372251999999998,0.8200346999999999
2026-03-06,0.899612,0.933911,0.82425,0.911729,0.8615635999999997,0.828371
2026-03-09,0.86242,0.948038,0.848277,0.870745,0.8629997999999997,0.8359491
2026-03-10,0.663024,0.893982,0.640264,0.893982,0.8645275999999997,0.8435661
2026-03-11,0.624472,0.818565,0.624472,0.813524,0.8680807999999998,0.8514416
2026-03-12,0.803627,0.871099,0.788054,0.860478,0.8700915999999997,0.8536584000000002
2026-03-13,0.624661,0.85063,0.612833,0.850618,0.8578693999999997,0.8597165
2026-03-16,0.674774,0.873337,0.673232,0.864639,0.8566481999999997,0.859824
2026-03-17,0.740371,0.924677,0.728747,0.924267,0.8627051999999997,0.8636164000000001
2026-03-18,0.822363,0.924889,0.807589,0.924593,0.8849189999999997,0.8764999000000001
2026-03-19,0.796382,1.050551,0.762685,1.020303,0.9168839999999998,0.8934878000000002
2026-03-20,0.74069,0.92313,0.74069,0.923006,0.9313615999999996,0.8946155000000001
2026-03-23,0.64396,0.821937,0.63896,0.821928,0.9228193999999996,0.8897338000000001
2026-03-24,0.867751,0.908759,0.850519,0.908759,0.9197177999999997,0.8912115000000002
2026-03-25,0.683934,0.864712,0.682424,0.862471,0.9072933999999997,0.8961062
2026-03-26,0.828803,0.909158,0.788317,0.908255,0.8848837999999997,0.9008839000000002
2026-03-27,0.873418,0.982902,0.833238,0.977164,0.8957153999999997,0.9135385000000001
2026-03-30,0.869292,0.948022,0.828146,0.947335,0.9207967999999997,0.9218081000000001
2026-03-31,0.805274,0.92111,0.776398,0.920675,0.9231799999999997,0.9214489
2026-04-01,0.791069,1.044337,0.791069,1.044337,0.9595531999999997,0.9334233000000001
2026-04-02,1.125859,1.125859,0.953027,0.978023,0.9735067999999997,0.9291953000000002
2026-04-06,0.767534,0.933542,0.743394,0.933541,0.9647821999999996,0.9302488
2026-04-07,1.077945,1.100941,0.955559,0.95584,0.9664831999999997,0.94364
2026-04-08,0.875028,0.94014,0.855714,0.930659,0.9684799999999996,0.9458300000000002
2026-04-09,0.960069,0.960069,0.841974,0.867681,0.9331487999999994,0.9463510000000002
2026-04-10,0.710636,0.788367,0.697421,0.788347,0.8952135999999996,0.9343602000000001
2026-04-13,0.844288,0.850272,0.711412,0.805698,0.8696449999999996,0.9172136
2026-04-14,0.532189,0.662235,0.529355,0.662225,0.8109219999999995,0.8887026
2026-04-15,0.512824,0.618655,0.512824,0.60626,0.7460421999999995,0.8572611
2026-04-16,0.552273,0.649941,0.542149,0.649941,0.7024941999999996,0.8178215000000002
2026-04-17,0.506481,0.610121,0.494599,0.610034,0.6668315999999995,0.7810226
2026-04-20,0.695705,0.806259,0.694926,0.751501,0.6559921999999995,0.7628186
2026-04-21,0.59735,0.818832,0.576399,0.818792,0.6873055999999995,0.7491137999999999
2026-04-22,0.607158,0.705821,0.58314,0.705821,0.7072177999999996,0.72663
2026-04-23,0.551613,0.800816,0.539,0.800807,0.7373909999999995,0.7199426
2026-04-24,0.579533,0.7289,0.579533,0.728854,0.7611549999999996,0.7139932999999999
2026-04-27,0.668963,0.727088,0.668963,0.72433,0.7557207999999995,0.7058565
2026-04-28,0.659175,0.77046,0.649032,0.751301,0.7422225999999996,0.7147641
2026-04-29,0.670014,0.739416,0.663823,0.735351,0.7481285999999996,0.7276732
2026-04-30,0.693796,0.704293,0.663784,0.700606,0.7280883999999995,0.7327397
2026-05-01,0.549285,0.669688,0.549285,0.669634,0.7162443999999996,0.7386997
2026-05-04,0.556998,0.742819,0.544964,0.742804,0.7199391999999996,0.73783
2026-05-05,0.566546,0.753053,0.566546,0.744855,0.7186499999999996,0.7304362999999999
2026-05-06,0.515653,0.629476,0.515653,0.629476,0.6974749999999996,0.7228017999999999
2026-05-07,0.498528,0.700981,0.498528,0.700981,0.6975499999999996,0.7128192
2026-05-08,0.512759,0.669274,0.504578,0.669274,0.6974779999999996,0.7068612
2026-05-11,0.513201,0.646576,0.505487,0.646559,0.6782289999999996,0.6990841
2026-05-12,0.6156,0.779404,0.6156,0.726403,0.6745385999999995,0.6965942999999999
2026-05-13,0.554034,0.624678,0.554034,0.597678,0.6681789999999996,0.682827
2026-05-14,0.442187,0.571212,0.437042,0.571212,0.6422251999999996,0.6698876
2026-05-15,0.726254,0.741906,0.665621,0.729453,0.6542609999999996,0.6758694999999999
2026-05-18,0.67377,0.711837,0.617556,0.707544,0.6664579999999996,0.6723435
2026-05-19,0.798917,0.815128,0.739602,0.785373,0.6782519999999996,0.6763953
2026-05-20,0.56451,0.62804,0.542185,0.62804,0.6843243999999996,0.6762517
2026-05-21,0.560361,0.656847,0.557773,0.655308,0.7011435999999995,0.6716844
2026-05-22,0.496675,0.642647,0.496675,0.642607,0.6837743999999996,0.6690177
2026-05-26,0.542845,0.623908,0.524994,0.623908,0.6670471999999995,0.6667525999999999
2026-05-27,0.582961,0.630047,0.553558,0.627849,0.6355423999999995,0.6568972000000001
2026-05-28,0.543313,0.639602,0.543313,0.639583,0.6378509999999995,0.6610877
2026-05-29,0.429243,0.554527,0.418761,0.554527,0.6176947999999995,0.6594192
2026-06-01,0.508215,0.584913,0.492189,0.584913,0.6061559999999996,0.6449652
2026-06-02,0.516968,0.600415,0.492863,0.600415,0.6014573999999995,0.6342523000000001
2026-06-03,0.626885,0.654255,0.591518,0.654254,0.6067383999999996,0.6211404
2026-06-04,0.625155,0.676679,0.609787,0.676679,0.6141575999999995,0.6260043000000002
2026-06-05,0.762578,0.863587,0.706948,0.863385,0.6759291999999995,0.6468120000000002
2026-06-08,0.69401,0.766152,0.670928,0.766152,0.7121769999999996,0.6591665000000002
2026-06-09,0.59075,0.922012,0.577917,0.878106,0.7677151999999996,0.6845863000000002
2026-06-10,0.604916,0.872228,0.588901,0.872226,0.8113095999999995,0.7090240000000002
2026-06-11,0.789851,0.849382,0.712927,0.81242,0.8384577999999996,0.7263077000000002
2026-06-12,0.613439,0.698897,0.613439,0.657371,0.7972549999999996,0.7365921000000002
2026-06-15,0.576543,0.711276,0.562646,0.711264,0.7862773999999996,0.7492272000000002
2026-06-16,0.591102,0.798912,0.580039,0.791921,0.7690403999999995,0.7683778000000002
2026-06-17,0.62681,0.868642,0.610665,0.864718,0.7675387999999994,0.7894242000000002
2026-06-18,0.659914,0.944736,0.650086,0.941819,0.7934185999999995,0.8159382000000003
2026-06-22,0.567269,0.756347,0.559618,0.756344,0.8132131999999995,0.8052341000000004
2026-06-23,0.860131,0.883444,0.767987,0.883049,0.8475701999999995,0.8169238000000003
2026-06-24,0.687358,0.865286,0.670395,0.864723,0.8621305999999993,0.8155855000000003
2026-06-25,0.875832,0.92804,0.829816,0.924744,0.8741357999999995,0.8208373000000003
2026-06-26,0.885677,0.899172,0.789994,0.892374,0.8642467999999994,0.8288327000000002
2026-06-29,0.577634,0.792775,0.566844,0.792775,0.8715329999999994,0.8423731000000002
2026-06-30,0.576374,0.747891,0.575523,0.747693,0.8444617999999995,0.8460160000000002
2026-07-01,0.625556,0.704028,0.581113,0.704027,0.8123225999999993,0.8372266000000002
2026-07-02,0.493901,0.776016,0.493901,0.775707,0.7825151999999994,0.8283255000000003
2026-07-06,0.5937,0.7105,0.569885,0.710437,0.7461277999999993,0.8051873000000003
2026-07-07,0.72529,0.866194,0.72529,0.799339,0.7474405999999993,0.8094868000000002
2026-07-08,0.756093,0.867336,0.74754,0.806403,0.7591825999999994,0.8018222000000002
2026-07-09,0.595215,0.722735,0.590037,0.722735,0.7629241999999994,0.7876234000000002
2026-07-10,0.532792,0.678305,0.5201,0.678011,0.7433849999999994,0.7629501000000002
2026-07-13,0.723021,0.856157,0.716186,0.856157,0.7725289999999994,0.7593284000000001
2026-07-14,0.636547,0.760107,0.62452,0.75998,0.7646571999999993,0.7560489000000001
2026-07-15,0.615716,0.739204,0.615716,0.739204,0.7512173999999993,0.7552000000000001
2026-07-16,0.803671,0.876386,0.710988,0.863412,0.7793527999999993,0.7711385000000001
2026-07-17,0.868798,0.868798,0.766991,0.857964,0.8153433999999994,0.7793642000000001
2026-07-20,0.644545,0.807831,0.64368,0.807831,0.8056781999999993,0.7891036000000001
2026-07-21,0.719213,0.8548,0.719213,0.8548,0.8246421999999993,0.7946497000000001
2026-07-22,0.697807,0.773694,0.643271,0.773691,0.8315395999999993,0.7913785000000002
2026-07-23,0.717564,0.87001,0.717564,0.87001,0.8328591999999994,0.8061060000000001
2026-07-24,0.754465,0.870506,0.710767,0.870506,0.8353675999999993,0.8253555
2026-07-27,0.745548,0.875297,0.745548,0.816221,0.8370455999999994,0.8213619000000001
2026-07-28,0.88889,0.912551,0.792897,0.828858,0.8318571999999993,0.8282497000000001
2026-07-29,0.828134,0.879481,0.801348,0.879337,0.8529863999999993,0.8422630000000002
2026-07-30,0.673116,0.824403,0.646973,0.824395,0.8438633999999994,0.8383613000000002
2026-07-31,0.766551,0.846195,0.766551,0.82526,0.8348141999999994,0.8350909000000002
2026-08-03,0.649998,0.704764,0.613671,0.704764,0.8125227999999993,0.8247842000000002
2026-08-04,0.540045,0.62263,0.536486,0.62263,0.7712771999999994,0.8015672000000003
2026-08-05,0.546395,0.748466,0.543764,0.748437,0.7450971999999995,0.7990418000000001
2026-08-06,0.713132,0.762197,0.6301,0.762197,0.7326575999999994,0.7882605000000001
2026-08-07,0.483273,0.65432,0.48309,0.654319,0.6984693999999994,0.7666418000000002
2026-08-10,0.654066,0.749961,0.610127,0.742821,0.7060807999999994,0.7593018
2026-08-11,0.719999,0.7883,0.687429,0.757597,0.7330741999999993,0.7521757000000001
2026-08-12,0.675796,0.753332,0.642309,0.726115,0.7286097999999994,0.7368535000000002
2026-08-13,0.56227,0.684763,0.552794,0.683688,0.7129079999999994,0.7227828000000002
2026-08-14,0.559224,0.733291,0.543025,0.708643,0.7237727999999993,0.7111211000000001
2026-08-17,0.746223,0.819461,0.710695,0.819461,0.7391007999999994,0.7225908000000001
2026-08-18,0.903043,0.934504,0.842172,0.858428,0.7592669999999995,0.7461706
2026-08-19,0.645219,0.702813,0.627351,0.671064,0.7482567999999994,0.7384333
2026-08-20,0.623115,0.841597,0.623115,0.841556,0.7798303999999995,0.7463692
2026-08-21,0.559942,0.651709,0.552576,0.651437,0.7683891999999994,0.746081
2026-08-24,0.726745,0.735293,0.635552,0.727036,0.7499041999999994,0.7445025000000001
2026-08-25,0.547909,0.669929,0.52897,0.639259,0.7060703999999995,0.7326687
2026-08-26,0.626409,0.746063,0.619098,0.744632,0.7207839999999994,0.7345204
2026-08-27,0.568212,0.678532,0.55511,0.677984,0.6880695999999995,0.73395
2026-08-28,0.564626,0.741535,0.561536,0.739116,0.7056053999999994,0.7369973000000001
2026-08-31,0.755635,0.784965,0.735712,0.778967,0.7159915999999994,0.7329479000000001
2026-09-01,0.794523,0.86763,0.715789,0.86763,0.7616657999999994,0.7338681
2026-09-02,0.665003,0.70655,0.581687,0.704231,0.7535855999999994,0.7371848000000001
2026-09-03,0.534886,0.717513,0.516289,0.717491,0.7614869999999995,0.7247783000000001
2026-09-04,0.604012,0.719574,0.593241,0.705283,0.7547203999999994,0.7301629000000001
2026-09-08,0.669139,0.721309,0.655659,0.721309,0.7431887999999993,0.7295902000000001
2026-09-09,0.601283,0.763049,0.601283,0.763049,0.7222725999999994,0.7419692000000001
2026-09-10,0.746124,0.875697,0.716328,0.87299,0.7560243999999994,0.7548050000000001
2026-09-11,0.587551,0.786692,0.575891,0.786692,0.7698645999999993,0.7656758
2026-09-14,0.718925,0.769372,0.66392,0.769372,0.7826823999999993,0.7687014000000001
2026-09-15,0.678123,0.816626,0.678123,0.813968,0.8012141999999993,0.7722015
2026-09-16,0.645705,0.835077,0.605833,0.830074,0.8146191999999994,0.7684459
2026-09-17,0.763605,0.84683,0.661328,0.835374,0.8070959999999994,0.7815602
2026-09-18,0.645284,0.766187,0.639468,0.728239,0.7954053999999994,0.7826350000000001
2026-09-21,0.594136,0.646918,0.577779,0.646889,0.7709087999999994,0.7767956
2026-09-22,0.545748,0.681299,0.545748,0.659194,0.7399539999999993,0.7705841
2026-09-23,0.673764,0.836166,0.673764,0.824288,0.7387967999999994,0.776708
2026-09-24,0.689223,0.827911,0.645105,0.793379,0.7303977999999993,0.7687468999999999
2026-09-25,0.5418,0.69417,0.534788,0.69417,0.7235839999999994,0.7594947