ticker,name,sector,industry,close,sma50,sma200,high_52w,pct_from_ath,pct_from_52w_high,avg_volume_50d,rs_1y,rs_6m,rs_3m,rs_composite,rs_label,eps_qtr_yoy,eps_prev_qtr_yoy,eps_annual_proxy,eps_source,eps_accelerating,rev_qtr_yoy,rev_source,roe,profit_margin,debt_to_equity,current_ratio,ttm_positive,data_quality,atr_pct,atr_pct_rank,atr_compressed,bb_kc_squeeze,passes_technical,passes_rs,passes_strict,passes_relaxed,pass_mode,tech_fail_reason,mrs_score,mrs_state,scan_date
KEYS,"Keysight Technologies, Inc.",Technology,Scientific & Technical Instruments,381.4200134277344,338.4280010986328,305.284249420166,388.0299987792969,-0.017034727655997894,-0.017034727655997894,1217856.0,1.068636519656254,0.03217356759541001,0.1522952940815132,1.5,STRUCTURAL LEADER,1.099099099099099,,1.091,stmt,,0.36538461538461536,stmt,0.20897,0.19143,0.42094000000000004,2.024,True,full,0.02546441566550667,0.02,True,False,True,True,True,True,STRICT,,0.68,,2026-10-08
EXPD,"Expeditors International of Washington, Inc.",Industrials,Integrated Freight & Logistics,190.85000610351562,186.0524005126953,162.9235019683838,194.1199951171875,-0.01684519418876884,-0.01684519418876884,1025432.0,0.4029846652167115,0.17562988254774048,0.07740897506154076,1.5,STRUCTURAL LEADER,0.5037037037037034,,0.515,stmt,,0.3206964102892848,stmt,0.4267,0.07634,0.26745,1.566,True,full,0.02169991162592109,0.58,False,False,True,True,True,True,STRICT,,0.68,,2026-10-08
PWR,"Quanta Services, Inc.",Industrials,Engineering & Construction,701.0700073242188,648.3307897949219,609.6027224731446,784.9856567382812,-0.10690086970855373,-0.10690086970855373,1042756.0,0.49044710832267935,0.0559410095022681,0.03267715377091851,1.5,STRUCTURAL LEADER,0.9545454545454544,,0.947,stmt,,0.4110419493143887,stmt,0.15337,0.04032,0.6778,1.098,True,full,0.030938707678919826,0.06,True,False,True,True,True,True,STRICT,,0.68,,2026-10-08
ADI,"Analog Devices, Inc.",Technology,Semiconductors,410.0799865722656,377.7344091796875,359.96455612182615,444.1268615722656,-0.0766602472083533,-0.0766602472083533,3464844.0,0.6022075807513594,0.02497181055361586,0.007574424699146043,1.5,STRUCTURAL LEADER,1.6285714285714283,,1.635,stmt,,0.3963239858517096,stmt,0.12227,0.29787,0.27314,1.25,True,full,0.02697558337457453,0.12,True,False,True,True,True,True,STRICT,,0.68,,2026-10-08
P,"Everpure, Inc.",Technology,Computer Hardware,152.66000366210938,106.4868000793457,79.81629999160766,152.66000366210938,0.0,0.0,5191762.0,0.5626592670107975,1.3873890950076524,0.892311523093438,1.5,STRUCTURAL LEADER,0.5714285714285713,,0.5,stmt,,0.3773463940850312,stmt,0.17714001,0.05943,0.14622,1.511,True,full,0.04697274710828805,0.0,True,False,True,True,True,True,STRICT,,0.68,,2026-10-08
MRVL,"Marvell Technology, Inc.",Technology,Semiconductors,284.67999267578125,232.42819915771486,169.83205631256104,316.3519592285156,-0.10011623329273034,-0.10011623329273034,22013148.0,2.1061990655804594,1.2265793238930136,0.17518805222342881,1.5,STRUCTURAL LEADER,0.4782608695652174,,0.5,stmt,,0.3654852699267235,stmt,0.16523,0.27934998,0.28525,3.168,True,full,0.04564023254469863,0.04,True,False,True,True,True,True,STRICT,,0.68,,2026-10-08
VLO,Valero Energy Corporation,Energy,Oil & Gas Refining & Marketing,424.1000061035156,362.16400024414065,262.79166007995605,424.1000061035156,0.0,0.0,3070322.0,1.48014936405902,0.6705757284323848,0.4847036788010175,1.5,STRUCTURAL LEADER,4.535087719298246,,4.535,stmt,,0.4880390779216434,stmt,0.27637,0.05446,0.40148000000000006,1.636,True,full,0.03935730805831919,0.76,False,False,True,True,True,True,STRICT,,0.68,,2026-10-08
HPE,Hewlett Packard Enterprise Company,Technology,Communication Equipment,72.08999633789062,57.019856185913085,37.42083737373352,72.08999633789062,0.0,0.0,21391108.0,1.772116025244659,1.7702891679565684,0.4568681758097788,1.5,STRUCTURAL LEADER,4.3809523809523805,,4.102,stmt,,0.33679947460595444,stmt,0.10936,0.06666,0.76464,1.113,True,full,0.04763689157076063,0.02,True,False,True,True,True,True,STRICT,,0.68,,2026-10-08
AMD,"Advanced Micro Devices, Inc.",Technology,Semiconductors,645.8599853515625,522.6444006347656,381.31705032348634,649.4199829101562,-0.005481810927099651,-0.005481810927099651,22212894.0,1.879480170153103,1.580380651701616,0.12562830896291355,1.5,STRUCTURAL LEADER,1.5925925925925923,,1.595,stmt,,0.5011060507482108,stmt,0.10196,0.15577,0.06361,2.609,True,full,0.03670078689239,0.02,True,False,True,True,True,True,STRICT,,0.68,,2026-10-08
CRWD,"CrowdStrike Holdings, Inc.",Technology,Software - Infrastructure,265.44000244140625,225.23300018310547,155.83164993286132,278.8599853515625,-0.04812444816432693,-0.04812444816432693,9892836.0,1.0168254626066482,1.5412667255466894,0.38604524423903985,1.5,STRUCTURAL LEADER,1.129032258064516,,,stmt,,0.25830401932671315,stmt,0.01461,0.00834,0.15958,1.57,True,full,0.04090405433695073,0.14,True,False,True,True,True,True,STRICT,,0.68,,2026-10-08
DELL,Dell Technologies Inc.,Technology,Computer Hardware,578.9600219726562,497.9310021972656,299.25345119476316,588.4000244140625,-0.016043511301357838,-0.016043511301357838,7755490.0,2.712290160883949,2.056813358884715,0.3011788205102237,1.5,STRUCTURAL LEADER,2.726744186046512,,2.729,stmt,,0.5774785061794734,stmt,,0.07525,,0.962,True,partial,0.04394578673747454,0.0,True,False,True,True,True,True,STRICT,,0.68,,2026-10-08
PSX,Phillips 66,Energy,Oil & Gas Refining & Marketing,271.6199951171875,244.13894805908203,184.55363063812257,274.2099914550781,-0.009445302573210301,-0.009445302573210301,2938156.0,0.9386523614926168,0.5586931474006036,0.41762452296969776,1.5,STRUCTURAL LEADER,3.4604651162790696,,3.449,stmt,,0.5305944842901299,stmt,0.23452999,0.046609998,0.62884,1.32,True,full,0.03307929678243339,0.7,False,False,True,True,True,True,STRICT,,0.68,,2026-10-08
ANET,"Arista Networks, Inc.",Technology,Computer Hardware,215.8300018310547,195.88940002441407,160.2428498840332,215.8300018310547,0.0,0.0,6054556.0,0.3114247692794092,0.3288688283579706,0.12236297700007825,1.5,STRUCTURAL LEADER,0.35211267605633806,,0.357,stmt,,0.3768595791001451,stmt,0.31476,0.38371,,2.957,True,full,0.027884706816400706,0.0,True,False,True,True,True,True,STRICT,,0.68,,2026-10-08
APH,Amphenol Corporation,Technology,Electronic Components,87.55000305175781,81.86451675415039,74.2784553718567,88.62000274658203,-0.012074020104512861,-0.012074020104512861,12323170.0,0.2418180054019572,0.1267712440200619,0.07049488088283606,1.5,STRUCTURAL LEADER,0.5999999999999999,,0.593,stmt,,0.5838910829349407,stmt,0.38115,0.17729001,1.20415,1.888,True,full,0.029584228224357315,0.1,True,False,True,True,True,True,STRICT,,0.68,,2026-10-08
MPC,Marathon Petroleum Corporation,Energy,Oil & Gas Refining & Marketing,442.260009765625,372.79145385742186,264.5418290710449,442.260009765625,0.0,0.0,2641382.0,1.1734491575552484,0.8426919201512186,0.5308934760702473,1.5,STRUCTURAL LEADER,3.484848484848485,,3.48,stmt,,0.5383295363768159,stmt,0.42099,0.05549,1.33328,1.25,True,full,0.037103266169992474,0.74,False,False,True,True,True,True,STRICT,,0.68,,2026-10-08
BE,Bloom Energy Corporation,Industrials,Electrical Equipment & Parts,291.2900085449219,242.83200073242188,210.56855072021483,345.8500061035156,-0.15775624286750345,-0.15775624286750345,15780748.0,2.210644730807939,0.6701717567915233,0.15877937272146658,1.5,STRUCTURAL LEADER,4.777777777777779,,,stmt,,1.6551682027305217,stmt,0.22213,0.07868,1.71578,4.087,True,full,0.06874936887241247,0.32,True,False,True,True,True,True,STRICT,,0.68,,2026-10-08
AAPL,Apple Inc.,Technology,Consumer Electronics,336.6700134277344,322.2361981201172,289.73283279418945,341.07000732421875,-0.012900559421813229,-0.012900559421813229,44673436.0,0.14341780096750245,0.1458426036544258,0.03657475653619113,1.5,STRUCTURAL LEADER,0.29299363057324823,,0.287,stmt,,0.1635650176528138,stmt,1.4875101,0.27618998,0.78445,1.003,True,full,0.018581148474514166,0.0,True,False,True,True,False,True,RELAXED,,0.68,,2026-10-08
FTNT,"Fortinet, Inc.",Technology,Software - Infrastructure,189.27999877929688,165.845,120.19009986877441,191.27000427246094,-0.010404169230473492,-0.010404169230473492,4619078.0,1.0548343242957363,1.1977273615735828,0.16964646475427014,1.5,STRUCTURAL LEADER,0.456140350877193,,0.439,stmt,,0.2563803680981595,stmt,1.17442,0.28173,0.36194000000000004,1.282,True,full,0.030865086143129366,0.0,True,False,True,True,True,True,STRICT,,0.68,,2026-10-08
MU,"Micron Technology, Inc.",Technology,Semiconductors,1088.0,967.1626000976562,693.9552648925782,1213.3734130859375,-0.10332632290588839,-0.10332632290588839,29791148.0,4.690871415931641,1.4326803753912285,0.07894261655604673,1.5,STRUCTURAL LEADER,13.810650887573965,,10.601,stmt,,3.4571551446081066,stmt,0.8826,0.63796,0.03743,3.314,True,full,0.040025610883696744,0.06,True,False,True,True,True,True,STRICT,,0.68,,2026-10-08
ZBRA,Zebra Technologies Corporation,Technology,Communication Equipment,386.04998779296875,357.64759826660156,269.07509941101074,386.04998779296875,-0.0832561534472378,0.0,669984.0,0.12732196289057396,0.581709828000494,0.3845382411965257,1.5,STRUCTURAL LEADER,1.2227272727272724,,1.215,stmt,,0.20417633410672853,stmt,0.15286,0.092180006,0.8623000000000001,0.516,True,full,0.026488046913560225,0.04,True,False,True,True,False,True,RELAXED,,0.68,,2026-10-08
NTAP,"NetApp, Inc.",Technology,Software - Infrastructure,235.77000427246094,195.8476007080078,140.07918956756592,235.77000427246094,0.0,0.0,2598460.0,0.8502984594318266,1.3229813382252396,0.36410774571981164,1.5,STRUCTURAL LEADER,0.646551724137931,,0.635,stmt,,0.29890955740859526,stmt,1.14818,0.19184999,1.69498,1.242,True,full,0.03474330024952579,0.04,True,False,True,True,True,True,STRICT,,0.68,,2026-10-08
DDOG,"Datadog, Inc.",Technology,Software - Application,271.3399963378906,246.19000091552735,186.88812538146973,288.1499938964844,-0.05833766411472707,-0.05833766411472707,4173478.0,0.581931518990936,1.3409017996405515,0.021528811442955265,1.5,STRUCTURAL LEADER,12.0,,14.985,stmt,,0.35644443369297013,stmt,0.04696,0.044770002,0.29259,3.205,True,full,0.04163278846119394,0.08,True,False,True,True,True,True,STRICT,,0.68,,2026-10-08
NVDA,NVIDIA Corporation,Technology,Semiconductors,237.47000122070312,220.4375048828125,201.34923851013184,239.24000549316406,-0.00739844604505957,-0.00739844604505957,120210114.0,0.11233179426138507,0.14526800489321712,0.09486813797762128,1.5,STRUCTURAL LEADER,1.287037037037037,,1.278,stmt,,1.0585114348672529,stmt,1.17211,0.63663,0.16971,4.589,True,full,0.021656866242081248,0.0,True,False,True,True,True,True,STRICT,,0.68,,2026-10-08
DVN,Devon Energy Corporation,Energy,Oil & Gas E&P,47.880001068115234,46.98748306274414,44.27154695510864,51.36956787109375,-0.06793062405615713,-0.06793062405615713,11174196.0,0.22918285235103641,-0.13527757094329762,0.10907905804115559,0.5,OUTPERFORMING,0.43661971830985924,,0.44,stmt,,0.7313258636788048,stmt,0.11522,0.17464,0.28488,0.717,True,full,0.03026912019363492,0.66,False,False,True,True,True,True,STRICT,,0.68,,2026-10-08
VEEV,Veeva Systems Inc.,Healthcare,Health Information Services,282.5,256.0851998901367,202.2086503601074,306.2200012207031,-0.0774606528840267,-0.0774606528840267,1746470.0,-0.25154770000343185,0.6495338954729983,0.4538486292923489,0.5,OUTPERFORMING,0.36585365853658536,,0.395,stmt,,0.17600474476004366,stmt,0.14425,0.29345,0.020409999999999998,5.458,True,full,0.030161814924739253,0.22,True,False,True,True,False,True,RELAXED,,0.68,,2026-10-08
PLTR,Palantir Technologies Inc.,Technology,Software - Infrastructure,194.1199951171875,173.72819885253907,152.22882465362548,207.17999267578125,-0.06303696312525464,-0.06303696312525464,33322734.0,-0.1084889954733832,0.33871073769421467,0.4989804723860045,0.5,OUTPERFORMING,2.1382842144304015,,2.154,stmt,,0.928334945705726,stmt,0.38097,0.49005002,0.02139,7.228,True,full,0.02834476451175063,0.0,True,False,True,True,True,True,STRICT,,0.68,,2026-10-08
XOM,ExxonMobil Holdings Corporation,Energy,Oil & Gas Integrated,164.0500030517578,160.83286346435546,148.40218608856202,169.32000732421875,-0.0311245218786802,-0.0311245218786802,13851786.0,0.3032856620020601,-0.0767188293892822,0.15682916506276112,0.5,OUTPERFORMING,1.1219512195121952,,1.128,stmt,,0.44103325490393447,stmt,0.12584,0.09072,0.15921,1.135,True,full,0.020350920384600405,0.1,True,False,True,True,True,True,STRICT,,0.68,,2026-10-08
MPWR,"Monolithic Power Systems, Inc.",Technology,Semiconductors,1425.97998046875,1311.3413427734374,1287.3578143310547,1684.8267822265625,-0.15363407353706515,-0.15363407353706515,718226.0,0.3442250071376092,-0.07691853465882392,0.023644023585774887,0.5,OUTPERFORMING,0.878136200716846,,0.858,stmt,,0.4755948923671405,stmt,0.21979,0.24500999,0.00486,4.975,True,full,0.03954858816757097,0.32,True,False,True,True,True,True,STRICT,,0.68,,2026-10-08
CSCO,"Cisco Systems, Inc.",Technology,Communication Equipment,117.38999938964844,111.77537384033204,97.5488117980957,129.0153350830078,-0.09010816958991497,-0.09010816958991497,19257634.0,0.558965181062798,0.27330611450688647,-0.060617501178593436,0.5,OUTPERFORMING,0.3802816901408451,,0.521,stmt,,0.17576501056362026,stmt,0.27319,0.20951,0.62017,0.931,True,full,0.02262662917236432,0.26,True,False,True,True,False,True,RELAXED,,0.68,,2026-10-08
TXN,Texas Instruments Incorporated,Technology,Semiconductors,288.9800109863281,271.384560546875,248.98069534301757,330.5873718261719,-0.12585889355060287,-0.12585889355060287,5909944.0,0.5003764437719513,0.20905294167551092,-0.09948065286583385,0.5,OUTPERFORMING,0.5222523175042124,,0.518,stmt,,0.22819244604316546,stmt,0.35176,0.31111,0.78036,4.857,True,full,0.026163452260500437,0.04,True,False,True,True,False,True,RELAXED,,0.68,,2026-10-08
TER,"Teradyne, Inc.",Technology,Semiconductor Equipment & Materials,411.7799987792969,380.47844360351564,338.46448875427245,483.6542053222656,-0.14860659899582174,-0.14860659899582174,2760706.0,1.7699517639374258,-0.017439736179791554,0.1134904116654234,0.5,OUTPERFORMING,3.8775510204081636,,3.858,stmt,,1.0389630513794939,stmt,0.36465,0.25766,0.02883,2.125,True,full,0.046489789798886,0.12,True,False,True,True,True,True,STRICT,,0.68,,2026-10-08
CVX,Chevron Corporation,Energy,Oil & Gas Integrated,205.14999389648438,202.97915405273437,185.06719764709473,217.77000427246094,-0.05795109578170898,-0.05795109578170898,8615626.0,0.20241459550377927,-0.05185564489186101,0.1410763556948611,0.5,OUTPERFORMING,3.2275862068965515,,3.219,stmt,,0.514343661971831,stmt,0.12231,0.09834,0.18959,1.252,True,full,0.01989833069767111,0.3,True,False,True,True,True,True,STRICT,,0.68,,2026-10-08
COP,ConocoPhillips,Energy,Oil & Gas E&P,129.83999633789062,128.5467381286621,115.9215605545044,141.22000122070312,-0.08058352063761465,-0.08058352063761465,6725160.0,0.23233306722131508,-0.08244013204352352,0.16664271261055985,0.5,OUTPERFORMING,1.0705128205128205,,1.07,stmt,,0.36825192802056556,stmt,0.1418,0.144,0.35639000000000004,1.542,True,full,0.023022853700530106,0.26,True,False,True,True,True,True,STRICT,,0.68,,2026-10-08
LLY,Eli Lilly and Company,Healthcare,Drug Manufacturers - General,1188.719970703125,1173.8859375,1073.097001953125,1280.3399658203125,-0.07155911520616065,-0.07155911520616065,2544184.0,0.24385331678826794,0.09950129878040026,-0.030504073320502867,0.5,OUTPERFORMING,0.26325349206349213,,0.262,stmt,,0.4766679521789433,stmt,1.02286,0.33528998,1.6207099999999999,1.355,True,full,0.028798678366700282,0.42,False,False,True,True,True,True,STRICT,,0.68,,2026-10-08
MSFT,Microsoft Corporation,Technology,Software - Infrastructure,529.760009765625,495.83607299804686,432.2397610473633,537.6464233398438,-0.014668401447234802,-0.014668401447234802,27310964.0,-0.15473751224906707,0.2768433253341027,0.34617734154463675,0.5,OUTPERFORMING,0.31693989071038253,,0.317,stmt,,0.1774702057796209,stmt,0.34039003,0.40305,0.29118,1.23,True,full,0.022494011236478043,0.52,False,False,True,True,False,True,RELAXED,,0.68,,2026-10-08
EW,EW,,,85.77999877929688,88.6836001586914,85.15165008544922,,,,,-0.055995318568325736,-0.06514776810790601,-0.10178718585244562,-1.5,STRUCTURAL LAGGARD,,,,,,,,,,,,,,,,False,False,False,False,False,False,,price_below_sma50,0.68,,2026-10-08
SYF,SYF,,,71.93000030517578,76.48710693359375,74.05817468643188,,,,,-0.14265848162971606,-0.14830980539862737,-0.03480773633874834,-1.5,STRUCTURAL LAGGARD,,,,,,,,,,,,,,,,False,False,False,False,False,False,,price_below_sma50,0.68,,2026-10-08
MAR,MAR,,,356.5,350.31610778808596,349.0517237854004,401.7236328125,-0.11257399146743163,-0.11257399146743163,1625792.0,0.16997194986014752,-0.13474671383300896,-0.08226783179422059,-0.5,UNDERPERFORMING,,,,,,,,,,,,,,,,False,False,True,False,False,False,,,0.68,,2026-10-08
MAA,MAA,,,114.20999908447266,126.67600036621094,128.96067543029784,,,,,-0.2958642286884354,-0.2179418792114739,-0.17784212320556925,-1.5,STRUCTURAL LAGGARD,,,,,,,,,,,,,,,,False,False,False,False,False,False,,price_below_sma50,0.68,,2026-10-08
DECK,DECK,,,80.37999725341797,86.68160018920898,100.95610008239746,,,,,-0.35371559886991044,-0.4166543791925993,-0.2736816278490124,-1.5,STRUCTURAL LAGGARD,,,,,,,,,,,,,,,,False,False,False,False,False,False,,price_below_sma50,0.68,,2026-10-08
MCD,MCD,,,230.8800048828125,256.0913989257813,285.16046096801756,,,,,-0.37488887819802874,-0.3926598467011956,-0.1852922380393347,-1.5,STRUCTURAL LAGGARD,,,,,,,,,,,,,,,,False,False,False,False,False,False,,price_below_sma50,0.68,,2026-10-08
IBM,IBM,,,220.50999450683594,231.71090576171875,251.6218483734131,,,,,-0.40421413200255196,-0.20563581086249827,-0.25972290895280714,-1.5,STRUCTURAL LAGGARD,,,,,,,,,,,,,,,,False,False,False,False,False,False,,price_below_sma50,0.68,,2026-10-08
PSKY,PSKY,,,,,,,,,,,,,0.0,NEUTRAL,,,,,,,,,,,,,,,,False,False,False,False,False,False,,insufficient_history,0.68,,2026-10-08
MS,MS,,,189.7100067138672,208.00095977783204,192.77205993652345,,,,,0.06980994287606057,-0.07246785714040493,-0.17388373503272758,-0.5,UNDERPERFORMING,,,,,,,,,,,,,,,,False,False,False,False,False,False,,price_below_sma50,0.68,,2026-10-08
NUE,NUE,,,246.44000244140625,255.02596801757812,214.97262817382813,,,,,0.6618779316724135,0.19691478685124353,0.0543924659141537,1.5,STRUCTURAL LEADER,,,,,,,,,,,,,,,,False,False,False,True,False,False,,price_below_sma50,0.68,,2026-10-08
HOOD,HOOD,,,109.51000213623047,106.44179962158204,94.24187492370605,152.4600067138672,-0.2817132538780752,-0.2817132538780752,,-0.4188456530764364,0.4128385178552956,-0.0540252108415894,-0.5,UNDERPERFORMING,,,,,,,,,,,,,,,,False,False,False,False,False,False,,too_far_from_52w_high_-28.2pct,0.68,,2026-10-08
TJX,TJX,,,138.8000030517578,139.6673063659668,151.55653888702392,,,,,-0.1892742205138167,-0.30228247601557645,-0.11202098786400039,-1.5,STRUCTURAL LAGGARD,,,,,,,,,,,,,,,,False,False,False,False,False,False,,price_below_sma50,0.68,,2026-10-08
V,Visa Inc.,Financial Services,Credit Services,372.1000061035156,369.0966485595703,336.92634185791013,384.1400146484375,-0.031342760675273085,-0.031342760675273085,6392134.0,-0.10980052480661029,0.06281670880835843,0.036206610738264366,0.5,OUTPERFORMING,0.10408921933085512,,0.102,stmt,,0.14362957137239482,stmt,0.6119,0.50782,0.67821,0.985,True,full,0.015938501158471712,0.4,False,False,True,True,False,False,,,0.68,,2026-10-08
CB,CB,,,334.70001220703125,340.4994213867187,328.5084403991699,,,,,-0.006362369691841563,-0.1374435862606358,-0.06689648562371286,-1.5,STRUCTURAL LAGGARD,,,,,,,,,,,,,,,,False,False,False,False,False,False,,price_below_sma50,0.68,,2026-10-08
STE,STE,,,209.67999267578125,222.92840362548827,226.40364639282225,,,,,-0.2986023847428396,-0.2061390695724694,-0.05835239826489602,-1.5,STRUCTURAL LAGGARD,,,,,,,,,,,,,,,,False,False,False,False,False,False,,price_below_sma50,0.68,,2026-10-08
LII,LII,,,358.42999267578125,389.81795471191407,481.4558712768555,,,,,-0.5050017299590713,-0.41090247648065836,-0.3802995646511169,-1.5,STRUCTURAL LAGGARD,,,,,,,,,,,,,,,,False,False,False,False,False,False,,price_below_sma50,0.68,,2026-10-08
OMC,OMC,,,74.87000274658203,80.76026046752929,76.79025539398194,,,,,-0.1964642517829317,-0.12796541017014862,-0.10882944549473828,-1.5,STRUCTURAL LAGGARD,,,,,,,,,,,,,,,,False,False,False,False,False,False,,price_below_sma50,0.68,,2026-10-08
NKE,NKE,,,34.36000061035156,38.26255363464355,47.42249645233154,,,,,-0.6590251809205709,-0.3526580527729587,-0.24944309666099884,-1.5,STRUCTURAL LAGGARD,,,,,,,,,,,,,,,,False,False,False,False,False,False,,price_below_sma50,0.68,,2026-10-08
FE,FE,,,44.58000183105469,45.9576375579834,46.75906517028809,,,,,-0.17492646519355193,-0.27265956345369513,-0.0925318150848875,-1.5,STRUCTURAL LAGGARD,,,,,,,,,,,,,,,,False,False,False,False,False,False,,price_below_sma50,0.68,,2026-10-08
AME,"AMETEK, Inc.",Industrials,Specialty Industrial Machinery,248.6199951171875,244.15689178466798,230.41211013793946,258.143798828125,-0.03689340497107407,-0.03689340497107407,1401956.0,0.20470646159526384,-0.08096290333720457,0.03206289069848167,0.5,OUTPERFORMING,0.14838709677419354,,0.142,stmt,,0.1497933698376204,stmt,0.14562,0.20044,0.20521999999999999,1.214,True,full,0.019941520278125662,0.1,True,False,True,True,False,False,,,0.68,,2026-10-08
DD,DD,,,131.0800018310547,134.72676818847657,136.8685636138916,,,,,0.17307489387256592,-0.21977490715232628,-0.054503063099999194,-0.5,UNDERPERFORMING,,,,,,,,,,,,,,,,False,False,False,False,False,False,,price_below_sma50,0.68,,2026-10-08
SNA,SNA,,,359.8900146484375,386.7271618652344,375.94689712524416,,,,,-0.07670956772324922,-0.19890388164183537,-0.13111730112680542,-1.5,STRUCTURAL LAGGARD,,,,,,,,,,,,,,,,False,False,False,False,False,False,,price_below_sma50,0.68,,2026-10-08
HD,HD,,,285.7699890136719,318.09608276367186,333.674739074707,,,,,-0.4143790817601849,-0.2948130961600953,-0.19350012209907919,-1.5,STRUCTURAL LAGGARD,,,,,,,,,,,,,,,,False,False,False,False,False,False,,price_below_sma50,0.68,,2026-10-08
KEY,KEY,,,19.829999923706055,21.561666793823242,21.254475164413453,,,,,-0.05264684545363463,-0.21504532583438485,-0.1728311214529541,-1.5,STRUCTURAL LAGGARD,,,,,,,,,,,,,,,,False,False,False,False,False,False,,price_below_sma50,0.68,,2026-10-08
COR,COR,,,317.25,317.70520935058596,316.8129080200195,,,,,-0.13859225938260455,-0.16089161362085025,0.015483826751284457,-0.5,UNDERPERFORMING,,,,,,,,,,,,,,,,False,False,False,False,False,False,,price_below_sma50,0.68,,2026-10-08
KLAC,KLAC,,,196.8300018310547,187.09132110595704,178.7101901626587,301.3693542480469,-0.3468811640713455,-0.3468811640713455,,0.6502379680927894,-0.0066182245469539325,-0.18093001473701464,-0.5,UNDERPERFORMING,,,,,,,,,,,,,,,,False,False,False,False,False,False,,too_far_from_52w_high_-34.7pct,0.68,,2026-10-08
IFF,International Flavors & Fragrances Inc.,Basic Materials,Specialty Chemicals,84.11000061035156,84.04439102172852,75.9313346862793,87.65511322021484,-0.04044387691288398,-0.04044387691288398,1660010.0,0.23499964409275953,0.01278485667300977,0.057950231060835966,1.5,STRUCTURAL LEADER,-0.9163179916317991,,-0.916,stmt,,0.018238665971860343,stmt,-0.05548,0.02569,0.44821,2.061,True,full,0.019837974141202978,0.26,True,False,True,True,False,False,,,0.68,,2026-10-08
PEP,PEP,,,123.7300033569336,135.30126556396485,144.24828819274902,,,,,-0.2596506301114644,-0.3465286990173839,-0.12179305437909915,-1.5,STRUCTURAL LAGGARD,,,,,,,,,,,,,,,,False,False,False,False,False,False,,price_below_sma50,0.68,,2026-10-08
LIN,LIN,,,483.9800109863281,478.2376440429687,484.5040618896484,,,,,-0.1311941796287297,-0.1810817256076519,-0.11551481351941595,-1.5,STRUCTURAL LAGGARD,,,,,,,,,,,,,,,,False,False,False,False,False,False,,sma50_below_sma200,0.68,,2026-10-08
DE,Deere & Company,Industrials,Farm & Heavy Construction Machinery,656.8699951171875,650.2401196289062,587.8731094360352,707.791015625,-0.07194358134490841,-0.07194358134490841,1251084.0,0.265459410109391,-0.08071843323991135,0.08991186952750008,0.5,OUTPERFORMING,0.073529411764706,,0.074,stmt,,0.048289909191207674,stmt,0.18242,0.10168,2.30298,2.132,True,full,0.027146057468543053,0.4,False,False,True,True,False,False,,,0.68,,2026-10-08
SRE,SRE,,,79.69000244140625,82.72530654907227,88.61039733886719,,,,,-0.3008573012240572,-0.337548145962945,-0.1789836658934728,-1.5,STRUCTURAL LAGGARD,,,,,,,,,,,,,,,,False,False,False,False,False,False,,price_below_sma50,0.68,,2026-10-08
O,O,,,53.349998474121094,59.504208374023435,60.415179538726804,,,,,-0.2300875374322503,-0.2820602977176315,-0.17788701798395845,-1.5,STRUCTURAL LAGGARD,,,,,,,,,,,,,,,,False,False,False,False,False,False,,price_below_sma50,0.68,,2026-10-08
HAL,HAL,,,31.75,33.90932899475098,35.236075973510744,,,,,0.1600511756500962,-0.2990042706176951,-0.1045368021441837,-0.5,UNDERPERFORMING,,,,,,,,,,,,,,,,False,False,False,False,False,False,,price_below_sma50,0.68,,2026-10-08
TTWO,TTWO,,,204.00999450683594,223.9423989868164,223.96050003051758,,,,,-0.39093927550007335,-0.1188193678047702,-0.1931981528422646,-1.5,STRUCTURAL LAGGARD,,,,,,,,,,,,,,,,False,False,False,False,False,False,,price_below_sma50,0.68,,2026-10-08
ABNB,ABNB,,,160.6300048828125,170.55599975585938,143.91697494506835,,,,,0.16617166733937672,0.09473855281975996,0.04875513945594445,1.5,STRUCTURAL LEADER,,,,,,,,,,,,,,,,False,False,False,True,False,False,,price_below_sma50,0.68,,2026-10-08
TRMB,TRMB,,,60.060001373291016,58.49900001525879,62.37289995193481,,,,,-0.4167100097680845,-0.2308448191095629,0.10501427582767464,-0.5,UNDERPERFORMING,,,,,,,,,,,,,,,,False,False,False,False,False,False,,sma50_below_sma200,0.68,,2026-10-08
WBD,WBD,,,,,,,,,,,,,0.0,NEUTRAL,,,,,,,,,,,,,,,,False,False,False,False,False,False,,insufficient_history,0.68,,2026-10-08
LHX,LHX,,,233.6300048828125,260.42204010009766,307.5135109710693,,,,,-0.3861549953012333,-0.49047633549458924,-0.22471801013859072,-1.5,STRUCTURAL LAGGARD,,,,,,,,,,,,,,,,False,False,False,False,False,False,,price_below_sma50,0.68,,2026-10-08
ALB,ALB,,,102.75,121.95452545166016,154.02763713836669,,,,,-0.026090599625376854,-0.5492066823121051,-0.2141561248718249,-1.5,STRUCTURAL LAGGARD,,,,,,,,,,,,,,,,False,False,False,False,False,False,,price_below_sma50,0.68,,2026-10-08
ZBH,ZBH,,,88.48999786376953,95.6701446533203,90.84791347503662,,,,,-0.2712245322310287,-0.19267407829626948,-0.06070489120168687,-1.5,STRUCTURAL LAGGARD,,,,,,,,,,,,,,,,False,False,False,False,False,False,,price_below_sma50,0.68,,2026-10-08
LOW,LOW,,,181.5399932861328,203.20800018310547,228.92875198364257,,,,,-0.40177692462507575,-0.4082697190817395,-0.16893572977514126,-1.5,STRUCTURAL LAGGARD,,,,,,,,,,,,,,,,False,False,False,False,False,False,,price_below_sma50,0.68,,2026-10-08
ESS,ESS,,,268.04998779296875,277.1595202636719,263.6420751953125,,,,,-0.11074494850509109,-0.05705223066267928,-0.11020663779717976,-1.5,STRUCTURAL LAGGARD,,,,,,,,,,,,,,,,False,False,False,False,False,False,,price_below_sma50,0.68,,2026-10-08
HPQ,HP Inc.,Technology,Computer Hardware,32.2400016784668,30.713042106628418,23.317561111450196,35.47999954223633,-0.09131899395637122,-0.09131899395637122,15286322.0,0.10211076202117542,0.643778560057684,0.3120125070938986,1.5,STRUCTURAL LEADER,-0.1111111111111112,,-0.113,stmt,,0.12525122021246052,stmt,,0.04143,,0.788,True,partial,0.03695498348133737,0.0,True,False,True,True,False,False,,,0.68,,2026-10-08
SYK,SYK,,,275.3999938964844,306.8519860839844,327.1540483093262,,,,,-0.4199673992104366,-0.3321125115691761,-0.19430836206797408,-1.5,STRUCTURAL LAGGARD,,,,,,,,,,,,,,,,False,False,False,False,False,False,,price_below_sma50,0.68,,2026-10-08
WMT,WMT,,,108.16000366210938,108.48269790649414,117.76653575897217,,,,,-0.11761025305921002,-0.3076996956972151,-0.080176752679469,-1.5,STRUCTURAL LAGGARD,,,,,,,,,,,,,,,,False,False,False,False,False,False,,price_below_sma50,0.68,,2026-10-08
FDS,FDS,,,272.7799987792969,282.45597290039063,247.1740293121338,,,,,-0.17143393184585398,0.13969682044330223,0.07598569708225633,0.5,OUTPERFORMING,,,,,,,,,,,,,,,,False,False,False,True,False,False,,price_below_sma50,0.68,,2026-10-08
SBUX,SBUX,,,93.58000183105469,101.6376759338379,98.03446727752686,,,,,0.006477218979314747,-0.17213588756283427,-0.14423723719095083,-0.5,UNDERPERFORMING,,,,,,,,,,,,,,,,False,False,False,False,False,False,,price_below_sma50,0.68,,2026-10-08
ERIE,ERIE,,,217.77000427246094,243.25645965576172,244.77600463867188,,,,,-0.4762147306230611,-0.29186679285272144,-0.161475519171143,-1.5,STRUCTURAL LAGGARD,,,,,,,,,,,,,,,,False,False,False,False,False,False,,price_below_sma50,0.68,,2026-10-08
CMG,CMG,,,30.770000457763672,34.564999961853026,34.78405007362366,,,,,-0.42268289853606444,-0.25025622357802335,-0.15914723427160182,-1.5,STRUCTURAL LAGGARD,,,,,,,,,,,,,,,,False,False,False,False,False,False,,price_below_sma50,0.68,,2026-10-08
MRK,"Merck & Co., Inc.",Healthcare,Drug Manufacturers - General,142.7899932861328,142.35431915283203,122.11001876831055,155.53192138671875,-0.08192484209658846,-0.08192484209658846,10089684.0,0.5036081177675347,0.030299333030670228,0.1305874398316793,1.5,STRUCTURAL LEADER,-1.3057727733806481,,,stmt,,0.0506769581171707,stmt,0.06961,0.047659997,1.2840799999999999,1.323,True,full,0.024726641909851577,0.46,False,False,True,True,False,False,,,0.68,,2026-10-08
SJM,SJM,,,115.93000030517578,121.97846893310548,107.34317775726318,,,,,-0.05791169878603486,0.13058683876497623,0.016479493872335604,0.5,OUTPERFORMING,,,,,,,,,,,,,,,,False,False,False,True,False,False,,price_below_sma50,0.68,,2026-10-08
HON,HON,,,208.11000061035156,219.34254455566406,229.02122192382814,,,,,-0.14689882928047227,-0.3011532466584267,-0.11016454647505491,-1.5,STRUCTURAL LAGGARD,,,,,,,,,,,,,,,,False,False,False,False,False,False,,price_below_sma50,0.68,,2026-10-08
FCX,Freeport-McMoRan Inc.,Basic Materials,Copper,71.86000061035156,71.13680015563965,63.814242630004884,79.91000366210938,-0.10073836419525595,-0.10073836419525595,13004780.0,0.6109341644763304,-0.06248614368654981,0.1388555340233364,0.5,OUTPERFORMING,0.27322887764337256,,0.281,stmt,,-0.07293590081772619,stmt,0.14755,0.113850005,0.32149,2.066,True,full,0.0339052128351101,0.02,True,False,True,True,False,False,,,0.68,,2026-10-08
GEHC,GEHC,,,64.66999816894531,68.90529968261718,70.97215154647827,,,,,-0.30426458316427407,-0.2614277385146455,-0.03195405251905448,-1.5,STRUCTURAL LAGGARD,,,,,,,,,,,,,,,,False,False,False,False,False,False,,price_below_sma50,0.68,,2026-10-08
EVRG,EVRG,,,80.30000305175781,81.09854690551758,80.12113643646241,,,,,-0.10445163090794396,-0.18162375785099838,-0.08735201342513899,-1.5,STRUCTURAL LAGGARD,,,,,,,,,,,,,,,,False,False,False,False,False,False,,price_below_sma50,0.68,,2026-10-08
HIG,HIG,,,126.91999816894531,135.13270812988281,134.71409538269043,,,,,-0.20857649419016144,-0.23665311969785052,-0.11350225294624494,-1.5,STRUCTURAL LAGGARD,,,,,,,,,,,,,,,,False,False,False,False,False,False,,price_below_sma50,0.68,,2026-10-08
CHD,CHD,,,96.75,98.22273422241211,95.72284465789795,,,,,-0.0852858816987152,-0.13641453140372772,-0.02494624116298061,-1.5,STRUCTURAL LAGGARD,,,,,,,,,,,,,,,,False,False,False,False,False,False,,price_below_sma50,0.68,,2026-10-08
WY,WY,,,18.56999969482422,22.607898788452147,23.70743715286255,,,,,-0.3859281134170133,-0.3873690176877983,-0.23287327187272489,-1.5,STRUCTURAL LAGGARD,,,,,,,,,,,,,,,,False,False,False,False,False,False,,price_below_sma50,0.68,,2026-10-08
VRSK,VRSK,,,168.67999267578125,181.3313150024414,188.31094909667968,,,,,-0.4817555560599699,-0.14782957113427497,-0.11975044592766482,-1.5,STRUCTURAL LAGGARD,,,,,,,,,,,,,,,,False,False,False,False,False,False,,price_below_sma50,0.68,,2026-10-08
PCG,PCG,,,12.789999961853027,15.104670352935791,16.36764443397522,,,,,-0.3742528551451768,-0.45755062247450373,-0.28408066007407995,-1.5,STRUCTURAL LAGGARD,,,,,,,,,,,,,,,,False,False,False,False,False,False,,price_below_sma50,0.68,,2026-10-08
EQT,EQT,,,52.310001373291016,52.784834213256836,55.23377834320068,,,,,-0.24814866428678617,-0.2640642301573225,0.04213285479284212,-0.5,UNDERPERFORMING,,,,,,,,,,,,,,,,False,False,False,False,False,False,,price_below_sma50,0.68,,2026-10-08
GD,GD,,,326.6300048828125,365.92100036621093,353.36225646972656,,,,,-0.20622635234758324,-0.19051955994169256,-0.16118103649427473,-1.5,STRUCTURAL LAGGARD,,,,,,,,,,,,,,,,False,False,False,False,False,False,,price_below_sma50,0.68,,2026-10-08
URI,URI,,,1037.43994140625,1061.1210412597657,949.2333572387695,,,,,-0.1161035378633497,0.20817733020676688,-0.08346293988543285,-0.5,UNDERPERFORMING,,,,,,,,,,,,,,,,False,False,False,False,False,False,,price_below_sma50,0.68,,2026-10-08
CRL,"Charles River Laboratories International, Inc.",Healthcare,Diagnostics & Research,300.29998779296875,280.56119934082034,211.62510025024415,310.7699890136719,-0.03369051578607385,-0.03369051578607385,976140.0,0.5913449165350757,0.561710919692247,0.25452214630847014,1.5,STRUCTURAL LEADER,-1.028301886792453,,,stmt,,-0.027183459528065612,stmt,-0.07516,-0.05963,1.05047,1.348,False,full,0.041613138833427384,0.9,False,False,True,True,False,False,,,0.68,,2026-10-08
COHR,COHR,,,334.55999755859375,301.218801574707,291.44915061950684,426.8900146484375,-0.2162852583138576,-0.2162852583138576,,1.7720207791507587,0.02841063398276944,-0.001053515367789748,0.5,OUTPERFORMING,,,,,,,,,,,,,,,,False,False,False,True,False,False,,too_far_from_52w_high_-21.6pct,0.68,,2026-10-08
CAH,CAH,,,232.16000366210938,232.3604736328125,217.55825492858887,,,,,0.3219503535255448,-0.06825380938351655,-0.04520324581857971,-0.5,UNDERPERFORMING,,,,,,,,,,,,,,,,False,False,False,False,False,False,,price_below_sma50,0.68,,2026-10-08
NWSA,NWSA,,,28.610000610351562,29.36147716522217,26.492084760665893,,,,,-0.1212664761323401,0.01848322277620862,0.01676725080673047,0.5,OUTPERFORMING,,,,,,,,,,,,,,,,False,False,False,True,False,False,,price_below_sma50,0.68,,2026-10-08
PGR,PGR,,,214.1199951171875,214.06092193603516,208.206455078125,234.36688232421875,-0.2160177099525965,-0.08638971089363257,2526438.0,-0.23903838117900666,-0.07667706660129125,-0.10355585605142736,-1.5,STRUCTURAL LAGGARD,,,,,,,,,,,,,,,,False,False,True,False,False,False,,,0.68,,2026-10-08
FISV,FISV,,,45.310001373291016,50.56480026245117,56.416500072479245,,,,,-0.8117519790063932,-0.34568633013139927,-0.13393808756460668,-1.5,STRUCTURAL LAGGARD,,,,,,,,,,,,,,,,False,False,False,False,False,False,,price_below_sma50,0.68,,2026-10-08
CSGP,CSGP,,,27.600000381469727,30.195399932861328,39.51544995307923,,,,,-0.8316552741171825,-0.4093628794532591,-0.05988171388099173,-1.5,STRUCTURAL LAGGARD,,,,,,,,,,,,,,,,False,False,False,False,False,False,,price_below_sma50,0.68,,2026-10-08
NEE,NEE,,,77.05999755859375,82.05001296997071,86.28420597076416,,,,,-0.2213816759551981,-0.3211380664384702,-0.14938703807801512,-1.5,STRUCTURAL LAGGARD,,,,,,,,,,,,,,,,False,False,False,False,False,False,,price_below_sma50,0.68,,2026-10-08
MSI,MSI,,,448.3299865722656,461.97391540527343,430.0924020385742,,,,,-0.18492150018323827,-0.13007323552120242,0.030868974085322964,-0.5,UNDERPERFORMING,,,,,,,,,,,,,,,,False,False,False,False,False,False,,price_below_sma50,0.68,,2026-10-08
TROW,TROW,,,104.06999969482422,108.27274917602539,101.61127307891846,,,,,-0.13851151831069952,0.00808538086263022,-0.14327690415412964,-0.5,UNDERPERFORMING,,,,,,,,,,,,,,,,False,False,False,False,False,False,,price_below_sma50,0.68,,2026-10-08
LULU,LULU,,,91.87999725341797,110.45860061645507,143.1993998336792,,,,,-0.6435101676083279,-0.5971140424724829,-0.26163751046034234,-1.5,STRUCTURAL LAGGARD,,,,,,,,,,,,,,,,False,False,False,False,False,False,,price_below_sma50,0.68,,2026-10-08
UBER,UBER,,,68.44999694824219,73.0763998413086,74.56965003967285,,,,,-0.4741893496518804,-0.1957028856898917,-0.11375620097682881,-1.5,STRUCTURAL LAGGARD,,,,,,,,,,,,,,,,False,False,False,False,False,False,,price_below_sma50,0.68,,2026-10-08
TYL,TYL,,,332.3399963378906,337.0350018310547,343.6507501220703,,,,,-0.48987979448735597,-0.12215790345636757,0.041810740841813354,-0.5,UNDERPERFORMING,,,,,,,,,,,,,,,,False,False,False,False,False,False,,price_below_sma50,0.68,,2026-10-08
ON,ON,,,82.51000213623047,76.53540008544923,80.91749994277954,,,,,0.5388049037344314,0.05578875008002382,-0.17221758594765835,0.5,OUTPERFORMING,,,,,,,,,,,,,,,,False,False,False,True,False,False,,sma50_below_sma200,0.68,,2026-10-08
AVGO,AVGO,,,376.510009765625,372.090166015625,366.8842976379394,479.9350891113281,-0.21549805732523164,-0.21549805732523164,,-0.04656555312061661,-0.08443830964266064,-0.08899531076128364,-1.5,STRUCTURAL LAGGARD,,,,,,,,,,,,,,,,False,False,False,False,False,False,,too_far_from_52w_high_-21.5pct,0.68,,2026-10-08
GEV,GEV,,,997.0900268554688,966.2736047363281,922.4621762084961,1174.8599853515625,-0.1513116122027922,-0.1513116122027922,2151030.0,0.4746854359609771,-0.1183560333734246,-0.11860920835679578,-0.5,UNDERPERFORMING,,,,,,,,,,,,,,,,False,False,True,False,False,False,,,0.68,,2026-10-08
WEC,WEC,,,103.18000030517578,105.68939407348633,109.81689838409424,,,,,-0.24779806693042838,-0.26516946389903995,-0.12670169868363557,-1.5,STRUCTURAL LAGGARD,,,,,,,,,,,,,,,,False,False,False,False,False,False,,price_below_sma50,0.68,,2026-10-08
BA,BA,,,188.32000732421875,210.89320007324218,220.50025009155274,,,,,-0.32511039440040757,-0.2931460830671002,-0.18483528820106698,-1.5,STRUCTURAL LAGGARD,,,,,,,,,,,,,,,,False,False,False,False,False,False,,price_below_sma50,0.68,,2026-10-08
JCI,Johnson Controls International plc,Industrials,Building Products & Equipment,155.92999267578125,146.57696533203125,137.5354224395752,158.75999450683594,-0.017825660928281528,-0.017825660928281528,3268986.0,0.2780648288783336,-0.043525449692818796,0.06287205299354914,0.5,OUTPERFORMING,0.14953271028037374,,0.153,stmt,,0.09286186384666226,stmt,0.14332,0.14319,0.70107,1.0,True,full,0.021837425109812066,0.14,True,False,True,True,False,False,,,0.68,,2026-10-08
VTRS,Viatris Inc.,Healthcare,Drug Manufacturers - Specialty & Generic,17.489999771118164,16.900236949920654,15.227657890319824,18.270000457763672,-0.04269297575819453,-0.04269297575819453,9248576.0,0.6119151574832653,0.15531825131942445,0.050991926366823925,1.5,STRUCTURAL LEADER,,,,,,0.04877027442003294,stmt,-0.02754,-0.02787,0.9553499999999999,1.585,False,partial,0.027321737407522292,0.6,False,False,True,True,False,False,,,0.68,,2026-10-08
IQV,IQVIA Holdings Inc.,Healthcare,Diagnostics & Research,258.1099853515625,256.1947998046875,206.42549964904785,275.0199890136719,-0.061486453122026496,-0.061486453122026496,1449206.0,0.11093727114827323,0.37854608785424726,0.20975384125477525,1.5,STRUCTURAL LEADER,-0.006451612903225812,,-0.006,stmt,,0.08737864077669903,stmt,0.22818,0.08096,2.57975,0.706,True,full,0.029065686279610127,0.58,False,False,True,True,False,False,,,0.68,,2026-10-08
WM,WM,,,208.94000244140625,217.36901184082032,222.9645839691162,,,,,-0.19767055926156496,-0.2446962405756946,-0.1326275504991613,-1.5,STRUCTURAL LAGGARD,,,,,,,,,,,,,,,,False,False,False,False,False,False,,price_below_sma50,0.68,,2026-10-08
STLD,STLD,,,234.08999633789062,241.48953216552735,216.84107093811036,,,,,0.48360379187001357,0.08889058746610723,-0.004778726185345361,0.5,OUTPERFORMING,,,,,,,,,,,,,,,,False,False,False,True,False,False,,price_below_sma50,0.68,,2026-10-08
WTW,WTW,,,290.6700134277344,321.68515869140623,296.17295143127444,,,,,-0.33252705531882054,-0.13209273050957848,-0.02518388310989783,-1.5,STRUCTURAL LAGGARD,,,,,,,,,,,,,,,,False,False,False,False,False,False,,price_below_sma50,0.68,,2026-10-08
T,T,,,24.469999313354492,24.965199928283692,24.80194945335388,,,,,-0.19458079761042468,-0.2153366299893552,0.12601406089520628,-0.5,UNDERPERFORMING,,,,,,,,,,,,,,,,False,False,False,False,False,False,,price_below_sma50,0.68,,2026-10-08
PSA,PSA,,,281.989990234375,304.8572015380859,294.7246907043457,,,,,-0.17364270584451824,-0.1684863585389853,-0.14335030780414704,-1.5,STRUCTURAL LAGGARD,,,,,,,,,,,,,,,,False,False,False,False,False,False,,price_below_sma50,0.68,,2026-10-08
CF,CF,,,114.44000244140625,123.84648986816406,112.29241325378418,,,,,0.09598393940935224,-0.18142010246598117,-0.04822295001834698,-0.5,UNDERPERFORMING,,,,,,,,,,,,,,,,False,False,False,False,False,False,,price_below_sma50,0.68,,2026-10-08
AMGN,Amgen Inc.,Healthcare,Drug Manufacturers - General,413.0799865722656,410.1392810058594,362.2877299499512,444.1199951171875,-0.06989104045345118,-0.06989104045345118,2844574.0,0.26239833954067904,0.028341559902055113,0.11132816760841568,1.5,STRUCTURAL LEADER,0.6541353383458647,,0.649,stmt,,0.09532628826669572,stmt,0.91473,0.22951001,4.90281,1.371,True,full,0.025403243999367393,0.34,True,False,True,True,False,False,,,0.68,,2026-10-08
CTAS,CTAS,,,197.19000244140625,200.6918145751953,187.48144035339357,,,,,-0.17407342785160784,-0.01058482839486552,0.06849182493987938,-0.5,UNDERPERFORMING,,,,,,,,,,,,,,,,False,False,False,False,False,False,,price_below_sma50,0.68,,2026-10-08
LDOS,LDOS,,,113.55000305175781,130.27750839233397,145.35038425445558,,,,,-0.591016117184952,-0.41434235314074563,0.03240758036991931,-0.5,UNDERPERFORMING,,,,,,,,,,,,,,,,False,False,False,False,False,False,,price_below_sma50,0.68,,2026-10-08
NFLX,NFLX,,,69.69999694824219,75.42480010986328,83.68309986114502,,,,,-0.5888940651936893,-0.46591425514764384,-0.08207557015579214,-1.5,STRUCTURAL LAGGARD,,,,,,,,,,,,,,,,False,False,False,False,False,False,,price_below_sma50,0.68,,2026-10-08
APD,APD,,,278.1199951171875,293.1337158203125,282.62316650390625,,,,,-0.12009768643231045,-0.20285201784539175,-0.09745370737776404,-1.5,STRUCTURAL LAGGARD,,,,,,,,,,,,,,,,False,False,False,False,False,False,,price_below_sma50,0.68,,2026-10-08
TFC,TFC,,,45.58000183105469,49.89047561645508,49.00832071304321,,,,,-0.12248206888415636,-0.22739850389501814,-0.14117601077148145,-1.5,STRUCTURAL LAGGARD,,,,,,,,,,,,,,,,False,False,False,False,False,False,,price_below_sma50,0.68,,2026-10-08
C,C,,,127.31999969482422,133.6245509338379,125.30164581298828,,,,,0.15529366687571922,-0.11967273911988374,-0.12313161080673118,-0.5,UNDERPERFORMING,,,,,,,,,,,,,,,,False,False,False,False,False,False,,price_below_sma50,0.68,,2026-10-08
AMAT,AMAT,,,520.6500244140625,488.19779418945313,431.13433921813964,722.2277221679688,-0.27910545603097914,-0.27910545603097914,,1.3005289942848604,0.16290626625086113,-0.1669816105348173,0.5,OUTPERFORMING,,,,,,,,,,,,,,,,False,False,False,True,False,False,,too_far_from_52w_high_-27.9pct,0.68,,2026-10-08
FAST,FAST,,,49.83000183105469,50.05580001831055,46.03858966827393,,,,,-0.1011176754453702,-0.12303843212559884,0.045670136201718226,-0.5,UNDERPERFORMING,,,,,,,,,,,,,,,,False,False,False,False,False,False,,price_below_sma50,0.68,,2026-10-08
RDDT,RDDT,,,152.7100067138672,154.83620025634767,167.39780014038087,,,,,-0.4324883288221295,-0.04535729828773882,-0.25028987217999854,-1.5,STRUCTURAL LAGGARD,,,,,,,,,,,,,,,,False,False,False,False,False,False,,price_below_sma50,0.68,,2026-10-08
AMP,AMP,,,490.55999755859375,540.7432354736328,491.0489097595215,,,,,-0.17552748720776967,-0.058407637218012454,-0.06099856283719718,-1.5,STRUCTURAL LAGGARD,,,,,,,,,,,,,,,,False,False,False,False,False,False,,price_below_sma50,0.68,,2026-10-08
WST,"West Pharmaceutical Services, Inc.",Healthcare,Medical Instruments & Supplies,366.4800109863281,354.2192022705078,303.6221942138672,376.760009765625,-0.027285270498033642,-0.027285270498033642,559676.0,0.20811129290518693,0.2705804217918495,0.004724822310078425,1.5,STRUCTURAL LEADER,0.19230769230769224,,0.181,stmt,,0.1380300065231572,stmt,0.19087,0.1698,0.10585000000000001,2.822,True,full,0.02466125514278384,0.72,False,False,True,True,False,False,,,0.68,,2026-10-08
DUK,DUK,,,115.5,119.73581665039063,122.37996528625489,,,,,-0.22192474320454847,-0.2652860192732971,-0.10349675920702384,-1.5,STRUCTURAL LAGGARD,,,,,,,,,,,,,,,,False,False,False,False,False,False,,price_below_sma50,0.68,,2026-10-08
AON,AON,,,270.4700012207031,323.2001702880859,329.63660430908203,,,,,-0.4333417033137804,-0.31362793219080365,-0.2725814244505853,-1.5,STRUCTURAL LAGGARD,,,,,,,,,,,,,,,,False,False,False,False,False,False,,price_below_sma50,0.68,,2026-10-08
CMI,CMI,,,517.3200073242188,572.0980822753907,600.4042112731934,,,,,0.034849971707701766,-0.29640052703021413,-0.26388346155153286,-0.5,UNDERPERFORMING,,,,,,,,,,,,,,,,False,False,False,False,False,False,,price_below_sma50,0.68,,2026-10-08
UDR,UDR,,,33.31999969482422,36.036917495727536,36.40920909881592,,,,,-0.20684314759734423,-0.16989078870661323,-0.1836788361691558,-1.5,STRUCTURAL LAGGARD,,,,,,,,,,,,,,,,False,False,False,False,False,False,,price_below_sma50,0.68,,2026-10-08
AJG,AJG,,,227.10000610351562,247.6908221435547,231.43873962402344,,,,,-0.4324329828490774,-0.10278094234039958,-0.13234825445461673,-1.5,STRUCTURAL LAGGARD,,,,,,,,,,,,,,,,False,False,False,False,False,False,,price_below_sma50,0.68,,2026-10-08
IT,IT,,,185.77000427246094,184.54380065917968,172.13894985198974,258.1700134277344,-0.6612385524301537,-0.28043539291808295,,-0.41667684189065557,0.10612036132270397,0.3621959015910301,0.5,OUTPERFORMING,,,,,,,,,,,,,,,,False,False,False,True,False,False,,too_far_from_52w_high_-28.0pct,0.68,,2026-10-08
PYPL,PYPL,,,54.95000076293945,56.29757804870606,49.933933391571045,,,,,-0.42937724369536023,0.05307316679413909,0.15718776574365778,0.5,OUTPERFORMING,,,,,,,,,,,,,,,,False,False,False,True,False,False,,price_below_sma50,0.68,,2026-10-08
PM,Philip Morris International Inc.,Consumer Defensive,Tobacco,192.69000244140625,188.1750845336914,175.53764999389648,198.4680633544922,-0.029113303246001365,-0.029113303246001365,4463594.0,0.11679654569469688,0.06630348380138518,0.037994502878708536,1.5,STRUCTURAL LEADER,-0.07692307692307689,,-0.075,stmt,,0.10374753451676529,stmt,,0.25559,,0.98,True,partial,0.0213425063047735,0.0,True,False,True,True,False,False,,,0.68,,2026-10-08
CL,CL,,,87.20999908447266,89.33999969482421,87.9685366821289,,,,,-0.044131116313011365,-0.12316823538384147,-0.0811664284801159,-1.5,STRUCTURAL LAGGARD,,,,,,,,,,,,,,,,False,False,False,False,False,False,,price_below_sma50,0.68,,2026-10-08
DLR,DLR,,,180.47000122070312,186.4428512573242,179.39926261901854,,,,,-0.11414269488751239,-0.17671501962245173,-0.02486317012636574,-1.5,STRUCTURAL LAGGARD,,,,,,,,,,,,,,,,False,False,False,False,False,False,,price_below_sma50,0.68,,2026-10-08
SWK,SWK,,,88.30999755859375,94.642880859375,82.71920330047607,,,,,0.08426325813602387,0.07716249892848692,-0.022323213256969954,0.5,OUTPERFORMING,,,,,,,,,,,,,,,,False,False,False,True,False,False,,price_below_sma50,0.68,,2026-10-08
OTIS,OTIS,,,65.73999786376953,69.89296401977539,77.0272378540039,,,,,-0.43120483062029347,-0.32996868158733905,-0.1271640939070724,-1.5,STRUCTURAL LAGGARD,,,,,,,,,,,,,,,,False,False,False,False,False,False,,price_below_sma50,0.68,,2026-10-08
CDW,CDW,,,136.82000732421875,141.97271697998048,130.4490571975708,,,,,-0.27485343746300717,-0.05787723245285448,-0.07995585390008075,-1.5,STRUCTURAL LAGGARD,,,,,,,,,,,,,,,,False,False,False,False,False,False,,price_below_sma50,0.68,,2026-10-08
PRU,PRU,,,112.36000061035156,119.04342987060546,106.6306470489502,,,,,-0.033290758955141886,0.037556986617586,-0.04690173340765125,-0.5,UNDERPERFORMING,,,,,,,,,,,,,,,,False,False,False,False,False,False,,price_below_sma50,0.68,,2026-10-08
XYZ,XYZ,,,76.06999969482422,79.41019943237305,70.31579973220825,,,,,-0.2114193310166993,0.06451845600833384,-0.04796712252325397,-0.5,UNDERPERFORMING,,,,,,,,,,,,,,,,False,False,False,False,False,False,,price_below_sma50,0.68,,2026-10-08
AMCR,AMCR,,,41.2599983215332,44.3935969543457,41.775512046813965,,,,,-0.07437629910374866,-0.12999494088015506,-0.06279118591090305,-1.5,STRUCTURAL LAGGARD,,,,,,,,,,,,,,,,False,False,False,False,False,False,,price_below_sma50,0.68,,2026-10-08
ADSK,ADSK,,,235.0500030517578,233.70799926757812,237.97474975585936,,,,,-0.4259728448045411,-0.10484931402143993,0.0955535216904908,-0.5,UNDERPERFORMING,,,,,,,,,,,,,,,,False,False,False,False,False,False,,sma50_below_sma200,0.68,,2026-10-08
ICE,ICE,,,152.58999633789062,155.1817041015625,153.91389820098877,,,,,-0.21951088167912924,-0.2001814652564412,0.09981979350013459,-0.5,UNDERPERFORMING,,,,,,,,,,,,,,,,False,False,False,False,False,False,,price_below_sma50,0.68,,2026-10-08
MSCI,MSCI,,,555.3800048828125,559.2955322265625,569.6300131225586,,,,,-0.18420394439827115,-0.1241834518487217,-0.11034663760404984,-1.5,STRUCTURAL LAGGARD,,,,,,,,,,,,,,,,False,False,False,False,False,False,,price_below_sma50,0.68,,2026-10-08
ORLY,ORLY,,,84.61000061035156,88.06980072021484,90.83260002136231,,,,,-0.3433555608361728,-0.2526203700913444,-0.05141061419053228,-1.5,STRUCTURAL LAGGARD,,,,,,,,,,,,,,,,False,False,False,False,False,False,,price_below_sma50,0.68,,2026-10-08
ACN,ACN,,,196.63999938964844,182.4801986694336,192.38680500030517,,,,,-0.3752490598689522,-0.07916895466824792,0.4220602038734782,-0.5,UNDERPERFORMING,,,,,,,,,,,,,,,,False,False,False,False,False,False,,sma50_below_sma200,0.68,,2026-10-08
SLB,SLB,,,47.959999084472656,52.665975189208986,50.240492305755616,,,,,0.25376843363489776,-0.2265372598575336,-0.022657013932997794,-0.5,UNDERPERFORMING,,,,,,,,,,,,,,,,False,False,False,False,False,False,,price_below_sma50,0.68,,2026-10-08
PPL,PPL,,,33.95000076293945,34.110538749694825,35.58198641777039,,,,,-0.2391924448035848,-0.28210862300715467,-0.07530874693775269,-1.5,STRUCTURAL LAGGARD,,,,,,,,,,,,,,,,False,False,False,False,False,False,,price_below_sma50,0.68,,2026-10-08
TECH,Bio-Techne Corporation,Healthcare,Biotechnology,72.52999877929688,72.28765396118165,62.14462558746338,72.61000061035156,-0.06975543565210851,-0.001101801823195192,2982996.0,0.058230327117595015,0.16015182589974541,-0.013677519403916039,0.5,OUTPERFORMING,4.181818181818182,,,stmt,,0.013339054277457376,stmt,0.09032,0.14968,0.13712,4.547,True,full,0.002235539914577708,0.06,True,False,True,True,False,False,,,0.68,,2026-10-08
BALL,BALL,,,57.47999954223633,61.18160102844238,59.805648975372314,,,,,0.026637162793573532,-0.22836450302755462,-0.09733069491111657,-0.5,UNDERPERFORMING,,,,,,,,,,,,,,,,False,False,False,False,False,False,,price_below_sma50,0.68,,2026-10-08
CI,CI,,,278.510009765625,276.95201904296874,277.29548530578614,,,,,-0.24675037608984096,-0.13731454740438065,-0.07772941864382832,-1.5,STRUCTURAL LAGGARD,,,,,,,,,,,,,,,,False,False,False,False,False,False,,sma50_below_sma200,0.68,,2026-10-08
CDNS,CDNS,,,356.1199951171875,319.7864013671875,326.3013505554199,,,,,-0.14328936333885078,0.11837306534596248,-0.10506964463669555,-0.5,UNDERPERFORMING,,,,,,,,,,,,,,,,False,False,False,False,False,False,,sma50_below_sma200,0.68,,2026-10-08
GOOGL,GOOGL,,,350.5,345.53861633300784,339.2473585510254,402.1211853027344,-0.1283722101432475,-0.1283722101432475,26098942.0,0.25581017436152753,-0.04704203119417483,-0.05012635103225471,-0.5,UNDERPERFORMING,,,,,,,,,,,,,,,,False,False,True,False,False,False,,,0.68,,2026-10-08
LMT,LMT,,,499.2200012207031,549.875869140625,557.5322216796875,,,,,-0.1720334377777093,-0.33849362610227385,-0.07202323314762371,-1.5,STRUCTURAL LAGGARD,,,,,,,,,,,,,,,,False,False,False,False,False,False,,price_below_sma50,0.68,,2026-10-08
GRMN,GRMN,,,276.1600036621094,289.22034118652346,245.78236068725585,,,,,-0.07888128358369051,-0.06343591777899138,0.1082904330416985,-0.5,UNDERPERFORMING,,,,,,,,,,,,,,,,False,False,False,False,False,False,,price_below_sma50,0.68,,2026-10-08
CEG,CEG,,,299.5899963378906,272.62701293945315,286.0817240905762,,,,,-0.33294136440048216,-0.07659615477123727,0.1615583128376663,-0.5,UNDERPERFORMING,,,,,,,,,,,,,,,,False,False,False,False,False,False,,sma50_below_sma200,0.68,,2026-10-08
ETR,ETR,,,102.80000305175781,104.73623962402344,105.53708278656006,,,,,-0.07635509158168952,-0.26354096783317726,-0.13319652984799635,-1.5,STRUCTURAL LAGGARD,,,,,,,,,,,,,,,,False,False,False,False,False,False,,price_below_sma50,0.68,,2026-10-08
MCHP,MCHP,,,78.0199966430664,75.79360061645508,78.43424924850464,,,,,0.05841780968808585,-0.04131178568086358,-0.14607007732237076,-0.5,UNDERPERFORMING,,,,,,,,,,,,,,,,False,False,False,False,False,False,,sma50_below_sma200,0.68,,2026-10-08
UNP,UNP,,,274.67999267578125,288.46880859375,263.33612060546875,,,,,0.03556147303335333,-0.04443971637451405,-0.07040640080724958,-0.5,UNDERPERFORMING,,,,,,,,,,,,,,,,False,False,False,False,False,False,,price_below_sma50,0.68,,2026-10-08
CMCSA,CMCSA,,,20.940000534057617,24.217669639587402,25.817753353118896,,,,,-0.4048180466619187,-0.3875125636482961,-0.12982792995166803,-1.5,STRUCTURAL LAGGARD,,,,,,,,,,,,,,,,False,False,False,False,False,False,,price_below_sma50,0.68,,2026-10-08
PNR,PNR,,,52.189998626708984,60.318199920654294,79.83851961135865,,,,,-0.6966887735743131,-0.5676836299222059,-0.3440643485450161,-1.5,STRUCTURAL LAGGARD,,,,,,,,,,,,,,,,False,False,False,False,False,False,,price_below_sma50,0.68,,2026-10-08
CPAY,CPAY,,,402.42999267578125,403.2132000732422,348.15004974365235,,,,,0.21830797043332395,0.16377273023311667,0.10591004578809926,1.5,STRUCTURAL LEADER,,,,,,,,,,,,,,,,False,False,False,True,False,False,,price_below_sma50,0.68,,2026-10-08
LRCX,LRCX,,,329.510009765625,308.65365234375,277.2518241119385,432.8701477050781,-0.238778623306392,-0.238778623306392,,1.1845304201187241,0.1267575174935942,-0.09048548527534028,0.5,OUTPERFORMING,,,,,,,,,,,,,,,,False,False,False,True,False,False,,too_far_from_52w_high_-23.9pct,0.68,,2026-10-08
IEX,IDEX Corporation,Industrials,Specialty Industrial Machinery,232.91000366210938,229.80196807861327,210.24192520141602,239.75611877441406,-0.028554495907344046,-0.028554495907344046,630034.0,0.256102126067866,0.028936705327434087,0.019673797204243337,1.5,STRUCTURAL LEADER,0.11494252873563215,,0.109,stmt,,0.06378553270164086,stmt,0.12955,0.1449,0.4706,3.049,True,full,0.019782924178516768,0.22,True,False,True,True,False,False,,,0.68,,2026-10-08
TPR,TPR,,,113.41999816894531,128.37869216918946,137.71234531402587,,,,,-0.17737917240105405,-0.40081237582066864,-0.22305943034543685,-1.5,STRUCTURAL LAGGARD,,,,,,,,,,,,,,,,False,False,False,False,False,False,,price_below_sma50,0.68,,2026-10-08
AXP,AXP,,,304.25,325.74659851074216,330.13585083007814,,,,,-0.23648792347027048,-0.18883825300147183,-0.16420744854723857,-1.5,STRUCTURAL LAGGARD,,,,,,,,,,,,,,,,False,False,False,False,False,False,,price_below_sma50,0.68,,2026-10-08
CAT,CAT,,,813.8300170898438,821.8994018554688,797.4312078857422,,,,,0.5130692395374203,-0.11102285559419633,-0.17597438912811547,-0.5,UNDERPERFORMING,,,,,,,,,,,,,,,,False,False,False,False,False,False,,price_below_sma50,0.68,,2026-10-08
PG,PG,,,147.82000732421875,145.6792007446289,146.27495582580568,,,,,-0.1765328616996399,-0.12583297670821336,-0.019245652763433707,-1.5,STRUCTURAL LAGGARD,,,,,,,,,,,,,,,,False,False,False,False,False,False,,sma50_below_sma200,0.68,,2026-10-08
CARR,CARR,,,55.0,58.8007999420166,61.38583131790161,,,,,-0.2304251158493723,-0.2476047559052651,-0.2360097450659293,-1.5,STRUCTURAL LAGGARD,,,,,,,,,,,,,,,,False,False,False,False,False,False,,price_below_sma50,0.68,,2026-10-08
ODFL,ODFL,,,175.61000061035156,193.35561126708984,199.63509925842285,,,,,0.07592280956601805,-0.30831282027585527,-0.2593855995668697,-0.5,UNDERPERFORMING,,,,,,,,,,,,,,,,False,False,False,False,False,False,,price_below_sma50,0.68,,2026-10-08
UHS,UHS,,,174.6199951171875,173.43748321533204,179.70020385742188,,,,,-0.33774705735377397,-0.2171133508036568,0.09171737296731353,-0.5,UNDERPERFORMING,,,,,,,,,,,,,,,,False,False,False,False,False,False,,sma50_below_sma200,0.68,,2026-10-08
GL,GL,,,163.41000366210938,173.61727996826173,157.1598893737793,,,,,0.040479258912973215,-0.035973937222074426,-0.11799189052634829,-0.5,UNDERPERFORMING,,,,,,,,,,,,,,,,False,False,False,False,False,False,,price_below_sma50,0.68,,2026-10-08
PFE,PFE,,,28.0,27.49739990234375,25.859941301345824,29.020000457763672,-0.03514818889297411,-0.03514818889297411,35457420.0,-0.033481713103369115,-0.0849853263722673,0.14667184992293092,-0.5,UNDERPERFORMING,,,,,,,,,,,,,,,,False,False,True,False,False,False,,,0.68,,2026-10-08
L,L,,,105.66999816894531,110.0033120727539,108.90249046325684,,,,,-0.14570438605401637,-0.194815280654282,-0.11259044792708439,-1.5,STRUCTURAL LAGGARD,,,,,,,,,,,,,,,,False,False,False,False,False,False,,price_below_sma50,0.68,,2026-10-08
FICO,FICO,,,681.77001953125,992.6815991210938,1202.4479467773438,,,,,-0.811356605354194,-0.5131407994323663,-0.4870314606795946,-1.5,STRUCTURAL LAGGARD,,,,,,,,,,,,,,,,False,False,False,False,False,False,,price_below_sma50,0.68,,2026-10-08
VMRK,VMRK,,,59.290000915527344,63.71194732666016,62.60881160736084,,,,,-0.18105503462839623,-0.14628911210105788,-0.15863227950246683,-1.5,STRUCTURAL LAGGARD,,,,,,,,,,,,,,,,False,False,False,False,False,False,,price_below_sma50,0.68,,2026-10-08
REGN,REGN,,,742.1199951171875,788.3898718261719,734.3960583496093,,,,,0.10484688972370093,-0.17984807659812962,0.08602504054289173,0.5,OUTPERFORMING,,,,,,,,,,,,,,,,False,False,False,True,False,False,,price_below_sma50,0.68,,2026-10-08
CPT,CPT,,,95.80000305175781,103.78241119384765,104.63424331665038,,,,,-0.20867696092851507,-0.17975383105505238,-0.17473750323739057,-1.5,STRUCTURAL LAGGARD,,,,,,,,,,,,,,,,False,False,False,False,False,False,,price_below_sma50,0.68,,2026-10-08
GDDY,GDDY,,,97.20999908447266,96.71619934082031,93.00979969024658,135.3000030517578,-0.5464894037020591,-0.28152256547041,,-0.45545027611234423,0.052100313632403195,0.061174833085297475,0.5,OUTPERFORMING,,,,,,,,,,,,,,,,False,False,False,True,False,False,,too_far_from_52w_high_-28.2pct,0.68,,2026-10-08
BRO,BRO,,,61.720001220703125,68.0617407989502,67.3829573059082,,,,,-0.5218945845881087,-0.22467259047707078,-0.11773529868048327,-1.5,STRUCTURAL LAGGARD,,,,,,,,,,,,,,,,False,False,False,False,False,False,,price_below_sma50,0.68,,2026-10-08
CMS,CMS,,,65.06999969482422,67.76016342163086,71.91004959106445,,,,,-0.2643407670732141,-0.3219851532813105,-0.16209315363466326,-1.5,STRUCTURAL LAGGARD,,,,,,,,,,,,,,,,False,False,False,False,False,False,,price_below_sma50,0.68,,2026-10-08
BR,BR,,,160.1300048828125,168.26985748291017,168.1567176055908,,,,,-0.4826998064774085,-0.10098934335629584,0.06048092471880895,-0.5,UNDERPERFORMING,,,,,,,,,,,,,,,,False,False,False,False,False,False,,price_below_sma50,0.68,,2026-10-08
AZO,AZO,,,2846.27001953125,2951.676416015625,3288.258699951172,,,,,-0.47748429887100674,-0.3467375226498086,-0.10572781247575991,-1.5,STRUCTURAL LAGGARD,,,,,,,,,,,,,,,,False,False,False,False,False,False,,price_below_sma50,0.68,,2026-10-08
ARE,ARE,,,45.209999084472656,49.908353881835936,48.83075744628906,,,,,-0.5603590881130045,-0.09199333485021022,-0.07358182799359125,-1.5,STRUCTURAL LAGGARD,,,,,,,,,,,,,,,,False,False,False,False,False,False,,price_below_sma50,0.68,,2026-10-08
DASH,DASH,,,191.24000549316406,206.30120025634767,186.20812507629395,,,,,-0.4831411466330843,0.08848617619087751,-0.035078726128588866,-0.5,UNDERPERFORMING,,,,,,,,,,,,,,,,False,False,False,False,False,False,,price_below_sma50,0.68,,2026-10-08
NOW,NOW,,,137.8699951171875,131.12859970092774,115.4926000213623,189.25799560546875,-0.4110083246113434,-0.27152353761267645,,-0.4117341893238583,0.3862169707064398,0.24795605789763542,0.5,OUTPERFORMING,,,,,,,,,,,,,,,,False,False,False,True,False,False,,too_far_from_52w_high_-27.2pct,0.68,,2026-10-08
GNRC,GNRC,,,221.33999633789062,202.10260009765625,213.70095031738282,,,,,0.1516991187019121,-0.08139078912604392,-0.08591503829760738,-0.5,UNDERPERFORMING,,,,,,,,,,,,,,,,False,False,False,False,False,False,,sma50_below_sma200,0.68,,2026-10-08
TSLA,TSLA,,,377.80999755859375,351.7343975830078,391.6656993103027,,,,,-0.3017279514273592,-0.055775755330898624,-0.10550514552180401,-1.5,STRUCTURAL LAGGARD,,,,,,,,,,,,,,,,False,False,False,False,False,False,,sma50_below_sma200,0.68,,2026-10-08
ELV,ELV,,,404.30999755859375,397.33406005859376,363.8035627746582,424.9404602050781,-0.08010448196350217,-0.048549066465753854,1055222.0,-0.02062889627534381,0.13780432390853425,-0.05646528264008521,-0.5,UNDERPERFORMING,,,,,,,,,,,,,,,,False,False,True,False,False,False,,,0.68,,2026-10-08
FOXA,FOXA,,,62.70000076293945,64.5460994720459,62.70411014556885,,,,,-0.1452147108439259,-0.14545493747325322,0.1316000299091311,-0.5,UNDERPERFORMING,,,,,,,,,,,,,,,,False,False,False,False,False,False,,price_below_sma50,0.68,,2026-10-08
WRB,WRB,,,69.7300033569336,69.65518096923829,68.41404510498047,76.3302001953125,-0.08646900992648299,-0.08646900992648299,2592138.0,-0.2524508929171334,-0.10056520709209682,-0.06474973503562909,-1.5,STRUCTURAL LAGGARD,,,,,,,,,,,,,,,,False,False,True,False,False,False,,,0.68,,2026-10-08
NXPI,NXPI,,,235.22000122070312,230.45586059570311,244.0304387664795,,,,,-0.08393907703971482,0.003807468467514896,-0.22360205254896237,-0.5,UNDERPERFORMING,,,,,,,,,,,,,,,,False,False,False,False,False,False,,sma50_below_sma200,0.68,,2026-10-08
MLM,MLM,,,479.010009765625,516.1133117675781,585.8269293212891,,,,,-0.40900342760639496,-0.3807710259647834,-0.20157135205501553,-1.5,STRUCTURAL LAGGARD,,,,,,,,,,,,,,,,False,False,False,False,False,False,,price_below_sma50,0.68,,2026-10-08
COST,COST,,,942.25,932.0941979980469,960.5879602050782,,,,,-0.13807081185258907,-0.2331278233523617,-0.0020434594125602334,-1.5,STRUCTURAL LAGGARD,,,,,,,,,,,,,,,,False,False,False,False,False,False,,sma50_below_sma200,0.68,,2026-10-08
TEL,TEL,,,215.8300018310547,209.5757421875,212.96700675964357,,,,,-0.19161836641753283,-0.19754908525736237,0.04936213139969081,-0.5,UNDERPERFORMING,,,,,,,,,,,,,,,,False,False,False,False,False,False,,sma50_below_sma200,0.68,,2026-10-08
STX,STX,,,807.5700073242188,855.8584191894531,657.9684260559083,,,,,2.4361088048964827,0.4661872570783614,-0.14423586517271736,0.5,OUTPERFORMING,,,,,,,,,,,,,,,,False,False,False,True,False,False,,price_below_sma50,0.68,,2026-10-08
DLTR,DLTR,,,116.30000305175781,123.51819931030273,117.08109977722168,,,,,0.19350469558626493,-0.015384423241241674,-0.1009846808748176,-0.5,UNDERPERFORMING,,,,,,,,,,,,,,,,False,False,False,False,False,False,,price_below_sma50,0.68,,2026-10-08
TDG,TDG,,,1096.2099609375,1168.3998022460937,1244.9337982177735,,,,,-0.320593566397149,-0.2544271749703271,-0.18316823901017798,-1.5,STRUCTURAL LAGGARD,,,,,,,,,,,,,,,,False,False,False,False,False,False,,price_below_sma50,0.68,,2026-10-08
ALLE,ALLE,,,147.91000366210938,157.59399963378905,149.1397665786743,,,,,-0.32896771516388157,-0.13006461814893133,0.05434896114567578,-0.5,UNDERPERFORMING,,,,,,,,,,,,,,,,False,False,False,False,False,False,,price_below_sma50,0.68,,2026-10-08
PH,PH,,,952.7899780273438,986.2187316894531,943.5226669311523,,,,,0.10571710744308249,-0.1754879213871966,-0.03888049845952246,-0.5,UNDERPERFORMING,,,,,,,,,,,,,,,,False,False,False,False,False,False,,price_below_sma50,0.68,,2026-10-08
ITW,ITW,,,261.1499938964844,275.7684552001953,265.54898513793944,,,,,-0.12686941094558546,-0.18092630903545448,-0.054253750222172714,-1.5,STRUCTURAL LAGGARD,,,,,,,,,,,,,,,,False,False,False,False,False,False,,price_below_sma50,0.68,,2026-10-08
AMT,AMT,,,166.17999267578125,171.02129699707032,173.14335624694823,,,,,-0.24911999832715748,-0.19701736504707568,-0.0356928395071604,-1.5,STRUCTURAL LAGGARD,,,,,,,,,,,,,,,,False,False,False,False,False,False,,price_below_sma50,0.68,,2026-10-08
RL,RL,,,361.1400146484375,361.4548651123047,363.29955200195315,,,,,-0.05029926191418044,-0.20625663673589312,-0.11493845855585261,-1.5,STRUCTURAL LAGGARD,,,,,,,,,,,,,,,,False,False,False,False,False,False,,price_below_sma50,0.68,,2026-10-08
ADM,ADM,,,81.33999633789062,81.60788055419921,74.062559299469,,,,,0.1570715128729936,0.022316072538613563,-0.014069134572502806,0.5,OUTPERFORMING,,,,,,,,,,,,,,,,False,False,False,True,False,False,,price_below_sma50,0.68,,2026-10-08
RJF,RJF,,,157.25,171.11339874267577,159.74073463439942,,,,,-0.2112717403387725,-0.07998018051623146,-0.09350386682809197,-1.5,STRUCTURAL LAGGARD,,,,,,,,,,,,,,,,False,False,False,False,False,False,,price_below_sma50,0.68,,2026-10-08
ULTA,ULTA,,,545.47998046875,538.1175939941406,555.0009979248047,,,,,-0.19436478957401004,-0.12509471478369072,0.13051947450612178,-0.5,UNDERPERFORMING,,,,,,,,,,,,,,,,False,False,False,False,False,False,,sma50_below_sma200,0.68,,2026-10-08
GE,GE,,,303.6199951171875,338.0471209716797,323.1048571777344,,,,,-0.16244479580149696,-0.17625683438053397,-0.18566741685114718,-1.5,STRUCTURAL LAGGARD,,,,,,,,,,,,,,,,False,False,False,False,False,False,,price_below_sma50,0.68,,2026-10-08
APP,APP,,,281.2900085449219,323.0961993408203,450.28235061645506,,,,,-0.7289022415267937,-0.40699682611218646,-0.4772205336079428,-1.5,STRUCTURAL LAGGARD,,,,,,,,,,,,,,,,False,False,False,False,False,False,,price_below_sma50,0.68,,2026-10-08
JBHT,JBHT,,,222.63999938964844,257.28166900634767,243.30403884887696,,,,,0.4292146196470723,-0.15685757450705384,-0.23545722607152497,-0.5,UNDERPERFORMING,,,,,,,,,,,,,,,,False,False,False,False,False,False,,price_below_sma50,0.68,,2026-10-08
MOS,MOS,,,19.969999313354492,23.325575714111327,24.068243255615233,,,,,-0.5894086036751222,-0.3438560558988034,-0.09579092818736812,-1.5,STRUCTURAL LAGGARD,,,,,,,,,,,,,,,,False,False,False,False,False,False,,price_below_sma50,0.68,,2026-10-08
CCI,CCI,,,69.01000213623047,72.787021484375,80.71031616210938,,,,,-0.4113822699437525,-0.33072618024016576,-0.15315183552658718,-1.5,STRUCTURAL LAGGARD,,,,,,,,,,,,,,,,False,False,False,False,False,False,,price_below_sma50,0.68,,2026-10-08
SNDK,SNDK,,,1692.4200439453125,1564.5908959960936,1167.9599729919435,2335.0,-0.27519484199344213,-0.27519484199344213,,12.818637935499199,0.8384987865790896,-0.14870918604815897,0.5,OUTPERFORMING,,,,,,,,,,,,,,,,False,False,False,True,False,False,,too_far_from_52w_high_-27.5pct,0.68,,2026-10-08
NEM,NEM,,,113.54000091552734,119.06033966064453,111.34669261932373,,,,,0.14396840523029764,-0.1906569815842386,0.16194594860349998,0.5,OUTPERFORMING,,,,,,,,,,,,,,,,False,False,False,True,False,False,,price_below_sma50,0.68,,2026-10-08
WFC,WFC,,,80.26000213623047,85.75849594116211,83.90464309692383,,,,,-0.16336224738673244,-0.2051521286953898,-0.10593315191435826,-1.5,STRUCTURAL LAGGARD,,,,,,,,,,,,,,,,False,False,False,False,False,False,,price_below_sma50,0.68,,2026-10-08
IP,IP,,,31.81999969482422,37.504771308898924,37.183457660675046,,,,,-0.447129883044907,-0.2608634572566412,-0.18358775105688863,-1.5,STRUCTURAL LAGGARD,,,,,,,,,,,,,,,,False,False,False,False,False,False,,price_below_sma50,0.68,,2026-10-08
CHTR,CHTR,,,106.95999908447266,138.82700103759765,173.37095035552977,,,,,-0.7872236398774191,-0.6697656618349801,-0.21388016471622906,-1.5,STRUCTURAL LAGGARD,,,,,,,,,,,,,,,,False,False,False,False,False,False,,price_below_sma50,0.68,,2026-10-08
SPG,SPG,,,197.58999633789062,211.67282440185548,200.37756843566893,,,,,-0.01857576341825906,-0.1341781005197522,-0.1191750185600523,-1.5,STRUCTURAL LAGGARD,,,,,,,,,,,,,,,,False,False,False,False,False,False,,price_below_sma50,0.68,,2026-10-08
PFG,PFG,,,108.7300033569336,113.18844284057617,100.62936428070068,,,,,0.17182539139876196,0.04726008853565489,-0.055874297414583496,0.5,OUTPERFORMING,,,,,,,,,,,,,,,,False,False,False,True,False,False,,price_below_sma50,0.68,,2026-10-08
AIZ,AIZ,,,266.7300109863281,279.1893420410156,249.6214281463623,,,,,0.07704223467512361,0.05348917740047909,-0.07270104947861455,0.5,OUTPERFORMING,,,,,,,,,,,,,,,,False,False,False,True,False,False,,price_below_sma50,0.68,,2026-10-08
DPZ,DPZ,,,303.1000061035156,327.1768957519531,347.85924697875976,,,,,-0.4214490580458624,-0.32689321319112896,-0.013640286268700397,-1.5,STRUCTURAL LAGGARD,,,,,,,,,,,,,,,,False,False,False,False,False,False,,price_below_sma50,0.68,,2026-10-08
KMI,KMI,,,31.81999969482422,31.43927749633789,31.150945110321047,33.99227523803711,-0.06390497629244096,-0.06390497629244096,11482966.0,0.00760419602248219,-0.16576564715702236,-0.0321353043291589,-0.5,UNDERPERFORMING,,,,,,,,,,,,,,,,False,False,True,False,False,False,,,0.68,,2026-10-08
TDY,TDY,,,604.1500244140625,631.6032019042968,625.1541990661622,,,,,-0.14761608037634222,-0.22651809323703076,-0.0800379549846797,-1.5,STRUCTURAL LAGGARD,,,,,,,,,,,,,,,,False,False,False,False,False,False,,price_below_sma50,0.68,,2026-10-08
CINF,CINF,,,161.61000061035156,169.22850311279296,165.63703987121582,,,,,-0.1767664942766205,-0.15213291615830493,-0.12547707958795074,-1.5,STRUCTURAL LAGGARD,,,,,,,,,,,,,,,,False,False,False,False,False,False,,price_below_sma50,0.68,,2026-10-08
RMD,RMD,,,225.97999572753906,224.3066958618164,224.38404510498046,,,,,-0.3679206450047311,-0.15188480195063636,0.07957735739008198,-0.5,UNDERPERFORMING,,,,,,,,,,,,,,,,False,False,False,False,False,False,,sma50_below_sma200,0.68,,2026-10-08
VST,VST,,,166.72000122070312,143.19935791015624,154.33208229064942,,,,,-0.33404844558841407,-0.05413763846036579,0.019141181620251357,-0.5,UNDERPERFORMING,,,,,,,,,,,,,,,,False,False,False,False,False,False,,sma50_below_sma200,0.68,,2026-10-08
VTR,VTR,,,80.04000091552734,89.1180940246582,84.94076717376709,,,,,0.0170818194981055,-0.19548829179407368,-0.1438819451339668,-0.5,UNDERPERFORMING,,,,,,,,,,,,,,,,False,False,False,False,False,False,,price_below_sma50,0.68,,2026-10-08
JBL,JBL,,,299.4700012207031,316.4906182861328,302.8766508483887,,,,,0.3056058087008211,-0.12644882088692122,-0.1251710990264796,-0.5,UNDERPERFORMING,,,,,,,,,,,,,,,,False,False,False,False,False,False,,price_below_sma50,0.68,,2026-10-08
INCY,INCY,,,113.44000244140625,123.10180007934571,107.09720008850098,,,,,0.1272781567841983,0.021054297975748204,-0.06007318481468882,0.5,OUTPERFORMING,,,,,,,,,,,,,,,,False,False,False,True,False,False,,price_below_sma50,0.68,,2026-10-08
ZTS,ZTS,,,71.55000305175781,74.08719985961915,96.78634605407714,,,,,-0.6633062534143024,-0.5458445356311878,-0.07852438206000922,-1.5,STRUCTURAL LAGGARD,,,,,,,,,,,,,,,,False,False,False,False,False,False,,price_below_sma50,0.68,,2026-10-08
CME,CME,,,270.2699890136719,270.5713214111328,274.58881172180173,,,,,-0.1089887019099296,-0.23583392910113832,0.09808487177938363,-0.5,UNDERPERFORMING,,,,,,,,,,,,,,,,False,False,False,False,False,False,,price_below_sma50,0.68,,2026-10-08
DOV,DOV,,,188.2899932861328,196.57457397460936,209.07653556823732,,,,,-0.018382279487301423,-0.2820569909703099,-0.15531303362314608,-1.5,STRUCTURAL LAGGARD,,,,,,,,,,,,,,,,False,False,False,False,False,False,,price_below_sma50,0.68,,2026-10-08
CNC,Centene Corporation,Healthcare,Healthcare Plans,64.98999786376953,64.75919982910156,53.17359992980957,69.41000366210938,-0.06367966525195135,-0.06367966525195135,4548944.0,0.5174798701403831,0.5818462313405359,-0.06709589000986993,0.5,OUTPERFORMING,5.333333333333333,,,stmt,,0.09923679783349063,stmt,-0.20358999,-0.02829,0.7108199999999999,1.145,False,full,0.029323202263585566,0.12,True,False,True,True,False,False,,,0.68,,2026-10-08
SW,SW,,,41.290000915527344,46.116864395141604,42.70444108963013,,,,,-0.14166363693022066,-0.14885369558487715,-0.09001312926489635,-1.5,STRUCTURAL LAGGARD,,,,,,,,,,,,,,,,False,False,False,False,False,False,,price_below_sma50,0.68,,2026-10-08
UPS,UPS,,,92.29000091552734,100.41885192871094,102.37587970733642,,,,,-0.030191695945607444,-0.21087663098640175,-0.19839740582011123,-1.5,STRUCTURAL LAGGARD,,,,,,,,,,,,,,,,False,False,False,False,False,False,,price_below_sma50,0.68,,2026-10-08
CVS,CVS,,,87.94999694824219,93.64739990234375,87.0915299987793,,,,,0.0025404509647624085,-0.016603960059614842,-0.18237197215799184,-0.5,UNDERPERFORMING,,,,,,,,,,,,,,,,False,False,False,False,False,False,,price_below_sma50,0.68,,2026-10-08
GIS,GIS,,,31.770000457763672,36.898799934387206,37.7969655418396,,,,,-0.511478175879616,-0.25461460411122927,-0.15491536377739024,-1.5,STRUCTURAL LAGGARD,,,,,,,,,,,,,,,,False,False,False,False,False,False,,price_below_sma50,0.68,,2026-10-08
J,J,,,136.35000610351562,143.17596221923827,132.63060543060303,,,,,-0.2868121714851646,-0.07036744631130754,0.054193153437748,-0.5,UNDERPERFORMING,,,,,,,,,,,,,,,,False,False,False,False,False,False,,price_below_sma50,0.68,,2026-10-08
EME,EME,,,784.6599731445312,775.817001953125,775.0294244384766,943.2627563476562,-0.16814273873935204,-0.16814273873935204,386484.0,-0.005999052925741211,-0.1675830731426119,-0.02785275984344593,-1.5,STRUCTURAL LAGGARD,,,,,,,,,,,,,,,,False,False,False,False,False,False,,"low_volume_386,484",0.68,,2026-10-08
CIEN,CIEN,,,446.45001220703125,377.1844012451172,394.6004999542236,,,,,1.7731668794653486,-0.2328923653534607,-0.06302828399457883,-0.5,UNDERPERFORMING,,,,,,,,,,,,,,,,False,False,False,False,False,False,,sma50_below_sma200,0.68,,2026-10-08
NCLH,NCLH,,,15.050000190734863,16.477199993133546,19.34405004501343,,,,,-0.544379916117352,-0.3949046747778061,-0.2645894840504899,-1.5,STRUCTURAL LAGGARD,,,,,,,,,,,,,,,,False,False,False,False,False,False,,price_below_sma50,0.68,,2026-10-08
REG,REG,,,70.80000305175781,74.82748336791992,75.06474506378174,,,,,-0.14277756974789524,-0.22750281532766436,-0.13382626303102796,-1.5,STRUCTURAL LAGGARD,,,,,,,,,,,,,,,,False,False,False,False,False,False,,price_below_sma50,0.68,,2026-10-08
TGT,TGT,,,150.9199981689453,156.1931588745117,128.17312137603759,,,,,0.5849729443615788,0.08881385701212952,0.09328454910163231,1.5,STRUCTURAL LEADER,,,,,,,,,,,,,,,,False,False,False,True,False,False,,price_below_sma50,0.68,,2026-10-08
PKG,PKG,,,227.25,240.4407211303711,224.3056398010254,,,,,-0.0674296133378498,-0.04265686033287097,-0.03227013622170938,-1.5,STRUCTURAL LAGGARD,,,,,,,,,,,,,,,,False,False,False,False,False,False,,price_below_sma50,0.68,,2026-10-08
YUM,YUM,,,140.35000610351562,145.6290933227539,152.5149683380127,,,,,-0.19892655819791427,-0.26734119910233134,-0.16952841348434267,-1.5,STRUCTURAL LAGGARD,,,,,,,,,,,,,,,,False,False,False,False,False,False,,price_below_sma50,0.68,,2026-10-08
ADBE,ADBE,,,232.77000427246094,258.4389987182617,258.12869987487795,,,,,-0.5058030302837883,-0.13660516862461658,0.008769512706914728,-0.5,UNDERPERFORMING,,,,,,,,,,,,,,,,False,False,False,False,False,False,,price_below_sma50,0.68,,2026-10-08
HCA,HCA,,,439.1700134277344,418.35466552734374,443.9068017578125,,,,,-0.16356536956916856,-0.27968905222949636,0.050066398351984454,-0.5,UNDERPERFORMING,,,,,,,,,,,,,,,,False,False,False,False,False,False,,sma50_below_sma200,0.68,,2026-10-08
AEP,AEP,,,122.08000183105469,122.92398651123047,125.78957679748535,,,,,-0.10886040818193754,-0.24550192975030216,-0.12376693031026642,-1.5,STRUCTURAL LAGGARD,,,,,,,,,,,,,,,,False,False,False,False,False,False,,price_below_sma50,0.68,,2026-10-08
RVTY,"Revvity, Inc.",Healthcare,Diagnostics & Research,153.60000610351562,130.50059982299805,107.05140670776368,157.36000061035156,-0.02389422021004106,-0.02389422021004106,1927266.0,0.5149654877228731,0.5514696442870597,0.3366895255940363,1.5,STRUCTURAL LEADER,0.001634515445955288,,0.012,stmt,,0.013055961259725331,stmt,0.03211,0.08158,0.46225,1.8,True,full,0.03905785070484618,0.9,False,False,True,True,False,False,,,0.68,,2026-10-08
FLEX,FLEX,,,119.33999633789062,114.29079986572266,100.44490003585815,162.07000732421875,-0.263651564480079,-0.263651564480079,,0.9104543736297759,0.44207503920178914,-0.15326275371284748,0.5,OUTPERFORMING,,,,,,,,,,,,,,,,False,False,False,True,False,False,,too_far_from_52w_high_-26.4pct,0.68,,2026-10-08
TT,TT,,,467.2699890136719,453.4352581787109,447.1995083618164,502.2725524902344,-0.06968838592318471,-0.06968838592318471,1165280.0,-0.06191797391927878,-0.12864029230968188,-0.05566423327162395,-1.5,STRUCTURAL LAGGARD,,,,,,,,,,,,,,,,False,False,True,False,False,False,,,0.68,,2026-10-08
AVY,AVY,,,166.97000122070312,173.55806915283202,170.82240394592284,,,,,-0.11573472139450569,-0.17649100579524002,0.012935060129281695,-0.5,UNDERPERFORMING,,,,,,,,,,,,,,,,False,False,False,False,False,False,,price_below_sma50,0.68,,2026-10-08
VRSN,VRSN,,,294.2200012207031,289.9024719238281,265.48418228149416,309.0926513671875,-0.048117126307271385,-0.048117126307271385,774160.0,-0.07198894565208636,-0.05261565109376254,0.060402473982529514,-0.5,UNDERPERFORMING,,,,,,,,,,,,,,,,False,False,True,False,False,False,,,0.68,,2026-10-08
ECL,ECL,,,278.1000061035156,278.667607421875,272.76339653015134,,,,,-0.16640178333074251,-0.12274927319346562,-0.015545206933441413,-1.5,STRUCTURAL LAGGARD,,,,,,,,,,,,,,,,False,False,False,False,False,False,,price_below_sma50,0.68,,2026-10-08
USB,USB,,,56.16999816894531,61.19824485778808,56.686054725646976,,,,,0.0539287669547206,-0.13379093311321744,-0.12360136044000869,-0.5,UNDERPERFORMING,,,,,,,,,,,,,,,,False,False,False,False,False,False,,price_below_sma50,0.68,,2026-10-08
NRG,NRG,,,108.61000061035156,112.26603485107422,139.39539817810058,,,,,-0.49791628673015975,-0.4731226660250165,-0.25584412904188014,-1.5,STRUCTURAL LAGGARD,,,,,,,,,,,,,,,,False,False,False,False,False,False,,price_below_sma50,0.68,,2026-10-08
ECHO,ECHO,,,97.69000244140625,90.22440002441407,108.67139987945556,,,,,0.12532771804229115,-0.3354394614021865,-0.014450856578263283,-0.5,UNDERPERFORMING,,,,,,,,,,,,,,,,False,False,False,False,False,False,,sma50_below_sma200,0.68,,2026-10-08
GEN,GEN,,,22.389999389648438,27.708607063293456,24.352362213134764,,,,,-0.3375748107811297,0.08185591513229906,-0.16410046490790442,-0.5,UNDERPERFORMING,,,,,,,,,,,,,,,,False,False,False,False,False,False,,price_below_sma50,0.68,,2026-10-08
TMO,Thermo Fisher Scientific Inc.,Healthcare,Diagnostics & Research,662.0599975585938,622.9680859375,543.2692864990235,679.6099853515625,-0.025823616737900235,-0.025823616737900235,1993574.0,0.0581524368554589,0.17633133956739577,0.22506950714544183,1.5,STRUCTURAL LEADER,0.09345794392523352,,0.094,stmt,,0.10503040353786622,stmt,0.13515,0.15036,0.8057500000000001,1.551,True,full,0.02771974395425112,0.74,False,False,True,True,False,False,,,0.68,,2026-10-08
TRGP,Targa Resources Corp.,Energy,Oil & Gas Midstream,283.9599914550781,282.14454162597656,248.34980537414552,302.25,-0.06051284878386065,-0.06051284878386065,1212368.0,0.5686792644592256,0.02257553896264297,0.01162135962722255,1.5,STRUCTURAL LEADER,0.2215485435729139,,0.233,stmt,,0.04225252928335015,stmt,0.70839995,0.13545,5.15794,0.771,True,full,0.027244783173147467,0.46,False,False,True,True,False,False,,,0.68,,2026-10-08
WELL,WELL,,,221.1199951171875,234.02706115722657,213.49050895690917,,,,,0.12288067868882346,-0.0695656826701676,-0.07365983151236155,-0.5,UNDERPERFORMING,,,,,,,,,,,,,,,,False,False,False,False,False,False,,price_below_sma50,0.68,,2026-10-08
RTX,RTX,,,180.25999450683594,204.31482940673828,193.90543350219727,,,,,-0.09335468070309916,-0.2551080733433272,-0.10897625630999708,-1.5,STRUCTURAL LAGGARD,,,,,,,,,,,,,,,,False,False,False,False,False,False,,price_below_sma50,0.68,,2026-10-08
SWKS,"Skyworks Solutions, Inc.",Technology,Semiconductors,83.43000030517578,75.46560012817383,65.62960531234741,91.44999694824219,-0.08769816195407276,-0.08769816195407276,7232522.0,-0.015427774311182363,0.33897526393908617,0.3496938554196267,0.5,OUTPERFORMING,-0.6714285714285715,,-0.686,stmt,,-0.03129533678756476,stmt,0.05094,0.072270006,0.11869,3.101,True,full,0.050435776628165584,0.64,False,False,True,True,False,False,,,0.68,,2026-10-08
FSLR,FSLR,,,180.1300048828125,206.01160064697265,223.0415512084961,,,,,-0.3836618184334173,-0.2357061195751694,-0.24142166661453435,-1.5,STRUCTURAL LAGGARD,,,,,,,,,,,,,,,,False,False,False,False,False,False,,price_below_sma50,0.68,,2026-10-08
AOS,AOS,,,55.34000015258789,59.77413185119629,63.6640119934082,,,,,-0.3817362676721514,-0.3165707078503638,-0.11089168556950357,-1.5,STRUCTURAL LAGGARD,,,,,,,,,,,,,,,,False,False,False,False,False,False,,price_below_sma50,0.68,,2026-10-08
ATO,ATO,,,159.2100067138672,165.17396850585936,172.7214926147461,,,,,-0.24274591511096288,-0.31124115014853426,-0.1230313260373791,-1.5,STRUCTURAL LAGGARD,,,,,,,,,,,,,,,,False,False,False,False,False,False,,price_below_sma50,0.68,,2026-10-08
ABT,ABT,,,98.7300033569336,106.48160018920899,102.77051502227783,,,,,-0.4147124754901784,-0.17482800616129512,0.026543631586720684,-0.5,UNDERPERFORMING,,,,,,,,,,,,,,,,False,False,False,False,False,False,,price_below_sma50,0.68,,2026-10-08
LNT,LNT,,,65.20999908447266,67.5418318939209,69.58395515441894,,,,,-0.18631173027787584,-0.25095069323964314,-0.17203051939682001,-1.5,STRUCTURAL LAGGARD,,,,,,,,,,,,,,,,False,False,False,False,False,False,,price_below_sma50,0.68,,2026-10-08
HSIC,HSIC,,,83.66000366210938,87.65139984130859,80.37340000152588,,,,,0.11537052383790636,-0.0425916476257604,-0.04082279571879255,-0.5,UNDERPERFORMING,,,,,,,,,,,,,,,,False,False,False,False,False,False,,price_below_sma50,0.68,,2026-10-08
LYB,LYB,,,58.4900016784668,62.076243515014646,61.23737779617309,,,,,0.09144741674946433,-0.32267800928101853,0.01663709237872979,0.5,OUTPERFORMING,,,,,,,,,,,,,,,,False,False,False,True,False,False,,price_below_sma50,0.68,,2026-10-08
VMC,VMC,,,244.1300048828125,262.7796517944336,282.5475901031494,,,,,-0.35669379693561143,-0.31255388124704475,-0.20366007886789528,-1.5,STRUCTURAL LAGGARD,,,,,,,,,,,,,,,,False,False,False,False,False,False,,price_below_sma50,0.68,,2026-10-08
TSCO,TSCO,,,32.52000045776367,33.47295455932617,39.116686248779295,,,,,-0.5540360984728886,-0.4256321898373844,0.04401012977988983,-0.5,UNDERPERFORMING,,,,,,,,,,,,,,,,False,False,False,False,False,False,,price_below_sma50,0.68,,2026-10-08
DVA,DVA,,,176.77999877929688,185.9590005493164,170.99259998321534,,,,,0.17496673673792706,0.024302073731189422,-0.2726908027058794,0.5,OUTPERFORMING,,,,,,,,,,,,,,,,False,False,False,True,False,False,,price_below_sma50,0.68,,2026-10-08
WDC,WDC,,,405.4200134277344,461.61000366210936,403.5443943786621,,,,,2.2126916878521783,0.05167886680238065,-0.335939196932204,0.5,OUTPERFORMING,,,,,,,,,,,,,,,,False,False,False,True,False,False,,price_below_sma50,0.68,,2026-10-08
LVS,LVS,,,35.810001373291016,43.17470611572266,50.793454265594484,,,,,-0.46780031690679036,-0.4835610071681552,-0.2601836683482174,-1.5,STRUCTURAL LAGGARD,,,,,,,,,,,,,,,,False,False,False,False,False,False,,price_below_sma50,0.68,,2026-10-08
CLX,CLX,,,82.20999908447266,94.47913482666016,99.45786315917968,,,,,-0.45999003439135633,-0.36635566248504103,-0.17072116539013327,-1.5,STRUCTURAL LAGGARD,,,,,,,,,,,,,,,,False,False,False,False,False,False,,price_below_sma50,0.68,,2026-10-08
CTSH,CTSH,,,57.06999969482422,59.37971984863281,59.97397150039673,,,,,-0.31512654577158794,-0.17240241507058918,0.3164210949123596,-0.5,UNDERPERFORMING,,,,,,,,,,,,,,,,False,False,False,False,False,False,,price_below_sma50,0.68,,2026-10-08
EQIX,EQIX,,,1031.77001953125,1041.0572595214844,984.5864349365235,,,,,0.16484803323917818,-0.13896918346649634,-0.0458582291214924,-0.5,UNDERPERFORMING,,,,,,,,,,,,,,,,False,False,False,False,False,False,,price_below_sma50,0.68,,2026-10-08
RF,RF,,,26.700000762939453,29.574144554138183,28.231016521453856,,,,,-0.09443249363248518,-0.1816484878570691,-0.16259047861415787,-1.5,STRUCTURAL LAGGARD,,,,,,,,,,,,,,,,False,False,False,False,False,False,,price_below_sma50,0.68,,2026-10-08
SO,SO,,,85.44000244140625,88.41401657104493,91.00603946685791,,,,,-0.2587041935338479,-0.25887500838081245,-0.1310457047646718,-1.5,STRUCTURAL LAGGARD,,,,,,,,,,,,,,,,False,False,False,False,False,False,,price_below_sma50,0.68,,2026-10-08
NTRS,NTRS,,,168.17999267578125,181.21689178466798,161.9958938598633,,,,,0.12256127774889003,-0.03669367212199215,-0.11147072744640307,-0.5,UNDERPERFORMING,,,,,,,,,,,,,,,,False,False,False,False,False,False,,price_below_sma50,0.68,,2026-10-08
EMR,Emerson Electric Co.,Industrials,Specialty Industrial Machinery,159.22000122070312,155.19687194824218,144.27484508514405,163.82443237304688,-0.0281058880268783,-0.0281058880268783,2617048.0,0.05582202017325,-0.04014370206736917,0.11829026519524577,0.5,OUTPERFORMING,0.23076923076923075,,0.23,stmt,,0.07028332967274324,stmt,0.128,0.13828,0.6767700000000001,0.896,True,full,0.02386633320598281,0.42,False,False,True,True,False,False,,,0.68,,2026-10-08
SYY,SYY,,,76.79000091552734,80.83752349853516,78.74365680694581,,,,,-0.18577629138272123,-0.11078050304275933,-0.10951017517922723,-1.5,STRUCTURAL LAGGARD,,,,,,,,,,,,,,,,False,False,False,False,False,False,,price_below_sma50,0.68,,2026-10-08
WSM,"Williams-Sonoma, Inc.",Consumer Cyclical,Specialty Retail,240.4600067138672,234.13740020751953,208.8168231201172,251.77999877929688,-0.04495985431850158,-0.04495985431850158,1101334.0,0.11569503004463688,0.11722173936264335,0.05593986055169076,1.5,STRUCTURAL LEADER,0.4137931034482761,,0.42,stmt,,0.06696411071669679,stmt,0.54960996,0.14729,0.71369,1.447,True,full,0.026758227919808437,0.02,True,False,True,True,False,False,,,0.68,,2026-10-08
CVNA,CVNA,,,62.7599983215332,68.74199996948242,71.53271995544434,,,,,-0.32668890338367385,-0.18907428637828871,-0.07869037336300866,-1.5,STRUCTURAL LAGGARD,,,,,,,,,,,,,,,,False,False,False,False,False,False,,price_below_sma50,0.68,,2026-10-08
ISRG,ISRG,,,414.5199890136719,383.4311993408203,444.97774948120116,,,,,-0.2340045263262167,-0.23775964489662216,-0.013027588482523944,-1.5,STRUCTURAL LAGGARD,,,,,,,,,,,,,,,,False,False,False,False,False,False,,sma50_below_sma200,0.68,,2026-10-08
APO,APO,,,115.55000305175781,128.027283782959,125.35093349456787,,,,,-0.2422178499323323,-0.059667896528923015,-0.0678030616939973,-1.5,STRUCTURAL LAGGARD,,,,,,,,,,,,,,,,False,False,False,False,False,False,,price_below_sma50,0.68,,2026-10-08
UNH,UNH,,,375.9800109863281,389.44777587890627,353.33695266723635,,,,,-0.11267968038231468,0.09072020022469385,-0.14115225424641897,-0.5,UNDERPERFORMING,,,,,,,,,,,,,,,,False,False,False,False,False,False,,price_below_sma50,0.68,,2026-10-08
GWW,GWW,,,1263.510009765625,1295.0266674804689,1207.1478167724608,,,,,0.15457816131982938,-0.06673647068514477,-0.11185281295267524,-0.5,UNDERPERFORMING,,,,,,,,,,,,,,,,False,False,False,False,False,False,,price_below_sma50,0.68,,2026-10-08
NVR,NVR,,,5931.6201171875,6258.856826171875,6667.085451660157,,,,,-0.4175134504957231,-0.2764552806851548,-0.1165954155893335,-1.5,STRUCTURAL LAGGARD,,,,,,,,,,,,,,,,False,False,False,False,False,False,,price_below_sma50,0.68,,2026-10-08
GM,GM,,,80.98999786376953,84.98855697631836,80.38082809448242,,,,,0.2525412249939949,-0.08891787340174617,0.010430306915587106,0.5,OUTPERFORMING,,,,,,,,,,,,,,,,False,False,False,True,False,False,,price_below_sma50,0.68,,2026-10-08
ROK,ROK,,,441.8999938964844,436.40594665527345,422.65959716796874,493.55963134765625,-0.10466746907585633,-0.10466746907585633,768876.0,0.12685762648991972,-0.022985644982095543,-0.09318096135204912,-0.5,UNDERPERFORMING,,,,,,,,,,,,,,,,False,False,True,False,False,False,,,0.68,,2026-10-08
ED,ED,,,104.63999938964844,106.33151931762696,106.64890209197998,,,,,-0.09341322301253419,-0.22369181960527418,-0.08264710935030695,-1.5,STRUCTURAL LAGGARD,,,,,,,,,,,,,,,,False,False,False,False,False,False,,price_below_sma50,0.68,,2026-10-08
PLD,PLD,,,127.30000305175781,136.78045166015625,136.02348052978516,,,,,-0.041926748826398796,-0.2125126446187604,-0.12121031058606024,-1.5,STRUCTURAL LAGGARD,,,,,,,,,,,,,,,,False,False,False,False,False,False,,price_below_sma50,0.68,,2026-10-08
CBRE,CBRE,,,127.55999755859375,143.1410006713867,144.68425060272216,,,,,-0.3386689089374765,-0.2535035566062993,-0.11784306075554563,-1.5,STRUCTURAL LAGGARD,,,,,,,,,,,,,,,,False,False,False,False,False,False,,price_below_sma50,0.68,,2026-10-08
F,F,,,12.119999885559082,13.61047357559204,13.256706609725953,,,,,-0.10990275735861754,-0.13537585219075687,-0.15696482833410386,-1.5,STRUCTURAL LAGGARD,,,,,,,,,,,,,,,,False,False,False,False,False,False,,price_below_sma50,0.68,,2026-10-08
MCO,MCO,,,449.6300048828125,478.89838439941406,468.9447268676758,,,,,-0.2455405891232575,-0.11825377250171076,-0.10737067732048855,-1.5,STRUCTURAL LAGGARD,,,,,,,,,,,,,,,,False,False,False,False,False,False,,price_below_sma50,0.68,,2026-10-08
KO,KO,,,85.81999969482422,87.67024124145507,79.3813776397705,,,,,0.14499409667693985,-0.03750970286315991,0.0019861502659783703,0.5,OUTPERFORMING,,,,,,,,,,,,,,,,False,False,False,True,False,False,,price_below_sma50,0.68,,2026-10-08
HUBB,HUBB,,,485.4100036621094,471.4112854003906,485.83832931518555,,,,,0.015435777878536339,-0.22256941931107188,-0.028956247646174438,-0.5,UNDERPERFORMING,,,,,,,,,,,,,,,,False,False,False,False,False,False,,sma50_below_sma200,0.68,,2026-10-08
Q,Q,,,129.72000122070312,127.52395202636718,126.38428092956543,175.52316284179688,-0.26095223490461605,-0.26095223490461605,,,-0.1489766032300227,-0.12936835130462732,-1.0,STRONG UNDERPERFORMER,,,,,,,,,,,,,,,,False,False,False,False,False,False,,too_far_from_52w_high_-26.1pct,0.68,,2026-10-08
WYNN,WYNN,,,74.97000122070312,91.3547640991211,101.96455780029297,,,,,-0.5584170946551823,-0.4305319900883101,-0.2787871400787215,-1.5,STRUCTURAL LAGGARD,,,,,,,,,,,,,,,,False,False,False,False,False,False,,price_below_sma50,0.68,,2026-10-08
TKO,TKO,,,178.63999938964844,187.2992156982422,194.66476814270018,,,,,-0.2573617638392698,-0.23517147589555454,-0.059324665468356574,-1.5,STRUCTURAL LAGGARD,,,,,,,,,,,,,,,,False,False,False,False,False,False,,price_below_sma50,0.68,,2026-10-08
STZ,STZ,,,118.38999938964844,126.1209994506836,141.44533294677734,,,,,-0.30460124438608793,-0.41230242478907153,-0.14198453186268267,-1.5,STRUCTURAL LAGGARD,,,,,,,,,,,,,,,,False,False,False,False,False,False,,price_below_sma50,0.68,,2026-10-08
FDX,FDX,,,289.0400085449219,311.11938110351565,297.9182639312744,,,,,0.3312335994464142,-0.1901364400691694,-0.10995805720309304,-0.5,UNDERPERFORMING,,,,,,,,,,,,,,,,False,False,False,False,False,False,,price_below_sma50,0.68,,2026-10-08
AFL,AFL,,,112.73999786376953,117.7476676940918,114.1944277191162,,,,,-0.15489834357940535,-0.14162054567832993,-0.10261702912824555,-1.5,STRUCTURAL LAGGARD,,,,,,,,,,,,,,,,False,False,False,False,False,False,,price_below_sma50,0.68,,2026-10-08
PEG,PEG,,,71.73999786376953,72.22521118164063,77.51734882354737,,,,,-0.2525920918633019,-0.278870097508251,-0.133317281810596,-1.5,STRUCTURAL LAGGARD,,,,,,,,,,,,,,,,False,False,False,False,False,False,,price_below_sma50,0.68,,2026-10-08
LYV,LYV,,,170.83999633789062,176.75460021972657,164.29535057067872,,,,,-0.07423515550798654,-0.10504133989309006,-0.08183533279916844,-1.5,STRUCTURAL LAGGARD,,,,,,,,,,,,,,,,False,False,False,False,False,False,,price_below_sma50,0.68,,2026-10-08
FANG,FANG,,,184.3800048828125,196.65743041992187,183.63533309936523,,,,,0.09393520269220468,-0.14834859147288615,-0.02111980585783413,-0.5,UNDERPERFORMING,,,,,,,,,,,,,,,,False,False,False,False,False,False,,price_below_sma50,0.68,,2026-10-08
IRM,IRM,,,115.75,117.67608352661132,111.34863945007324,,,,,-0.044191608508437064,-0.06834513793905295,-0.07205685077869362,-1.5,STRUCTURAL LAGGARD,,,,,,,,,,,,,,,,False,False,False,False,False,False,,price_below_sma50,0.68,,2026-10-08
HUM,Humana Inc.,Healthcare,Healthcare Plans,396.510009765625,386.2791986083984,294.64011474609373,409.79998779296875,-0.03243040122797136,-0.03243040122797136,1204028.0,0.18351605226195988,0.8653050926856538,-0.021117287900226156,0.5,OUTPERFORMING,-0.4393792434529583,,0.271,stmt,,0.26179449178708164,stmt,0.06893,0.00878,0.76485,1.742,True,full,0.03518916132709576,0.52,False,False,True,True,False,False,,,0.68,,2026-10-08
VRTX,VRTX,,,505.6400146484375,519.4980010986328,474.4160998535156,,,,,0.058339627719399045,-0.017170006919042136,0.009663980123032712,0.5,OUTPERFORMING,,,,,,,,,,,,,,,,False,False,False,True,False,False,,price_below_sma50,0.68,,2026-10-08
RSG,RSG,,,216.17999267578125,216.01550689697265,213.84731826782226,230.19033813476562,-0.14789476495186737,-0.060864176891655575,1502828.0,-0.19191748492459193,-0.1465384625040489,-0.04262967719403843,-1.5,STRUCTURAL LAGGARD,,,,,,,,,,,,,,,,False,False,True,False,False,False,,,0.68,,2026-10-08
META,"Meta Platforms, Inc.",Communication Services,Internet Content & Information,721.3099975585938,633.08369140625,628.5674826049805,777.5900268554688,-0.0832338187040752,-0.0723775091669685,19783820.0,-0.15911436726169437,0.0009277285371229738,0.04664852191551416,0.5,OUTPERFORMING,-0.1442307692307692,,-0.134,stmt,,0.2795900328310464,stmt,0.29848,0.29834998,0.42997,2.226,True,full,0.039618586869673116,0.74,False,False,True,True,False,False,,,0.68,,2026-10-08
AIG,AIG,,,75.66000366210938,75.9765071105957,76.05249870300293,,,,,-0.25173387046820606,-0.1624573496172248,-0.0700594183905916,-1.5,STRUCTURAL LAGGARD,,,,,,,,,,,,,,,,False,False,False,False,False,False,,price_below_sma50,0.68,,2026-10-08
EIX,EIX,,,54.40999984741211,61.85967498779297,66.15025672912597,,,,,-0.1036596951012958,-0.41082780935291163,-0.29661516263206944,-1.5,STRUCTURAL LAGGARD,,,,,,,,,,,,,,,,False,False,False,False,False,False,,price_below_sma50,0.68,,2026-10-08
CPRT,CPRT,,,26.6200008392334,30.345000076293946,33.31400015830994,,,,,-0.5722330766301381,-0.34200156535804715,-0.0647585226428079,-1.5,STRUCTURAL LAGGARD,,,,,,,,,,,,,,,,False,False,False,False,False,False,,price_below_sma50,0.68,,2026-10-08
MNST,MNST,,,42.880001068115234,45.21140014648437,42.48230009078979,,,,,0.08431354299157867,-0.023305707937041342,-0.15147179912602593,-0.5,UNDERPERFORMING,,,,,,,,,,,,,,,,False,False,False,False,False,False,,price_below_sma50,0.68,,2026-10-08
AXON,AXON,,,406.0,523.0092010498047,494.80225036621096,,,,,-0.6059370137149125,0.00669599620583794,-0.31448698794917584,-0.5,UNDERPERFORMING,,,,,,,,,,,,,,,,False,False,False,False,False,False,,price_below_sma50,0.68,,2026-10-08
ROST,ROST,,,225.52999877929688,236.36280364990233,217.79007217407226,,,,,0.33853069364362676,-0.14224826273569313,-0.018209579928045505,-0.5,UNDERPERFORMING,,,,,,,,,,,,,,,,False,False,False,False,False,False,,price_below_sma50,0.68,,2026-10-08
EXE,EXE,,,88.12000274658203,92.74595581054687,97.17181446075439,,,,,-0.3474999031751811,-0.2525753197481493,-0.016015704335499592,-1.5,STRUCTURAL LAGGARD,,,,,,,,,,,,,,,,False,False,False,False,False,False,,price_below_sma50,0.68,,2026-10-08
TSN,TSN,,,51.70000076293945,54.544967346191406,59.01950590133667,,,,,-0.1868528387314241,-0.3445339274913274,-0.12970942924048479,-1.5,STRUCTURAL LAGGARD,,,,,,,,,,,,,,,,False,False,False,False,False,False,,price_below_sma50,0.68,,2026-10-08
PCAR,PCAR,,,106.86000061035156,123.03831954956054,120.21113552093506,,,,,-0.04154240507807527,-0.3029800277221494,-0.17195264098462082,-1.5,STRUCTURAL LAGGARD,,,,,,,,,,,,,,,,False,False,False,False,False,False,,price_below_sma50,0.68,,2026-10-08
IR,IR,,,77.23999786376953,78.78711074829101,81.52276836395264,,,,,-0.22366706554575988,-0.26094443236363474,-0.05224234347596024,-1.5,STRUCTURAL LAGGARD,,,,,,,,,,,,,,,,False,False,False,False,False,False,,price_below_sma50,0.68,,2026-10-08
PANW,"Palo Alto Networks, Inc.",Technology,Software - Infrastructure,405.57000732421875,367.30339965820315,253.71924995422364,419.9100036621094,-0.034150166018501515,-0.034150166018501515,6132362.0,0.7476814338639017,1.279795534903393,0.21236826686180077,1.5,STRUCTURAL LEADER,-1.9210526315789473,,,stmt,,0.34447817687182114,stmt,0.01739,0.02674,0.09337,0.871,True,full,0.04006530247132192,0.2,True,False,True,True,False,False,,,0.68,,2026-10-08
TRV,TRV,,,360.6099853515625,369.0003314208984,319.2089962768555,,,,,0.11068465127259541,0.04937115845377149,0.035580065153039575,1.5,STRUCTURAL LEADER,,,,,,,,,,,,,,,,False,False,False,True,False,False,,price_below_sma50,0.68,,2026-10-08
GOOG,GOOG,,,347.3699951171875,342.80419677734375,337.6528456115723,398.541259765625,-0.12839640412270092,-0.12839640412270092,17244152.0,0.2351988013236368,-0.04955215862424267,-0.052995477840859895,-0.5,UNDERPERFORMING,,,,,,,,,,,,,,,,False,False,True,False,False,False,,,0.68,,2026-10-08
NOC,NOC,,,473.4599914550781,532.8280187988281,592.6456233215332,,,,,-0.4000270724950885,-0.4571558685188867,-0.15068582582545187,-1.5,STRUCTURAL LAGGARD,,,,,,,,,,,,,,,,False,False,False,False,False,False,,price_below_sma50,0.68,,2026-10-08
IDXX,IDXX,,,506.6700134277344,541.3782049560547,585.267749786377,,,,,-0.3663616457613127,-0.28243986034143675,-0.13301853707521172,-1.5,STRUCTURAL LAGGARD,,,,,,,,,,,,,,,,False,False,False,False,False,False,,price_below_sma50,0.68,,2026-10-08
KR,KR,,,59.25,58.12699981689453,62.859356594085696,,,,,-0.26809078985852974,-0.2964493062259794,-0.0466481386989952,-1.5,STRUCTURAL LAGGARD,,,,,,,,,,,,,,,,False,False,False,False,False,False,,sma50_below_sma200,0.68,,2026-10-08
MTB,MTB,,,216.6300048828125,235.94131439208985,221.69987831115722,,,,,0.001339892895509287,-0.16433114244477698,-0.132376971901358,-0.5,UNDERPERFORMING,,,,,,,,,,,,,,,,False,False,False,False,False,False,,price_below_sma50,0.68,,2026-10-08
LEN,LEN,,,76.12999725341797,82.60467666625976,92.41710506439209,,,,,-0.5341015188511694,-0.27754760327977723,-0.1227761679523437,-1.5,STRUCTURAL LAGGARD,,,,,,,,,,,,,,,,False,False,False,False,False,False,,price_below_sma50,0.68,,2026-10-08
ARES,ARES,,,115.75,131.61631530761719,126.50526210784912,,,,,-0.3631495890450913,-0.02151224310757982,-0.07176281611660995,-1.5,STRUCTURAL LAGGARD,,,,,,,,,,,,,,,,False,False,False,False,False,False,,price_below_sma50,0.68,,2026-10-08
IVZ,IVZ,,,30.5,31.385731353759766,27.59864604949951,,,,,0.13169058454474603,0.1639390350135348,0.027434176667721077,1.5,STRUCTURAL LEADER,,,,,,,,,,,,,,,,False,False,False,True,False,False,,price_below_sma50,0.68,,2026-10-08
IBKR,IBKR,,,87.73999786376953,90.45466751098633,81.55450696945191,,,,,0.0964425397600075,0.07322521477278632,-0.098699374824334,0.5,OUTPERFORMING,,,,,,,,,,,,,,,,False,False,False,True,False,False,,price_below_sma50,0.68,,2026-10-08
BEN,BEN,,,32.47999954223633,33.333504638671876,29.066968898773194,,,,,0.282599371798959,0.17459912315515003,-0.05260946648646936,0.5,OUTPERFORMING,,,,,,,,,,,,,,,,False,False,False,True,False,False,,price_below_sma50,0.68,,2026-10-08
HST,HST,,,22.239999771118164,22.596208267211914,20.679720067977904,,,,,0.28714400883943836,0.021363570802295895,-0.06397910145307262,0.5,OUTPERFORMING,,,,,,,,,,,,,,,,False,False,False,True,False,False,,price_below_sma50,0.68,,2026-10-08
SOLV,SOLV,,,85.87999725341797,88.4513996887207,78.04429990768432,,,,,0.01604589211314722,0.1487602305585667,0.08763205263316598,1.5,STRUCTURAL LEADER,,,,,,,,,,,,,,,,False,False,False,True,False,False,,price_below_sma50,0.68,,2026-10-08
ROP,ROP,,,358.57000732421875,388.9729248046875,365.9546493530273,,,,,-0.4650119395281287,-0.11892040973610363,-0.022017965798445838,-1.5,STRUCTURAL LAGGARD,,,,,,,,,,,,,,,,False,False,False,False,False,False,,price_below_sma50,0.68,,2026-10-08
BKR,BKR,,,55.40999984741211,60.4621662902832,59.2333394241333,,,,,-0.015659320137808352,-0.2690669850885541,-0.06586601328024178,-1.5,STRUCTURAL LAGGARD,,,,,,,,,,,,,,,,False,False,False,False,False,False,,price_below_sma50,0.68,,2026-10-08
HONA,HONA,,,153.07000732421875,166.1306005859375,,,,,,,,-0.33864618197536733,-0.5,UNDERPERFORMING,,,,,,,,,,,,,,,,False,False,False,False,False,False,,price_below_sma50,0.68,,2026-10-08
COIN,COIN,,,178.4499969482422,174.01100006103516,184.49099967956542,,,,,-0.6992081351817598,-0.09312056575521588,0.08977803569976106,-0.5,UNDERPERFORMING,,,,,,,,,,,,,,,,False,False,False,False,False,False,,sma50_below_sma200,0.68,,2026-10-08
NSC,NSC,,,313.20001220703125,329.3227600097656,309.9839128112793,,,,,-0.0968193076780679,-0.07949197624606152,-0.07184627334605953,-1.5,STRUCTURAL LAGGARD,,,,,,,,,,,,,,,,False,False,False,False,False,False,,price_below_sma50,0.68,,2026-10-08
ABBV,AbbVie Inc.,Healthcare,Drug Manufacturers - General,271.3599853515625,258.32939849853517,230.2235841369629,271.3599853515625,0.0,0.0,4675710.0,0.0275551572074626,0.14844492672164344,0.06957141907981312,1.5,STRUCTURAL LEADER,2.850487283547236,,2.904,stmt,,0.10160150424690398,stmt,,0.098000005,,0.809,True,partial,0.020020847810086673,0.2,True,False,True,True,False,False,,,0.68,,2026-10-08
NDAQ,NDAQ,,,91.93000030517578,94.60890274047851,90.0839245223999,,,,,-0.12090623882167395,-0.04961787589900646,0.015183569687771792,-0.5,UNDERPERFORMING,,,,,,,,,,,,,,,,False,False,False,False,False,False,,price_below_sma50,0.68,,2026-10-08
VZ,VZ,,,45.77000045776367,48.232000274658205,45.66583854675293,,,,,0.006987750514651614,-0.15999689160912123,0.05460215973873095,0.5,OUTPERFORMING,,,,,,,,,,,,,,,,False,False,False,True,False,False,,price_below_sma50,0.68,,2026-10-08
SPGI,SPGI,,,395.17999267578125,414.6101641845703,421.25916168212893,,,,,-0.2983545851232997,-0.15999482510984364,-0.11203815634030401,-1.5,STRUCTURAL LAGGARD,,,,,,,,,,,,,,,,False,False,False,False,False,False,,price_below_sma50,0.68,,2026-10-08
BMY,BMY,,,59.70000076293945,63.693500671386715,58.23649135589599,,,,,0.2221612463793583,-0.12319910520633326,0.015501343169360249,0.5,OUTPERFORMING,,,,,,,,,,,,,,,,False,False,False,True,False,False,,price_below_sma50,0.68,,2026-10-08
CRM,"Salesforce, Inc.",Technology,Software - Application,224.55999755859375,223.00378234863283,199.22880516052246,264.4169921875,-0.36775718737181595,-0.15073537558676775,13504516.0,-0.229460799876,0.17116714385516296,0.3453332027445224,0.5,OUTPERFORMING,1.1827411167512691,,1.189,stmt,,0.10834310277452129,stmt,0.19381,0.2199,1.10417,0.839,True,full,0.035008142512074764,0.04,True,False,True,True,False,False,,,0.68,,2026-10-08
DOC,DOC,,,18.65999984741211,20.59847038269043,18.512520289421083,,,,,-0.13233237151831423,0.003951096225608852,-0.15757531832081517,-0.5,UNDERPERFORMING,,,,,,,,,,,,,,,,False,False,False,False,False,False,,price_below_sma50,0.68,,2026-10-08
HSY,HSY,,,160.33999633789062,174.7643615722656,188.28882148742676,,,,,-0.3243770091065963,-0.3765589218768667,-0.10149700123214334,-1.5,STRUCTURAL LAGGARD,,,,,,,,,,,,,,,,False,False,False,False,False,False,,price_below_sma50,0.68,,2026-10-08
DG,DG,,,122.13999938964844,123.65949493408203,125.31455066680908,,,,,0.11767063314238158,-0.11865816528956974,0.0001257837139876372,0.5,OUTPERFORMING,,,,,,,,,,,,,,,,False,False,False,True,False,False,,price_below_sma50,0.68,,2026-10-08
GLW,GLW,,,163.25,154.3250358581543,151.26583072662353,255.20944213867188,-0.36032930979373534,-0.36032930979373534,,0.7618836573222749,-0.18420087164119425,-0.1752401530937211,-0.5,UNDERPERFORMING,,,,,,,,,,,,,,,,False,False,False,False,False,False,,too_far_from_52w_high_-36.0pct,0.68,,2026-10-08
DHI,DHI,,,133.27999877929688,143.25245330810546,147.62494842529296,,,,,-0.33715635963786794,-0.21610581059860134,-0.15016300642848313,-1.5,STRUCTURAL LAGGARD,,,,,,,,,,,,,,,,False,False,False,False,False,False,,price_below_sma50,0.68,,2026-10-08
XYL,XYL,,,101.81999969482422,110.89102722167969,119.72347274780273,,,,,-0.47708242630931874,-0.35595889052626706,-0.18889806243810503,-1.5,STRUCTURAL LAGGARD,,,,,,,,,,,,,,,,False,False,False,False,False,False,,price_below_sma50,0.68,,2026-10-08
MAS,MAS,,,68.87000274658203,71.37222412109375,69.6984087753296,,,,,-0.15043362915945924,-0.052992892277749615,-0.14341133913104176,-1.5,STRUCTURAL LAGGARD,,,,,,,,,,,,,,,,False,False,False,False,False,False,,price_below_sma50,0.68,,2026-10-08
MDT,MDT,,,85.51000213623047,89.44140396118163,87.01826152801513,,,,,-0.2756406473244901,-0.15938771100924232,-0.004139276019820448,-1.5,STRUCTURAL LAGGARD,,,,,,,,,,,,,,,,False,False,False,False,False,False,,price_below_sma50,0.68,,2026-10-08
PODD,PODD,,,134.36000061035156,143.41480041503905,191.04310050964355,,,,,-0.7454381545438074,-0.475158839433486,-0.19896972112601297,-1.5,STRUCTURAL LAGGARD,,,,,,,,,,,,,,,,False,False,False,False,False,False,,price_below_sma50,0.68,,2026-10-08
PAYX,PAYX,,,101.55000305175781,116.13880020141602,102.08456878662109,,,,,-0.3393939305353255,0.03395886147556282,-0.07792310305698935,-0.5,UNDERPERFORMING,,,,,,,,,,,,,,,,False,False,False,False,False,False,,price_below_sma50,0.68,,2026-10-08
EOG,EOG,,,144.2100067138672,144.4674008178711,131.50702056884765,,,,,0.17695971264101895,-0.07695311462905274,0.05131741207291962,0.5,OUTPERFORMING,,,,,,,,,,,,,,,,False,False,False,True,False,False,,price_below_sma50,0.68,,2026-10-08
HBAN,HBAN,,,15.170000076293945,16.5083584022522,16.589747219085694,,,,,-0.2341538160742166,-0.21711980553937615,-0.17474664030616216,-1.5,STRUCTURAL LAGGARD,,,,,,,,,,,,,,,,False,False,False,False,False,False,,price_below_sma50,0.68,,2026-10-08
EL,EL,,,94.44999694824219,94.26995727539062,91.3881060409546,118.37454223632812,-0.2021088727027297,-0.2021088727027297,,-0.140492025841779,0.14918060215191886,0.11445854885138473,0.5,OUTPERFORMING,,,,,,,,,,,,,,,,False,False,False,True,False,False,,too_far_from_52w_high_-20.2pct,0.68,,2026-10-08
CBOE,CBOE,,,281.57000732421875,286.6325051879883,286.35611938476563,,,,,0.0033420125604444184,-0.18919503894232326,0.02122274904114163,0.5,OUTPERFORMING,,,,,,,,,,,,,,,,False,False,False,True,False,False,,price_below_sma50,0.68,,2026-10-08
FITB,FITB,,,50.119998931884766,54.047816619873046,50.92596639633179,,,,,0.011594823034617452,-0.13547248019786462,-0.14653855815483474,-0.5,UNDERPERFORMING,,,,,,,,,,,,,,,,False,False,False,False,False,False,,price_below_sma50,0.68,,2026-10-08
TPL,TPL,,,345.7900085449219,361.73729125976564,396.89381927490234,,,,,-0.08640690216254243,-0.23118184731284352,-0.16144740843206895,-1.5,STRUCTURAL LAGGARD,,,,,,,,,,,,,,,,False,False,False,False,False,False,,price_below_sma50,0.68,,2026-10-08
KMB,KMB,,,96.4800033569336,103.59650970458985,100.36005157470703,,,,,-0.34502547819562257,-0.1385124044846524,-0.16346928444631315,-1.5,STRUCTURAL LAGGARD,,,,,,,,,,,,,,,,False,False,False,False,False,False,,price_below_sma50,0.68,,2026-10-08
WDAY,WDAY,,,184.25999450683594,188.23099945068358,156.7935995864868,,,,,-0.3838481829696152,0.4808413645162559,0.2940334619659781,0.5,OUTPERFORMING,,,,,,,,,,,,,,,,False,False,False,True,False,False,,price_below_sma50,0.68,,2026-10-08
GILD,"Gilead Sciences, Inc.",Healthcare,Drug Manufacturers - General,146.85000610351562,143.50322479248047,135.62580238342287,153.04669189453125,-0.04048885810146052,-0.04048885810146052,6040662.0,0.1144829411583641,-0.10276134046250607,0.10541012192943033,0.5,OUTPERFORMING,-6.382165605095541,,,stmt,,0.10196299957633102,stmt,-0.2068,-0.10637999,2.2346500000000002,1.265,False,full,0.02367820476194138,0.32,True,False,True,True,False,False,,,0.68,,2026-10-08
BXP,BXP,,,59.41999816894531,65.5227207183838,61.312327270507815,,,,,-0.3309824060102735,0.008397495463115856,-0.13259746274974615,-0.5,UNDERPERFORMING,,,,,,,,,,,,,,,,False,False,False,False,False,False,,price_below_sma50,0.68,,2026-10-08
DGX,DGX,,,227.05999755859375,236.7823095703125,205.20627067565917,,,,,0.09524367850482562,0.007849107015204693,0.06659515780697522,1.5,STRUCTURAL LEADER,,,,,,,,,,,,,,,,False,False,False,True,False,False,,price_below_sma50,0.68,,2026-10-08
JKHY,JKHY,,,145.69000244140625,156.54979064941406,155.97155902862548,,,,,-0.18569267942921386,-0.19131075867561342,-0.05933191311387287,-1.5,STRUCTURAL LAGGARD,,,,,,,,,,,,,,,,False,False,False,False,False,False,,price_below_sma50,0.68,,2026-10-08
BG,BG,,,105.51000213623047,112.84855010986328,115.28939247131348,,,,,0.11389702701503346,-0.28022609785241614,-0.10330005816701027,-0.5,UNDERPERFORMING,,,,,,,,,,,,,,,,False,False,False,False,False,False,,price_below_sma50,0.68,,2026-10-08
UAL,UAL,,,110.16999816894531,115.24459945678711,109.10494987487793,,,,,-0.03420089678710214,-0.020930752414123788,-0.15768998384334565,-1.5,STRUCTURAL LAGGARD,,,,,,,,,,,,,,,,False,False,False,False,False,False,,price_below_sma50,0.68,,2026-10-08
APTV,APTV,,,44.220001220703125,46.86099983215332,62.82224988937378,,,,,-0.6554382069511003,-0.4133837594627401,-0.30199063653325176,-1.5,STRUCTURAL LAGGARD,,,,,,,,,,,,,,,,False,False,False,False,False,False,,price_below_sma50,0.68,,2026-10-08
PHM,PHM,,,112.33000183105469,123.7728402709961,124.06003086090088,,,,,-0.29994903972154197,-0.22594071262928384,-0.12964146472460347,-1.5,STRUCTURAL LAGGARD,,,,,,,,,,,,,,,,False,False,False,False,False,False,,price_below_sma50,0.68,,2026-10-08
DRI,DRI,,,201.49000549316406,211.7422003173828,202.453941116333,,,,,-0.08877254354366193,-0.10641818156341842,-0.045567873679113746,-1.5,STRUCTURAL LAGGARD,,,,,,,,,,,,,,,,False,False,False,False,False,False,,price_below_sma50,0.68,,2026-10-08
HII,HII,,,260.6700134277344,291.9681109619141,340.5852055358887,,,,,-0.24549312254876232,-0.49686434756452624,-0.11665896541429499,-1.5,STRUCTURAL LAGGARD,,,,,,,,,,,,,,,,False,False,False,False,False,False,,price_below_sma50,0.68,,2026-10-08
DOW,DOW,,,27.770000457763672,29.597706031799316,31.501438941955566,,,,,0.12105109152067417,-0.4029105737212957,-0.06435737039647971,-0.5,UNDERPERFORMING,,,,,,,,,,,,,,,,False,False,False,False,False,False,,price_below_sma50,0.68,,2026-10-08
LH,LH,,,311.9700012207031,319.4510516357422,280.12275131225584,,,,,-0.04710912876413098,-0.0016613272642669319,0.09737975514052666,-0.5,UNDERPERFORMING,,,,,,,,,,,,,,,,False,False,False,False,False,False,,price_below_sma50,0.68,,2026-10-08
PNW,PNW,,,97.54000091552734,97.3609080505371,97.99447261810303,,,,,-0.07258120859944972,-0.19822203810561323,-0.12170636763109544,-1.5,STRUCTURAL LAGGARD,,,,,,,,,,,,,,,,False,False,False,False,False,False,,sma50_below_sma200,0.68,,2026-10-08
SNPS,SNPS,,,502.6700134277344,414.6080017089844,445.5083016967773,,,,,-0.12210197386425059,0.09249296681382324,0.09627270312562786,0.5,OUTPERFORMING,,,,,,,,,,,,,,,,False,False,False,True,False,False,,sma50_below_sma200,0.68,,2026-10-08
D,D,,,61.529998779296875,65.03015640258789,63.32731184005738,,,,,-0.12005153053762907,-0.16975281289871236,-0.14518852182131747,-1.5,STRUCTURAL LAGGARD,,,,,,,,,,,,,,,,False,False,False,False,False,False,,price_below_sma50,0.68,,2026-10-08
AES,AES,,,14.930000305175781,14.783167095184327,14.471491260528564,16.86722755432129,-0.11485155120523649,-0.11485155120523649,7767634.0,-0.08566841554134319,-0.08747159185809683,-0.009790460749974361,-1.5,STRUCTURAL LAGGARD,,,,,,,,,,,,,,,,False,False,True,False,False,False,,,0.68,,2026-10-08
ALGN,ALGN,,,139.8699951171875,158.3922006225586,169.99695007324217,,,,,-0.10203988065557312,-0.34750325752286404,-0.25261789350298824,-1.5,STRUCTURAL LAGGARD,,,,,,,,,,,,,,,,False,False,False,False,False,False,,price_below_sma50,0.68,,2026-10-08
MA,MA,,,570.0599975585938,571.6441967773437,531.205048828125,,,,,-0.18482734516209331,-0.014977820491445248,0.05018667993248149,-0.5,UNDERPERFORMING,,,,,,,,,,,,,,,,False,False,False,False,False,False,,price_below_sma50,0.68,,2026-10-08
PTC,PTC Inc.,Technology,Software - Application,193.60000610351562,146.4217999267578,145.37865058898925,205.8699951171875,-0.10589753292869675,-0.05960066694851485,2326888.0,-0.21690316814440413,0.2419918035058004,0.5199732455277453,0.5,OUTPERFORMING,-0.11864406779661009,,-0.12,stmt,,-0.06815573573191167,stmt,0.35053003,0.41429,0.46335,1.025,True,full,0.039348443422287764,0.58,False,False,True,True,False,False,,,0.68,,2026-10-08
STT,STT,,,174.19000244140625,184.78025146484376,154.0718632888794,,,,,0.3514609380440845,0.12182419058205185,-0.06039402279423167,0.5,OUTPERFORMING,,,,,,,,,,,,,,,,False,False,False,True,False,False,,price_below_sma50,0.68,,2026-10-08
OKE,OKE,,,88.05000305175781,92.02180099487305,85.64540229797363,,,,,0.10720589758652088,-0.10264250945056341,-0.04117592849531104,-0.5,UNDERPERFORMING,,,,,,,,,,,,,,,,False,False,False,False,False,False,,price_below_sma50,0.68,,2026-10-08
ES,ES,,,65.23999786376953,68.75772773742676,68.74715560913086,,,,,-0.23703529279726698,-0.2024533009511036,-0.1498300449775829,-1.5,STRUCTURAL LAGGARD,,,,,,,,,,,,,,,,False,False,False,False,False,False,,price_below_sma50,0.68,,2026-10-08
ETN,Eaton Corporation plc,Industrials,Specialty Industrial Machinery,431.3299865722656,424.1859649658203,389.353256072998,459.9599914550781,-0.06224455477582258,-0.06224455477582258,2094304.0,0.0016799500788997612,-0.06613844116836365,0.029600870096659238,0.5,OUTPERFORMING,-0.16269841269841276,,-0.159,stmt,,0.2138588503130336,stmt,0.19684,0.12752,1.05059,1.24,True,full,0.03012279148413885,0.1,True,False,True,True,False,False,,,0.68,,2026-10-08
BIIB,Biogen Inc.,Healthcare,Drug Manufacturers - General,222.14999389648438,216.50879974365233,195.9669502258301,228.69000244140625,-0.028597702020653593,-0.028597702020653593,950920.0,0.28540959631806784,0.1053924603004266,0.08343579091652509,1.5,STRUCTURAL LEADER,-0.8475750577367205,,-0.848,stmt,,0.034209034209034206,stmt,0.04575,0.083229996,0.44329,1.865,True,full,0.025767675434180046,0.42,False,False,True,True,False,False,,,0.68,,2026-10-08
BLK,BLK,,,1069.6300048828125,1106.383740234375,1051.271116027832,,,,,-0.23731763462345024,-0.06948380282584088,0.005594648279528602,-0.5,UNDERPERFORMING,,,,,,,,,,,,,,,,False,False,False,False,False,False,,price_below_sma50,0.68,,2026-10-08
AKAM,AKAM,,,104.61000061035156,111.49239974975586,111.9662001800537,,,,,0.191578784397465,-0.19452901058387195,-0.20306702596085535,-0.5,UNDERPERFORMING,,,,,,,,,,,,,,,,False,False,False,False,False,False,,price_below_sma50,0.68,,2026-10-08
VICI,VICI,,,22.639999389648438,24.792969627380373,26.447740688323975,,,,,-0.4167474784002573,-0.3128338254903127,-0.1449857869981067,-1.5,STRUCTURAL LAGGARD,,,,,,,,,,,,,,,,False,False,False,False,False,False,,price_below_sma50,0.68,,2026-10-08
DAL,DAL,,,82.97000122070312,83.85639999389649,75.74017684936524,,,,,0.30706588583074135,0.08056582466932749,-0.08263289739824498,0.5,OUTPERFORMING,,,,,,,,,,,,,,,,False,False,False,True,False,False,,price_below_sma50,0.68,,2026-10-08
SCHW,SCHW,,,95.58000183105469,105.81349807739258,97.8833092880249,,,,,-0.14439200147180098,-0.15988546913906032,-0.10247099982564956,-1.5,STRUCTURAL LAGGARD,,,,,,,,,,,,,,,,False,False,False,False,False,False,,price_below_sma50,0.68,,2026-10-08
FIS,FIS,,,33.81999969482422,39.03912490844726,45.3421746635437,,,,,-0.6615763121367036,-0.3849151405963115,-0.21712466058627322,-1.5,STRUCTURAL LAGGARD,,,,,,,,,,,,,,,,False,False,False,False,False,False,,price_below_sma50,0.68,,2026-10-08
INTC,Intel Corporation,Technology,Semiconductors,113.12000274658203,102.3052000427246,82.33975002288818,140.94000244140625,-0.197388954256546,-0.197388954256546,104624522.0,1.869227677633291,0.6838805331842477,-0.0021933724376421715,0.5,OUTPERFORMING,-2.2238805970149254,,,stmt,,0.2542188350571584,stmt,-0.10715,-0.19794,0.48997,1.604,False,full,0.05391872407667722,0.36,False,False,True,True,False,False,,,0.68,,2026-10-08
KKR,KKR,,,89.66999816894531,102.6271809387207,102.03827201843262,,,,,-0.4499047464648809,-0.17921878041788086,-0.1052921928191225,-1.5,STRUCTURAL LAGGARD,,,,,,,,,,,,,,,,False,False,False,False,False,False,,price_below_sma50,0.68,,2026-10-08
FFIV,"F5, Inc.",Technology,Software - Infrastructure,466.6499938964844,415.23620056152345,348.18139991760256,469.7900085449219,-0.00668386851853886,-0.00668386851853886,561286.0,0.236754590680613,0.4351532540425569,0.052194069597713444,1.5,STRUCTURAL LEADER,0.11550151975683887,,0.114,stmt,,0.10854722759716545,stmt,0.1983,0.21952999,0.06546,1.665,True,full,0.02721984798919049,0.0,True,False,True,True,False,False,,,0.68,,2026-10-08
DHR,DHR,,,218.49000549316406,209.8325067138672,200.75494255065917,240.60867309570312,-0.11736451810492543,-0.0919279729943121,3907320.0,-0.11980185096873841,-0.012422226247726043,0.06755411634037634,-0.5,UNDERPERFORMING,,,,,,,,,,,,,,,,False,False,True,False,False,False,,,0.68,,2026-10-08
HAS,HAS,,,90.75,91.75290222167969,89.43664405822754,,,,,0.07778608694269762,-0.15837155487864663,0.12588500135701897,0.5,OUTPERFORMING,,,,,,,,,,,,,,,,False,False,False,True,False,False,,price_below_sma50,0.68,,2026-10-08
COO,COO,,,54.75,66.0718002319336,70.98794992446899,,,,,-0.38083867472180866,-0.38274983680562535,-0.25765614679112614,-1.5,STRUCTURAL LAGGARD,,,,,,,,,,,,,,,,False,False,False,False,False,False,,price_below_sma50,0.68,,2026-10-08
CRH,CRH,,,81.45999908447266,91.55328536987305,107.01733570098877,,,,,-0.4660497205871824,-0.4382295552274491,-0.2509790183951077,-1.5,STRUCTURAL LAGGARD,,,,,,,,,,,,,,,,False,False,False,False,False,False,,price_below_sma50,0.68,,2026-10-08
WAB,WAB,,,282.44000244140625,289.62583923339844,262.1929522705078,,,,,0.2604918130337113,-0.1041226509688844,0.05033671236985948,0.5,OUTPERFORMING,,,,,,,,,,,,,,,,False,False,False,True,False,False,,price_below_sma50,0.68,,2026-10-08
BX,BX,,,111.83000183105469,131.1738021850586,125.99022716522217,,,,,-0.46845136139143373,-0.17357021049535382,-0.11426509320956868,-1.5,STRUCTURAL LAGGARD,,,,,,,,,,,,,,,,False,False,False,False,False,False,,price_below_sma50,0.68,,2026-10-08
WAT,Waters Corporation,Healthcare,Diagnostics & Research,435.989990234375,413.83880126953125,364.44815078735354,443.260009765625,-0.016401252923975762,-0.016401252923975762,762974.0,0.19544328702673974,0.22363566300857318,0.12616825636707207,1.5,STRUCTURAL LEADER,-1.562753036437247,,,stmt,,1.1335927367055771,stmt,0.019199999,0.03588,0.36045,1.861,True,full,0.029666476810707873,0.54,False,False,True,True,False,False,,,0.68,,2026-10-08
MDLZ,MDLZ,,,59.380001068115234,61.31944755554199,58.66979145050049,,,,,-0.19179915047206497,-0.12662020480452618,-0.013779867363914455,-1.5,STRUCTURAL LAGGARD,,,,,,,,,,,,,,,,False,False,False,False,False,False,,price_below_sma50,0.68,,2026-10-08
CCL,CCL,,,26.149999618530273,25.181940689086915,27.219203491210937,,,,,-0.24861779616586366,-0.19925512099974663,-0.05229515115915151,-1.5,STRUCTURAL LAGGARD,,,,,,,,,,,,,,,,False,False,False,False,False,False,,sma50_below_sma200,0.68,,2026-10-08
EFX,EFX,,,142.42999267578125,170.93342071533203,180.4487516784668,,,,,-0.5687760142669723,-0.3609319447371714,-0.17383841009183332,-1.5,STRUCTURAL LAGGARD,,,,,,,,,,,,,,,,False,False,False,False,False,False,,price_below_sma50,0.68,,2026-10-08
FOX,FOX,,,55.97999954223633,57.61329521179199,56.293395652771,,,,,-0.14705401831411913,-0.14379620131143267,0.12192178091637529,-0.5,UNDERPERFORMING,,,,,,,,,,,,,,,,False,False,False,False,False,False,,price_below_sma50,0.68,,2026-10-08
BAX,BAX,,,23.969999313354492,25.296460266113282,20.892095856666565,,,,,-0.12534481848073908,0.23789139845340168,0.028035351668863617,0.5,OUTPERFORMING,,,,,,,,,,,,,,,,False,False,False,True,False,False,,price_below_sma50,0.68,,2026-10-08
DIS,DIS,,,104.75,104.7370002746582,103.22835666656493,114.99882507324219,-0.14307879912376764,-0.0891211285568767,9163824.0,-0.22974512000678637,-0.09116507822847186,0.06342703656919091,-0.5,UNDERPERFORMING,,,,,,,,,,,,,,,,False,False,True,False,False,False,,,0.68,,2026-10-08
FIX,FIX,,,1741.3599853515625,1660.3257836914063,1567.3641500854492,2065.4404296875,-0.15690621703622343,-0.15690621703622343,368804.0,0.9629144214939378,-0.04189465168492901,-0.0399294756917431,-0.5,UNDERPERFORMING,,,,,,,,,,,,,,,,False,False,False,False,False,False,,"low_volume_368,804",0.68,,2026-10-08
ILMN,"Illumina, Inc.",Healthcare,Diagnostics & Research,267.760009765625,224.05980041503906,164.92014980316162,293.69000244140625,-0.08829034853154227,-0.08829034853154227,2991074.0,1.5954620728684483,1.0162042192829814,0.3757263081157254,1.5,STRUCTURAL LEADER,-0.08053691275167778,,-0.094,stmt,,0.04803073967339097,stmt,0.32339,0.18336001,0.89042,1.796,True,full,0.057210089368345166,0.98,False,False,True,True,False,False,,,0.68,,2026-10-08
MET,MET,,,95.77999877929688,96.43220077514648,83.2235453414917,,,,,0.016417009853749498,0.1519831617807732,0.019482193307528206,1.5,STRUCTURAL LEADER,,,,,,,,,,,,,,,,False,False,False,True,False,False,,price_below_sma50,0.68,,2026-10-08
BBY,BBY,,,84.58999633789062,86.85277313232422,71.6366685295105,,,,,0.01021549501151231,0.1933325173085434,0.00028301774363859167,1.5,STRUCTURAL LEADER,,,,,,,,,,,,,,,,False,False,False,True,False,False,,price_below_sma50,0.68,,2026-10-08
AWK,AWK,,,127.37999725341797,135.16615188598632,130.58657196044922,,,,,-0.2558704362373845,-0.22148345580683293,-0.05089916184705556,-1.5,STRUCTURAL LAGGARD,,,,,,,,,,,,,,,,False,False,False,False,False,False,,price_below_sma50,0.68,,2026-10-08
VLTO,VLTO,,,95.7300033569336,96.52261535644531,92.66760398864746,,,,,-0.25583977468751984,-0.07772065893170366,0.002022002882301477,-0.5,UNDERPERFORMING,,,,,,,,,,,,,,,,False,False,False,False,False,False,,price_below_sma50,0.68,,2026-10-08
BDX,BDX,,,180.16000366210938,180.66622375488282,161.1461954498291,,,,,0.04595240923763155,0.025022818019136528,0.16066873945854865,1.5,STRUCTURAL LEADER,,,,,,,,,,,,,,,,False,False,False,True,False,False,,price_below_sma50,0.68,,2026-10-08
MRNA,"Moderna, Inc.",Healthcare,Biotechnology,196.47999572753906,132.06670120239258,70.86477527618408,203.4600067138672,-0.03430655045708497,-0.03430655045708497,20834598.0,6.012452624825003,2.682600533471338,1.8459295036709364,1.5,STRUCTURAL LEADER,0.07511737089201874,,,stmt,,0.043795620437956206,stmt,-0.38998002,-1.41427,0.19036,2.295,False,full,0.08082139273930095,0.64,False,False,True,True,False,False,,,0.68,,2026-10-08
FDXF,FDXF,,,113.4800033569336,129.28600036621094,,,,,,,,-0.2731437647643947,-0.5,UNDERPERFORMING,,,,,,,,,,,,,,,,False,False,False,False,False,False,,price_below_sma50,0.68,,2026-10-08
NI,NI,,,40.540000915527344,41.3228345489502,44.42930957794189,,,,,-0.21914903221681548,-0.30163879932112714,-0.16187054101791698,-1.5,STRUCTURAL LAGGARD,,,,,,,,,,,,,,,,False,False,False,False,False,False,,price_below_sma50,0.68,,2026-10-08
CTVA,CTVA,,,14.449999809265137,73.02261789321899,76.9860995721817,,,,,-0.9535372984588966,-0.9758682051773324,-0.8633504177818521,-1.5,STRUCTURAL LAGGARD,,,,,,,,,,,,,,,,False,False,False,False,False,False,,price_below_sma50,0.68,,2026-10-08
OXY,OXY,,,58.209999084472656,58.396464309692384,53.8794725227356,,,,,0.13562100785787368,-0.1452016869280297,0.07358126561094736,0.5,OUTPERFORMING,,,,,,,,,,,,,,,,False,False,False,True,False,False,,price_below_sma50,0.68,,2026-10-08
SBAC,SBAC,,,170.3800048828125,179.17094879150392,188.8365096282959,,,,,-0.24728437996535058,-0.3588716742715038,-0.12927392120804415,-1.5,STRUCTURAL LAGGARD,,,,,,,,,,,,,,,,False,False,False,False,False,False,,price_below_sma50,0.68,,2026-10-08
HLT,HLT,,,320.5299987792969,317.18062072753906,316.33173629760745,350.06060791015625,-0.08435856095650285,-0.08435856095650285,1782096.0,0.06763411389180218,-0.15413734992144013,-0.07618307336061447,-0.5,UNDERPERFORMING,,,,,,,,,,,,,,,,False,False,True,False,False,False,,,0.68,,2026-10-08
SHW,SHW,,,315.0,337.83588256835935,331.8339598083496,,,,,-0.23050236654842315,-0.2060518103898773,-0.08673303682638323,-1.5,STRUCTURAL LAGGARD,,,,,,,,,,,,,,,,False,False,False,False,False,False,,price_below_sma50,0.68,,2026-10-08
EXC,EXC,,,41.4900016784668,43.29426483154297,44.88812812805176,,,,,-0.2548028246355424,-0.2937558298665821,-0.13707523114544962,-1.5,STRUCTURAL LAGGARD,,,,,,,,,,,,,,,,False,False,False,False,False,False,,price_below_sma50,0.68,,2026-10-08
NDSN,NDSN,,,327.69000244140625,316.8682287597656,287.0820809173584,334.42999267578125,-0.02015366558617604,-0.02015366558617604,382810.0,0.26307824659230583,0.044228883020106524,0.1147491921861108,1.5,STRUCTURAL LEADER,,,,,,,,,,,,,,,,False,False,False,True,False,False,,"low_volume_382,810",0.68,,2026-10-08
INVH,INVH,,,25.860000610351562,28.28428997039795,27.26103338241577,,,,,-0.21325845228631635,-0.1328079762642158,-0.14856429366472534,-1.5,STRUCTURAL LAGGARD,,,,,,,,,,,,,,,,False,False,False,False,False,False,,price_below_sma50,0.68,,2026-10-08
MTD,MTD,,,1533.47998046875,1419.6013940429686,1320.8421472167968,1545.260009765625,-0.007623331492712215,-0.007623331492712215,191394.0,-0.0027047550542085297,-0.00023859227742373257,0.15103044819352385,-0.5,UNDERPERFORMING,,,,,,,,,,,,,,,,False,False,False,False,False,False,,"low_volume_191,394",0.68,,2026-10-08
MKC,MKC,,,45.25,51.36380012512207,54.58725330352783,,,,,-0.4622356617085702,-0.2533637177883188,-0.16932865512444328,-1.5,STRUCTURAL LAGGARD,,,,,,,,,,,,,,,,False,False,False,False,False,False,,price_below_sma50,0.68,,2026-10-08
ROL,ROL,,,30.8700008392334,34.7357950592041,48.85703865051269,,,,,-0.6339276195703439,-0.5909949473767545,-0.3344967656395078,-1.5,STRUCTURAL LAGGARD,,,,,,,,,,,,,,,,False,False,False,False,False,False,,price_below_sma50,0.68,,2026-10-08
KHC,KHC,,,21.979999542236328,24.508201065063478,23.238352289199828,,,,,-0.2502191167371751,-0.1718549009203728,-0.13340721778019937,-1.5,STRUCTURAL LAGGARD,,,,,,,,,,,,,,,,False,False,False,False,False,False,,price_below_sma50,0.68,,2026-10-08
WMB,WMB,,,71.45999908447266,71.77747146606445,70.45694736480714,,,,,-0.022979568857509625,-0.15316346283357618,-0.07259169800755372,-1.5,STRUCTURAL LAGGARD,,,,,,,,,,,,,,,,False,False,False,False,False,False,,price_below_sma50,0.68,,2026-10-08
CFG,CFG,,,63.06999969482422,69.31740005493164,64.65849491119384,,,,,0.04871245992739537,-0.16482510844894205,-0.12958858831667153,-0.5,UNDERPERFORMING,,,,,,,,,,,,,,,,False,False,False,False,False,False,,price_below_sma50,0.68,,2026-10-08
GPN,GPN,,,81.08000183105469,87.72523529052734,76.05534337997436,,,,,-0.24173727665991007,0.09002745786684163,0.03724481882992481,0.5,OUTPERFORMING,,,,,,,,,,,,,,,,False,False,False,True,False,False,,price_below_sma50,0.68,,2026-10-08
GS,GS,,,887.2100219726562,992.0632775878906,952.5817846679688,,,,,-0.028440434402613013,-0.15802558036595293,-0.1871231812505837,-1.5,STRUCTURAL LAGGARD,,,,,,,,,,,,,,,,False,False,False,False,False,False,,price_below_sma50,0.68,,2026-10-08
SMCI,SMCI,,,44.939998626708984,37.38079959869385,32.20669985771179,58.68000030517578,-0.2597595238936027,-0.23415135662933662,,-0.358034770457913,0.7864877799349304,0.5553698709452795,0.5,OUTPERFORMING,,,,,,,,,,,,,,,,False,False,False,True,False,False,,too_far_from_52w_high_-23.4pct,0.68,,2026-10-08
BSX,BSX,,,41.58000183105469,46.68339973449707,60.945300006866454,,,,,-0.7405103925889649,-0.4703878873766877,-0.10330808852641093,-1.5,STRUCTURAL LAGGARD,,,,,,,,,,,,,,,,False,False,False,False,False,False,,price_below_sma50,0.68,,2026-10-08
XEL,XEL,,,72.41999816894531,74.87718811035157,76.95333614349366,,,,,-0.26180925557685375,-0.26025325577539626,-0.12019204378129833,-1.5,STRUCTURAL LAGGARD,,,,,,,,,,,,,,,,False,False,False,False,False,False,,price_below_sma50,0.68,,2026-10-08
JNJ,JNJ,,,258.45001220703125,264.91346649169924,240.46645210266112,,,,,0.2250043824380532,-0.06641156363184031,-0.021374623020190775,-0.5,UNDERPERFORMING,,,,,,,,,,,,,,,,False,False,False,False,False,False,,price_below_sma50,0.68,,2026-10-08
LUV,LUV,,,41.720001220703125,41.90198699951172,43.181323280334475,,,,,0.13695250212836507,-0.10194810630095286,-0.16657062888641005,-0.5,UNDERPERFORMING,,,,,,,,,,,,,,,,False,False,False,False,False,False,,price_below_sma50,0.68,,2026-10-08
CHRW,CHRW,,,135.17999267578125,148.61587036132812,170.77718368530273,,,,,-0.14829245530875856,-0.3485131836869003,-0.33043714263183277,-1.5,STRUCTURAL LAGGARD,,,,,,,,,,,,,,,,False,False,False,False,False,False,,price_below_sma50,0.68,,2026-10-08
ORCL,ORCL,,,143.55999755859375,145.11120010375976,161.65334163665773,,,,,-0.6632642815117081,-0.10394362859498396,-0.01129283179898688,-1.5,STRUCTURAL LAGGARD,,,,,,,,,,,,,,,,False,False,False,False,False,False,,price_below_sma50,0.68,,2026-10-08
MRSH,MRSH,,,173.66000366210938,182.08743530273438,174.76378646850586,,,,,-0.303496108393545,-0.13435210431566125,-0.04691108810907263,-1.5,STRUCTURAL LAGGARD,,,,,,,,,,,,,,,,False,False,False,False,False,False,,price_below_sma50,0.68,,2026-10-08
PPG,PPG,,,105.08000183105469,110.27159637451172,110.98441917419433,,,,,-0.11381216486510493,-0.17878596101323574,-0.12649195244847178,-1.5,STRUCTURAL LAGGARD,,,,,,,,,,,,,,,,False,False,False,False,False,False,,price_below_sma50,0.68,,2026-10-08
AEE,AEE,,,101.31999969482422,104.90907211303711,106.58274211883545,,,,,-0.17799723637565534,-0.2500495213067718,-0.12857723243929708,-1.5,STRUCTURAL LAGGARD,,,,,,,,,,,,,,,,False,False,False,False,False,False,,price_below_sma50,0.68,,2026-10-08
ADP,ADP,,,264.0,270.61074096679687,235.07744667053223,,,,,-0.24672303189008848,0.2167913387562328,0.0661987652975089,0.5,OUTPERFORMING,,,,,,,,,,,,,,,,False,False,False,True,False,False,,price_below_sma50,0.68,,2026-10-08
BKNG,BKNG,,,155.8699951171875,187.45601623535157,181.00317001342773,,,,,-0.42391090609495985,-0.26194096443964787,-0.15618517830805467,-1.5,STRUCTURAL LAGGARD,,,,,,,,,,,,,,,,False,False,False,False,False,False,,price_below_sma50,0.68,,2026-10-08
DXCM,DXCM,,,84.30000305175781,87.07240005493163,73.33265003204346,,,,,0.10260543524043597,0.13458304245596286,0.09254479232375123,1.5,STRUCTURAL LEADER,,,,,,,,,,,,,,,,False,False,False,True,False,False,,price_below_sma50,0.68,,2026-10-08
VRT,VRT,,,246.49000549316406,258.8401077270508,265.94661628723145,,,,,0.37908526582436,-0.2915850422789583,-0.25883028357112137,-0.5,UNDERPERFORMING,,,,,,,,,,,,,,,,False,False,False,False,False,False,,price_below_sma50,0.68,,2026-10-08
MGM,MGM,,,30.0,40.03820014953613,39.65350004196167,,,,,-0.2682899164583027,-0.33656505685448546,-0.3921233226421329,-1.5,STRUCTURAL LAGGARD,,,,,,,,,,,,,,,,False,False,False,False,False,False,,price_below_sma50,0.68,,2026-10-08
TXT,TXT,,,73.02999877929688,81.99656509399414,89.38146545410156,,,,,-0.31442771770876676,-0.3496125514375322,-0.22853021934846696,-1.5,STRUCTURAL LAGGARD,,,,,,,,,,,,,,,,False,False,False,False,False,False,,price_below_sma50,0.68,,2026-10-08
JPM,JPM,,,329.5799865722656,349.09154357910154,318.89900939941407,,,,,-0.0823141155880498,-0.07677528361274599,-0.047645643165192264,-1.5,STRUCTURAL LAGGARD,,,,,,,,,,,,,,,,False,False,False,False,False,False,,price_below_sma50,0.68,,2026-10-08
COF,COF,,,195.91000366210938,210.18182556152342,203.75684852600097,,,,,-0.24304191450239998,-0.13496650621322392,-0.056460419327355016,-1.5,STRUCTURAL LAGGARD,,,,,,,,,,,,,,,,False,False,False,False,False,False,,price_below_sma50,0.68,,2026-10-08
EG,EG,,,362.29998779296875,371.30013061523437,345.4018684387207,,,,,-0.16345991641745372,-0.05702172202372724,-0.049082584847650046,-1.5,STRUCTURAL LAGGARD,,,,,,,,,,,,,,,,False,False,False,False,False,False,,price_below_sma50,0.68,,2026-10-08
HRL,HRL,,,19.549999237060547,22.32359992980957,22.767918090820313,,,,,-0.31676122704020027,-0.19926201301419233,-0.2320386578246817,-1.5,STRUCTURAL LAGGARD,,,,,,,,,,,,,,,,False,False,False,False,False,False,,price_below_sma50,0.68,,2026-10-08
KVUE,KVUE,,,17.530000686645508,18.31336944580078,17.549037857055666,,,,,-0.027798649749062543,-0.10743089034713171,-0.11126981583375228,-1.5,STRUCTURAL LAGGARD,,,,,,,,,,,,,,,,False,False,False,False,False,False,,price_below_sma50,0.68,,2026-10-08
EXR,EXR,,,131.6999969482422,140.17447326660155,138.9120844268799,,,,,-0.2087317629873926,-0.18132821232822793,-0.10646114022317699,-1.5,STRUCTURAL LAGGARD,,,,,,,,,,,,,,,,False,False,False,False,False,False,,price_below_sma50,0.68,,2026-10-08
A,"Agilent Technologies, Inc.",Healthcare,Diagnostics & Research,169.08999633789062,154.16604400634765,132.84862369537353,174.9491729736328,-0.0334907364016247,-0.0334907364016247,2256276.0,0.05540855763331343,0.3214730059135331,0.22896295973480374,1.5,STRUCTURAL LEADER,0.08474576271186449,,0.085,stmt,,0.0805523590333717,stmt,0.20971,0.19533001,0.56336,2.05,True,full,0.03291712797790882,0.88,False,False,True,True,False,False,,,0.68,,2026-10-08
GPC,GPC,,,125.41000366210938,131.38713439941407,118.0831314086914,,,,,-0.2185643723669597,0.027977747779692752,-0.025955496617359186,-0.5,UNDERPERFORMING,,,,,,,,,,,,,,,,False,False,False,False,False,False,,price_below_sma50,0.68,,2026-10-08
RCL,RCL,,,282.32000732421875,279.3865975952148,284.0440941619873,,,,,-0.2591700037562279,-0.11418811961988906,-0.03686390569972364,-1.5,STRUCTURAL LAGGARD,,,,,,,,,,,,,,,,False,False,False,False,False,False,,sma50_below_sma200,0.68,,2026-10-08
ACGL,ACGL,,,94.33000183105469,97.60079986572265,96.34614974975585,,,,,-0.17164280311660796,-0.19454198094351427,-0.09864911052190317,-1.5,STRUCTURAL LAGGARD,,,,,,,,,,,,,,,,False,False,False,False,False,False,,price_below_sma50,0.68,,2026-10-08
DTE,DTE,,,127.23999786376953,132.71319366455077,138.71689990997314,,,,,-0.24983204949466098,-0.29167483818721407,-0.1775668802748237,-1.5,STRUCTURAL LAGGARD,,,,,,,,,,,,,,,,False,False,False,False,False,False,,price_below_sma50,0.68,,2026-10-08
EBAY,EBAY,,,107.5999984741211,106.81228988647462,100.93528385162354,118.27152252197266,-0.09022902403128352,-0.09022902403128352,4619258.0,-0.0028568779425546253,-0.016601082407217138,-0.11117494062061295,-1.5,STRUCTURAL LAGGARD,,,,,,,,,,,,,,,,False,False,True,False,False,False,,,0.68,,2026-10-08
CASY,CASY,,,633.25,731.4438061523438,732.7228500366211,,,,,-0.02866938326550761,-0.31312210955818187,-0.25905960759915003,-1.5,STRUCTURAL LAGGARD,,,,,,,,,,,,,,,,False,False,False,False,False,False,,price_below_sma50,0.68,,2026-10-08
BNY,BNY,,,142.72000122070312,156.56539978027342,136.54895793914795,,,,,0.18501961828502145,-0.030100865013614087,-0.08887402116705301,-0.5,UNDERPERFORMING,,,,,,,,,,,,,,,,False,False,False,False,False,False,,price_below_sma50,0.68,,2026-10-08
MCK,McKesson Corporation,Healthcare,Medical Distribution,910.3300170898438,880.979248046875,847.5560360717774,993.5343017578125,-0.08374575947781515,-0.08374575947781515,929252.0,0.04425369871372875,-0.10440409499327985,0.09864318113175274,0.5,OUTPERFORMING,-0.17675159235668794,,-0.176,stmt,,0.07720772383902194,stmt,,0.01117,,0.893,True,partial,0.026054139207730392,0.54,False,False,True,True,False,False,,,0.68,,2026-10-08
MO,MO,,,69.37999725341797,67.42924079895019,65.61858568191528,73.74224853515625,-0.05915538742568449,-0.05915538742568449,8874800.0,-0.06272567457981504,-0.0883995990264419,-0.05019019782427747,-1.5,STRUCTURAL LAGGARD,,,,,,,,,,,,,,,,False,False,True,False,False,False,,,0.68,,2026-10-08
TMUS,TMUS,,,167.64999389648438,175.09301818847655,188.98254135131836,,,,,-0.422191330117336,-0.29069421690976294,-0.1332885068992753,-1.5,STRUCTURAL LAGGARD,,,,,,,,,,,,,,,,False,False,False,False,False,False,,price_below_sma50,0.68,,2026-10-08
KIM,KIM,,,21.850000381469727,23.44450714111328,22.858400745391847,,,,,-0.1028131621026418,-0.18008600997465252,-0.14343771488359425,-1.5,STRUCTURAL LAGGARD,,,,,,,,,,,,,,,,False,False,False,False,False,False,,price_below_sma50,0.68,,2026-10-08
AMZN,AMZN,,,259.9200134277344,258.00879974365233,241.84800003051757,284.0199890136719,-0.08485309667685892,-0.08485309667685892,39649832.0,-0.0021147553962352905,-0.03647952195048254,0.027372754810650157,-0.5,UNDERPERFORMING,,,,,,,,,,,,,,,,False,False,True,False,False,False,,,0.68,,2026-10-08
PNC,PNC,,,217.72000122070312,240.17119995117187,226.18414421081542,,,,,-0.013753174083214637,-0.15826798853101864,-0.1608875968180452,-1.5,STRUCTURAL LAGGARD,,,,,,,,,,,,,,,,False,False,False,False,False,False,,price_below_sma50,0.68,,2026-10-08
KDP,KDP,,,30.540000915527344,31.091298561096192,29.04551836013794,,,,,0.07000927158296055,0.023704893308376773,-0.060743216004546574,0.5,OUTPERFORMING,,,,,,,,,,,,,,,,False,False,False,True,False,False,,price_below_sma50,0.68,,2026-10-08
APA,APA Corporation,Energy,Oil & Gas E&P,43.810001373291016,42.098000030517575,35.355414924621584,47.40999984741211,-0.07593331545470572,-0.07593331545470572,5696308.0,0.6336467188915396,-0.009224493403439338,0.2872736043425166,0.5,OUTPERFORMING,0.26347305389221554,,0.263,stmt,,0.08953168044077135,stmt,0.26659,0.19564,0.48854,0.946,True,full,0.03313006691747779,0.18,True,False,True,True,False,False,,,0.68,,2026-10-08
NWS,NWS,,,31.520000457763672,32.96847492218018,30.099037837982177,,,,,-0.1468483951591084,-0.035714577819121684,-0.009913899491910794,-1.5,STRUCTURAL LAGGARD,,,,,,,,,,,,,,,,False,False,False,False,False,False,,price_below_sma50,0.68,,2026-10-08
CSX,CSX,,,46.810001373291016,49.09251647949219,44.257746086120605,,,,,0.14327029409268977,-0.04083934126710753,-0.08208240373295905,-0.5,UNDERPERFORMING,,,,,,,,,,,,,,,,False,False,False,False,False,False,,price_below_sma50,0.68,,2026-10-08
QCOM,QCOM,,,177.1199951171875,171.7729183959961,167.96468830108643,248.7425079345703,-0.2879383721427402,-0.2879383721427402,,-0.08132457905434487,0.2502397147217228,-0.09060877490688268,-0.5,UNDERPERFORMING,,,,,,,,,,,,,,,,False,False,False,False,False,False,,too_far_from_52w_high_-28.8pct,0.68,,2026-10-08
BAC,BAC,,,53.52000045776367,60.19424758911133,54.81665798187256,,,,,-0.08717454568813032,-0.12306260322748064,-0.13054567339311662,-1.5,STRUCTURAL LAGGARD,,,,,,,,,,,,,,,,False,False,False,False,False,False,,price_below_sma50,0.68,,2026-10-08
FERG,FERG,,,215.05999755859375,230.95580474853514,236.2409449005127,,,,,-0.22878708035272555,-0.29471195051855803,-0.08304266534025195,-1.5,STRUCTURAL LAGGARD,,,,,,,,,,,,,,,,False,False,False,False,False,False,,price_below_sma50,0.68,,2026-10-08
FTV,FTV,,,56.52000045776367,58.02066139221191,58.20446117401123,,,,,-0.029751713541753322,-0.2084429614954868,-0.12226715167736912,-1.5,STRUCTURAL LAGGARD,,,,,,,,,,,,,,,,False,False,False,False,False,False,,price_below_sma50,0.68,,2026-10-08
FRT,FRT,,,105.11000061035156,114.12111053466796,110.30080509185791,,,,,-0.051016972798736404,-0.15040509929395762,-0.15353576891909082,-1.5,STRUCTURAL LAGGARD,,,,,,,,,,,,,,,,False,False,False,False,False,False,,price_below_sma50,0.68,,2026-10-08
INTU,INTU,,,297.239990234375,322.54319946289064,386.1737868499756,,,,,-0.7172727759953635,-0.3234637151118198,0.04897491739769899,-0.5,UNDERPERFORMING,,,,,,,,,,,,,,,,False,False,False,False,False,False,,price_below_sma50,0.68,,2026-10-08
ALL,ALL,,,223.9499969482422,250.74230926513673,223.34638191223144,,,,,-0.09621512339891658,-0.095086847004902,-0.138282741343698,-1.5,STRUCTURAL LAGGARD,,,,,,,,,,,,,,,,False,False,False,False,False,False,,price_below_sma50,0.68,,2026-10-08
EXPE,EXPE,,,258.8599853515625,296.7297930908203,258.9713651275635,,,,,0.032342312966944675,-0.020694394601241672,-0.07487465313051844,-0.5,UNDERPERFORMING,,,,,,,,,,,,,,,,False,False,False,False,False,False,,price_below_sma50,0.68,,2026-10-08
LITE,Lumentum Holdings Inc.,Technology,Communication Equipment,1111.0699462890625,903.210703125,757.2410758972168,1133.4000244140625,-0.019701850753483185,-0.019701850753483185,4765192.0,5.896036970963158,0.09371410926837109,0.35330165854709183,1.5,STRUCTURAL LEADER,-28.66339869281046,,,stmt,,1.0934054503848554,stmt,-2.40027,-2.3009598,0.35987,1.678,False,full,0.054323766842959295,0.02,True,False,True,True,False,False,,,0.68,,2026-10-08
MMM,MMM,,,162.1199951171875,172.20348937988283,159.50619453430176,,,,,-0.11110721680085223,-0.061392431005356185,0.0016529695373843634,-0.5,UNDERPERFORMING,,,,,,,,,,,,,,,,False,False,False,False,False,False,,price_below_sma50,0.68,,2026-10-08
CNP,CNP,,,38.529998779296875,39.2482307434082,41.01741403579712,,,,,-0.174688344207364,-0.2657841378224455,-0.14183321171158492,-1.5,STRUCTURAL LAGGARD,,,,,,,,,,,,,,,,False,False,False,False,False,False,,price_below_sma50,0.68,,2026-10-08
HWM,HWM,,,222.75,254.57838958740234,248.81474006652832,,,,,-0.008236499730899016,-0.27134107046105327,-0.2092465114821489,-1.5,STRUCTURAL LAGGARD,,,,,,,,,,,,,,,,False,False,False,False,False,False,,price_below_sma50,0.68,,2026-10-08
